test_index,method,truth,estimate,sd,q05,q95,covers90,width90
0,rough pilot-only NPE,"[332.15273677999994,70.39821371,184.62656960000004]","[372.13077293682335,69.53896534216135,144.2298596234732]","[45.349820219167896,24.55622951526887,18.340119587562594]","[302.0994133831691,31.813661163025245,120.36712821302866]","[452.9419549447903,109.46808318559975,179.1536441976449]","[true,true,false]","[150.8425415616212,77.65442202257451,58.78651598461623]"
1,rough pilot-only NPE,"[332.15273677999994,70.39821371,184.62656960000004]","[367.25646156564716,43.49002698741074,125.36902858245747]","[44.71812888325229,21.606418860926183,9.827326798999545]","[298.03673383793665,7.465229765460472,114.41985912646373]","[445.2980928965172,78.87907500020617,143.8047086059862]","[true,true,false]","[147.26135905858052,71.4138452347457,29.384849479522472]"
2,rough pilot-only NPE,"[332.15273677999994,70.39821371,184.62656960000004]","[443.4618962757073,85.62276251110796,241.9830310948914]","[48.48631810992611,36.05844174976863,28.586162519382576]","[362.92228297563895,27.477229796009127,190.5741390784091]","[519.6089844345706,144.1355379031881,287.13522195322895]","[false,true,false]","[156.68670145893168,116.65830810717897,96.56108287481985]"
3,rough pilot-only NPE,"[332.15273677999994,70.39821371,184.62656960000004]","[245.79315689608217,59.94091799451462,213.73279887337065]","[25.788894689106574,23.127165931672916,27.035942680023528]","[211.47724650007436,24.329863055221153,171.1188176243705]","[290.8290403042307,99.4166123516702,259.9616714656165]","[false,true,true]","[79.35179380415636,75.08674929644904,88.84285384124601]"
4,rough pilot-only NPE,"[332.15273677999994,70.39821371,184.62656960000004]","[255.31889424328628,78.82811373938793,191.1064458278747]","[29.326140850132578,22.244075641837423,24.919923390118473]","[215.0807759247431,44.28688227541798,153.52413839382297]","[307.11363440948054,116.17915574285402,234.56286476017578]","[false,true,true]","[92.03285848473743,71.89227346743604,81.03872636635282]"
5,rough pilot-only NPE,"[332.15273677999994,70.39821371,184.62656960000004]","[331.3403659727153,101.21094912706005,225.13858630547463]","[43.662641495569666,28.85664514217909,29.216582498407686]","[265.1023000029257,56.22540056701107,176.2222867736905]","[408.5728400563479,150.91829228936245,272.66240215579603]","[true,true,true]","[143.4705400534222,94.69289172235139,96.44011538210552]"
6,rough pilot-only NPE,"[332.15273677999994,70.39821371,184.62656960000004]","[323.6891594676793,76.40147901763319,183.3145404122944]","[42.10115083436557,26.580059094100584,25.839756469246627]","[260.99063302326687,36.115939317285694,146.20190143360017]","[401.687488874888,121.16445005652594,228.83879254883718]","[true,true,true]","[140.69685585162114,85.04851073924024,82.636891115237]"
7,rough pilot-only NPE,"[332.15273677999994,70.39821371,184.62656960000004]","[318.99242770490923,36.088505817335275,212.84816993160192]","[46.550538783175284,29.158067718712076,29.51425273440402]","[251.7969402082103,-7.714494809096176,166.21832320774124]","[405.7654165441787,85.61678013120485,263.14664771233817]","[true,true,true]","[153.96847633596843,93.33127494030103,96.92832450459693]"
8,rough pilot-only NPE,"[332.15273677999994,70.39821371,184.62656960000004]","[411.96264443294615,11.65883903213526,186.41312882872893]","[50.36588266491119,27.896656114177166,29.55007177988241]","[330.2530950210841,-31.393744144909128,143.6917086955283]","[494.9115573179676,58.88356831741272,238.1928546103052]","[true,false,true]","[164.6584622968835,90.27731246232185,94.50114591477691]"
9,rough pilot-only NPE,"[332.15273677999994,70.39821371,184.62656960000004]","[349.0121420206555,31.822399182706164,143.91540804913947]","[46.31680705348444,23.999881743629867,18.69022967347244]","[279.26400916799963,-4.616368384266392,120.7155243232801]","[432.36719945653954,71.42068295057327,179.69288807960285]","[true,true,false]","[153.1031902885399,76.03705133483966,58.977363756322745]"
10,rough pilot-only NPE,"[332.15273677999994,70.39821371,184.62656960000004]","[332.94214455099984,87.25320335491978,183.0123148114376]","[43.060451641993986,26.77290880781737,25.654207582349393]","[268.2511044428532,45.873647810097324,145.12936296162113]","[411.4687606929188,132.66504196766365,228.54850446342272]","[true,true,true]","[143.2176562500656,86.79139415756633,83.41914150180159]"
11,rough pilot-only NPE,"[332.15273677999994,70.39821371,184.62656960000004]","[339.9750904963892,96.09808571053618,163.89654974804102]","[42.3386420679628,24.722270368216392,21.966865266872894]","[274.6992651614713,58.100125301943045,133.41819185329788]","[415.5998329853808,138.6600740947954,203.36969855288334]","[true,true,true]","[140.90056782390946,80.55994879285234,69.95150669958545]"
12,rough pilot-only NPE,"[332.15273677999994,70.39821371,184.62656960000004]","[399.62236087150325,77.24986540066502,234.94210702480777]","[52.09505495411601,34.68891075348574,29.884048778459157]","[317.630295729513,21.816434976222375,182.27697499702452]","[488.24545409575546,135.963988479274,281.87563506156397]","[true,true,true]","[170.61515836624244,114.14755350305163,99.59866006453944]"
13,rough pilot-only NPE,"[332.15273677999994,70.39821371,184.62656960000004]","[306.80999527862093,65.9085791279932,148.0950270416692]","[39.49871358976598,22.51580241569041,18.516284761702927]","[249.58176976538616,31.329528012835613,123.98278544875811]","[379.62103495167986,104.23797844330664,182.27012694020374]","[true,true,false]","[130.0392651862937,72.90845043047104,58.28734149144563]"
14,rough pilot-only NPE,"[332.15273677999994,70.39821371,184.62656960000004]","[276.41997855225077,67.50763981512262,162.5115056283641]","[35.258533875914026,22.157335962867496,19.96322758238559]","[226.10349213403822,34.438919633759035,134.09555457008634]","[340.17421470514006,104.49691205416464,197.88454122441303]","[true,true,true]","[114.07072257110184,70.05799242040561,63.78898665432669]"
15,rough pilot-only NPE,"[332.15273677999994,70.39821371,184.62656960000004]","[338.6931084102639,62.401227809953355,200.75025002932267]","[45.557083154836036,29.182380027764882,28.77583266218323]","[268.21106985642217,17.721563443894762,157.09868329887166]","[420.9760516704187,112.26913747237121,250.12451339012966]","[true,true,true]","[152.76498181399654,94.54757402847645,93.025830091258]"
16,rough pilot-only NPE,"[332.15273677999994,70.39821371,184.62656960000004]","[341.32995034517796,80.07955588046738,247.3152556701004]","[47.61009451054876,32.049603195402916,28.39370540548051]","[266.8030451403223,29.668709169062144,194.43726404630178]","[426.3616209454518,135.40679646791628,289.4283870741616]","[true,true,false]","[159.55857580512952,105.73808729885414,94.99112302785983]"
17,rough pilot-only NPE,"[332.15273677999994,70.39821371,184.62656960000004]","[358.6039905010817,93.67200197041299,181.81812379221998]","[45.117741066634075,27.175584596937505,25.52553570954778]","[288.645214656877,50.8996710648463,143.52530406150763]","[437.4813509149688,139.84908274728411,226.8846127458854]","[true,true,true]","[148.8361362580918,88.94941168243781,83.35930868437777]"
18,rough pilot-only NPE,"[332.15273677999994,70.39821371,184.62656960000004]","[280.83037437052457,65.0140926846546,217.43875196341193]","[36.87978989659962,26.668466263766174,27.940992536822765]","[228.52452482571462,24.952792727355526,172.65981017921354]","[349.11412494634175,110.09002614892212,264.55975438501434]","[true,true,true]","[120.58960012062713,85.13723342156659,91.89994420580081]"
19,rough pilot-only NPE,"[332.15273677999994,70.39821371,184.62656960000004]","[337.97784304046183,42.99024571852297,162.23717171937926]","[45.75508855147093,25.87255076743411,22.63517765952785]","[271.6769381631607,4.373856791961466,132.75863690409983]","[423.0079416256354,85.06704345313109,204.35665305838512]","[true,true,true]","[151.3310034624747,80.69318666116962,71.59801615428529]"
20,rough pilot-only NPE,"[332.15273677999994,70.39821371,184.62656960000004]","[412.19999571767516,100.22237455617679,217.07768997510848]","[49.06038794369036,32.11747651844571,29.291316990972202]","[334.9934404477225,50.37827587048825,168.6488505269776]","[494.3381441858701,156.1490921135569,265.12783555705875]","[false,true,true]","[159.3447037381476,105.77081624306864,96.47898503008113]"
21,rough pilot-only NPE,"[332.15273677999994,70.39821371,184.62656960000004]","[319.8479118009442,50.822402624879956,176.9602530805119]","[43.88935778763168,26.56767348508203,25.105292672617985]","[257.3456453106608,11.616687997737081,142.49061030268666]","[402.4238417421875,95.5705387808622,223.6344702759764]","[true,true,true]","[145.0781964315267,83.95385078312512,81.14385997328975]"
22,rough pilot-only NPE,"[332.15273677999994,70.39821371,184.62656960000004]","[315.48316114685457,47.92245646739464,175.47413785837608]","[43.27386421652812,26.220228322459644,24.920539893779747]","[253.8610579008233,7.758125352185285,141.67284613557976]","[396.63909857028443,92.09962079333475,220.14977938045536]","[true,true,true]","[142.77804066946112,84.34149544114946,78.4769332448756]"
23,rough pilot-only NPE,"[332.15273677999994,70.39821371,184.62656960000004]","[369.54588682297526,27.94884489659506,170.17255110552247]","[49.57188907106781,26.56071223038407,25.15244352603989]","[292.430165609045,-13.17700393266693,136.25683324756625]","[455.48584139533983,71.3400304576041,216.32699177802942]","[true,true,true]","[163.05567578629484,84.51703439027104,80.07015853046317]"
24,rough pilot-only NPE,"[332.15273677999994,70.39821371,184.62656960000004]","[328.6719458033384,70.30824321601285,184.14313996755817]","[43.495231320817574,26.69113361175532,25.952254876847963]","[264.84329374447054,28.643354727508918,146.29699209019515]","[407.90530303500526,114.8477269292317,230.87596759319052]","[true,true,true]","[143.06200929053472,86.20437220172278,84.57897550299538]"
25,rough pilot-only NPE,"[332.15273677999994,70.39821371,184.62656960000004]","[310.12605086328085,100.94618854546727,222.88236886971308]","[40.4908265991548,27.254803356645734,28.680998473135766]","[248.25616595160145,57.45818328702597,175.74649113889285]","[382.1373497559407,147.3181646851027,270.2592067150937]","[true,true,true]","[133.88118380433926,89.85998139807671,94.51271557620083]"
26,rough pilot-only NPE,"[332.15273677999994,70.39821371,184.62656960000004]","[264.62028794082903,-9.593288214407345,231.75970860501673]","[37.027684809678746,21.674927888692686,28.128229373719716]","[215.40085157755445,-41.259542263252975,185.13120040388978]","[333.17600629954035,29.148155502539993,278.72999479995457]","[true,false,false]","[117.7751547219859,70.40769776579296,93.59879439606479]"
27,rough pilot-only NPE,"[332.15273677999994,70.39821371,184.62656960000004]","[363.77010255094416,73.56746890346953,208.00053351364681]","[47.005268811920985,30.62745120587136,29.248455939806767]","[290.81418295850835,26.020757460142562,161.88951504200844]","[447.0228882508932,125.4090859530876,257.049953381291]","[true,true,true]","[156.20870529238482,99.38832849294504,95.16043833928256]"
28,rough pilot-only NPE,"[332.15273677999994,70.39821371,184.62656960000004]","[312.28600349754197,-3.7731271132269852,174.84605107687435]","[45.69426633439319,21.985182124505094,26.097740940172766]","[246.27669053016987,-36.24192506808764,137.68661731358443]","[396.50462360308455,36.70419067725429,222.24322252015136]","[true,false,true]","[150.22793307291468,72.94611574534193,84.55660520656693]"
29,rough pilot-only NPE,"[332.15273677999994,70.39821371,184.62656960000004]","[359.2212580756775,67.46640337832197,175.8481879529005]","[45.63014339384531,27.727797319060123,25.57475269743958]","[290.6117961504449,23.684842156872644,140.143988979653]","[442.8311281326153,112.83678670050317,221.67823189853456]","[true,true,true]","[152.2193319821704,89.15194454363052,81.53424291888157]"
30,rough pilot-only NPE,"[332.15273677999994,70.39821371,184.62656960000004]","[358.1975846243412,36.665824220103204,139.33330018502846]","[46.18589616818596,23.735750295675363,17.058233207888645]","[288.36377371296015,-1.431552976867414,117.94938284825257]","[439.52307594731485,76.08270382958047,171.7256609859642]","[true,true,false]","[151.1593022343547,77.51425680644788,53.77627813771163]"
31,rough pilot-only NPE,"[332.15273677999994,70.39821371,184.62656960000004]","[365.8179115956641,101.88391140619501,198.52876192501873]","[45.41531604823897,28.802769909142683,27.469321838740385]","[295.99008563334667,57.52997632433273,156.44031762375616]","[444.7450823577683,151.17016183762513,244.53323914653308]","[true,true,true]","[148.75499672442163,93.64018551329241,88.09292152277692]"
32,rough pilot-only NPE,"[332.15273677999994,70.39821371,184.62656960000004]","[304.2879226415371,50.33944584230246,193.22655612457046]","[42.94408206634325,27.29238620973685,27.324647543456887]","[242.12128947420496,9.74125036401289,153.45783708238218]","[387.37465867508536,96.5377031391834,241.69859386924128]","[true,true,true]","[145.2533692008804,86.79645277517052,88.2407567868591]"
33,rough pilot-only NPE,"[332.15273677999994,70.39821371,184.62656960000004]","[293.9712796337547,106.60177158497227,204.39938042139403]","[37.31849521956058,24.572760778338406,26.080006462744944]","[238.31729918482412,67.44356328365788,163.1952394155848]","[361.0886050625294,147.94322457730274,247.75151854730396]","[true,true,true]","[122.77130587770526,80.49966129364486,84.55627913171915]"
34,rough pilot-only NPE,"[332.15273677999994,70.39821371,184.62656960000004]","[273.90305015537797,39.17937268058372,168.3055982538748]","[37.947036695542735,23.56225841660427,21.919668119971355]","[221.41157476519163,3.610812303409415,138.15297385076204]","[346.8004480227457,80.51300768799243,208.8436954213072]","[true,true,true]","[125.38887325755405,76.90219538458301,70.69072157054515]"
35,rough pilot-only NPE,"[332.15273677999994,70.39821371,184.62656960000004]","[345.7475594125306,59.15568741684813,170.81916353457086]","[46.058955320717985,27.184341935725612,24.256376328167132]","[277.9598590730572,18.56120291458515,137.51437578296074]","[431.2620464709233,104.10157463569993,215.06470782322944]","[true,true,true]","[153.30218739786608,85.54037172111478,77.5503320402687]"
36,rough pilot-only NPE,"[332.15273677999994,70.39821371,184.62656960000004]","[318.41323453377856,59.6917088296118,166.57922337341827]","[41.91738133292621,25.71114719774256,22.575406915277828]","[256.6051290890928,20.993880280431505,136.2353166151094]","[395.6090462335153,103.1665688555522,208.52184037413733]","[true,true,true]","[139.00391714442247,82.1726885751207,72.28652375902792]"
37,rough pilot-only NPE,"[332.15273677999994,70.39821371,184.62656960000004]","[337.8201735331235,68.4632490973601,227.8731323514022]","[47.61829444057885,31.177401231360758,29.55296571455615]","[265.7726040914354,20.763450249125864,178.42169818130927]","[425.7907533671609,121.87293980665468,277.0831843097255]","[true,true,true]","[160.01814927572548,101.10948955752882,98.66148612841621]"
38,rough pilot-only NPE,"[332.15273677999994,70.39821371,184.62656960000004]","[351.4821828433022,55.988279247748245,181.52937377225194]","[46.538874726235775,28.302586043469866,26.321371186844125]","[283.27345345113145,13.241465917352931,144.11551333033344]","[436.6057240489875,103.08303864054464,229.21161661724335]","[true,true,true]","[153.33227059785605,89.84157272319172,85.09610328690991]"
39,rough pilot-only NPE,"[332.15273677999994,70.39821371,184.62656960000004]","[402.9448578218665,43.64747310709048,196.4870711337341]","[50.14326684542473,30.845697532639253,29.209839915999105]","[325.62404485441147,-5.542178731620811,152.52473536917412]","[488.897559002201,95.58203209822773,246.95944144842082]","[true,true,true]","[163.2735141477895,101.12421082984854,94.4347060792467]"
40,rough pilot-only NPE,"[332.15273677999994,70.39821371,184.62656960000004]","[291.199493395017,56.332639006117766,194.81077802291313]","[39.563753839584514,26.294357067132324,26.45796137751581]","[233.53913079944502,17.135990427563705,155.59803785391375]","[364.83781287844704,101.66798558477088,240.71219831571818]","[true,true,true]","[131.29868207900202,84.53199515720718,85.11416046180443]"
41,rough pilot-only NPE,"[332.15273677999994,70.39821371,184.62656960000004]","[359.1235895555527,43.62931138910541,156.52114291129408]","[47.173272252508525,26.556995890443588,21.958036247093162]","[287.9545112038439,2.6432243450475204,128.74351488288528]","[445.27367451217026,88.50583778262468,198.56628070080535]","[true,true,true]","[157.31916330832638,85.86261343757717,69.82276581792007]"
42,rough pilot-only NPE,"[332.15273677999994,70.39821371,184.62656960000004]","[348.54588312128476,80.48965788269389,171.89200382495022]","[44.54809001743649,25.95954105466472,23.98947719691463]","[281.0752391954834,40.10447776918741,138.22752626617412]","[428.73179090787147,123.35017917242406,215.11049182474196]","[true,true,true]","[147.65655171238808,83.24570140323665,76.88296555856783]"
43,rough pilot-only NPE,"[332.15273677999994,70.39821371,184.62656960000004]","[348.01965515366044,46.900045319000256,229.80424082035745]","[49.5056356712807,32.14789361887599,30.209961528923532]","[273.2418383977763,-2.4237432600886715,177.98211326288177]","[437.7190678292177,101.29194397968068,279.4442048324893]","[true,true,true]","[164.4772294314414,103.71568723976935,101.46209156960751]"
44,rough pilot-only NPE,"[332.15273677999994,70.39821371,184.62656960000004]","[346.28500139338945,77.26773386549873,141.26681064011566]","[42.92757879826003,22.77925517765385,16.963478799176073]","[281.98921233783864,42.15288714248763,119.81944092893603]","[423.2502616339405,115.00058892217878,173.21559903512338]","[true,true,false]","[141.26104929610187,72.84770177969115,53.39615810618734]"
45,rough pilot-only NPE,"[332.15273677999994,70.39821371,184.62656960000004]","[296.52741198951907,38.59387386482819,172.59987822862647]","[41.676290345867535,24.980173178415306,23.530887417802962]","[237.41604344692385,1.5273803930826444,139.79602298773034]","[372.9766172788438,82.36090093907417,214.89474244247708]","[true,true,true]","[135.56057383191992,80.83352054599153,75.09871945474674]"
46,rough pilot-only NPE,"[332.15273677999994,70.39821371,184.62656960000004]","[316.04999472226496,80.33366101616325,188.52459450384606]","[41.22775217322024,26.62747953307477,26.35248585239035]","[254.30779399224076,39.78975963934329,149.452812906303]","[391.049920593256,125.25722729755087,233.96163861624188]","[true,true,true]","[136.74212660101523,85.46746765820758,84.50882570993889]"
47,rough pilot-only NPE,"[332.15273677999994,70.39821371,184.62656960000004]","[245.73511440143426,50.24081738888369,138.94871215912687]","[26.85913573670983,18.213886347986122,14.80685565855487]","[210.42255942946468,22.37259520891821,118.84647294583921]","[294.55392970025423,80.66566730232512,165.58350527674983]","[false,true,false]","[84.13137027078955,58.293072093406906,46.73703233091062]"
48,rough pilot-only NPE,"[332.15273677999994,70.39821371,184.62656960000004]","[354.6680042432281,82.27790642886377,209.88850350846798]","[46.6914836425542,29.92267159164492,29.72763687208398]","[282.97842593056055,36.39360544506252,163.2927306247186]","[436.27429979490586,134.02449061709717,259.9027955885305]","[true,true,true]","[153.2958738643453,97.63088517203465,96.61006496381194]"
49,rough pilot-only NPE,"[332.15273677999994,70.39821371,184.62656960000004]","[366.7315395067679,85.70241481421726,202.57632997166394]","[47.231282935858104,30.256313004767186,28.70233102174922]","[294.12627526670053,39.03409792384563,158.12345330975154]","[449.66637501562906,137.49053440068002,251.87627561111378]","[true,true,true]","[155.54009974892853,98.4564364768344,93.75282230136224]"
50,rough pilot-only NPE,"[332.15273677999994,70.39821371,184.62656960000004]","[378.72661001612033,104.84613847915637,211.12043561788377]","[46.7456626713948,30.678474527589643,28.643651349564237]","[307.2688253629606,56.89515817535079,163.90580720918595]","[459.457439923757,157.71803109711095,260.27068059237195]","[true,true,true]","[152.1886145607964,100.82287292176017,96.364873383186]"
51,rough pilot-only NPE,"[332.15273677999994,70.39821371,184.62656960000004]","[263.786891430338,48.43295995374629,170.8111631768266]","[34.31988285311404,22.906956240584346,22.25498350820874]","[217.53397473869313,14.48134685646577,139.00153592039615]","[326.59395476929285,87.453600166256,210.68061470352694]","[false,true,true]","[109.05998003059972,72.97225330979023,71.67907878313079]"
52,rough pilot-only NPE,"[332.15273677999994,70.39821371,184.62656960000004]","[280.4457830029475,48.146645642753,203.54513282986645]","[38.53973800281036,25.915826778907515,27.117102484888775]","[226.72857046749732,9.331182678535107,161.62085230502612]","[353.42997472472285,92.50415042882405,249.80717448060207]","[true,true,true]","[126.70140425722553,83.17296775028893,88.18632217557595]"
53,rough pilot-only NPE,"[332.15273677999994,70.39821371,184.62656960000004]","[239.92438890780915,63.83799869001637,236.21303870705506]","[22.599309157463985,23.523759778961406,26.42311793810924]","[209.49678094650315,26.936018623132767,192.12318978528856]","[279.38851211676695,102.31776163292513,281.0534697656074]","[false,true,false]","[69.8917311702638,75.38174300979236,88.93027998031886]"
54,rough pilot-only NPE,"[332.15273677999994,70.39821371,184.62656960000004]","[276.2482939068115,38.59640265905871,159.11604371575532]","[38.28619204774524,23.398262972176408,20.567694847573748]","[223.81550327260305,4.4289732223425995,131.3505168258612]","[347.66228532312954,80.1284893046951,196.83610276236845]","[true,true,true]","[123.84678205052649,75.69951608235249,65.48558593650725]"
55,rough pilot-only NPE,"[332.15273677999994,70.39821371,184.62656960000004]","[280.75196936387044,62.07471753469152,157.38633870858092]","[36.77373110759343,22.2126916310911,19.757991790406347]","[228.4416089186411,28.423408323040903,130.29263648309103]","[349.13014460032804,99.92270003607176,193.14321037978434]","[true,true,true]","[120.68853568168694,71.49929171303086,62.850573896693305]"
56,rough pilot-only NPE,"[332.15273677999994,70.39821371,184.62656960000004]","[318.2833699645652,56.66745473023836,194.19954420737147]","[43.784827139408776,28.015079430924814,28.06659906370827]","[255.6561788639771,14.879870198267998,152.86549768577078]","[400.28524665743487,102.8932139549619,242.53046962870056]","[true,true,true]","[144.62906779345778,88.0133437566939,89.66497194292978]"
57,rough pilot-only NPE,"[332.15273677999994,70.39821371,184.62656960000004]","[339.0999090980417,92.20080319927264,170.4486999936906]","[42.76472372434378,24.924161595121795,23.059849442423715]","[274.1271920966214,54.24689045600199,138.06149100774647]","[415.4387817236864,134.25386486880763,211.56374246922897]","[true,true,true]","[141.31158962706502,80.00697441280563,73.5022514614825]"
58,rough pilot-only NPE,"[332.15273677999994,70.39821371,184.62656960000004]","[339.8273230602445,82.29375502724903,196.29384619510324]","[44.174045614388085,27.685483862279433,27.28839391580286]","[273.6619549125791,39.990719763157145,155.36153462158939]","[418.71006469617566,129.3937274306718,243.69562511427412]","[true,true,true]","[145.04810978359654,89.40300766751464,88.33409049268474]"
59,rough pilot-only NPE,"[332.15273677999994,70.39821371,184.62656960000004]","[398.8658105939212,74.1621553355728,211.30229039471112]","[50.14584092047462,32.46228198440078,29.52474862267702]","[320.4349750939542,24.434366810668966,163.50993129443307]","[484.4260485694989,129.45447027849193,259.97287572472493]","[true,true,true]","[163.99107347554468,105.02010346782296,96.46294443029186]"
60,rough pilot-only NPE,"[332.15273677999994,70.39821371,184.62656960000004]","[321.78730698140066,52.18482463919173,221.7750046643089]","[46.314452022146725,29.885598561890106,29.79091259387599]","[254.50922844910286,7.099303890984633,173.55413899793254]","[408.454714769577,103.86734851857388,271.36123377483176]","[true,true,true]","[153.94548632047412,96.76804462758925,97.80709477689922]"
61,rough pilot-only NPE,"[332.15273677999994,70.39821371,184.62656960000004]","[310.3473080431372,80.01081233376927,211.4265169360507]","[42.18539832431261,27.733541399927063,28.429147762565275]","[245.33777539652576,37.783151162708926,166.60100636059096]","[387.41469557909375,127.1767393742058,259.5388005114666]","[true,true,true]","[142.076920182568,89.39358821149688,92.93779415087565]"
62,rough pilot-only NPE,"[332.15273677999994,70.39821371,184.62656960000004]","[307.0916031347597,74.42773523191914,191.69903159152176]","[41.412697193287684,26.514305864899555,26.44301858771474]","[245.87039337727748,34.43781934476254,152.0215447422049]","[385.8479036777188,119.44667691158818,237.8661507577242]","[true,true,true]","[139.97751030044134,85.00885756682564,85.8446060155193]"
63,rough pilot-only NPE,"[332.15273677999994,70.39821371,184.62656960000004]","[374.1600642082191,30.432965906494466,188.62187746443277]","[50.17500115359613,28.329565663798338,28.82953325134041]","[297.81127338389183,-13.451073163093303,146.65143447987788]","[463.8005729077826,77.56167187306335,239.1673635754575]","[true,true,true]","[165.9892995238908,91.01274503615664,92.51592909557962]"
64,rough pilot-only NPE,"[332.15273677999994,70.39821371,184.62656960000004]","[385.8102445360251,93.96950420196698,207.3220954419791]","[48.3775025485148,31.08391853766536,28.590905578342305]","[311.0396546659981,45.470773220677415,161.60851415466362]","[466.7952401601473,147.8732664434105,254.97036089877]","[true,true,true]","[155.75558549414916,102.40249322273309,93.36184674410637]"
65,rough pilot-only NPE,"[332.15273677999994,70.39821371,184.62656960000004]","[303.6576706177875,33.77857253327575,153.72377318487418]","[42.081158116148345,23.26682113127642,19.852287379413358]","[243.5609669261391,-1.9342314425672817,127.59019278253999]","[382.5525629232736,73.31931322855013,190.45505674527112]","[true,true,true]","[138.99159599713454,75.25354467111741,62.864863962731135]"
66,rough pilot-only NPE,"[332.15273677999994,70.39821371,184.62656960000004]","[306.6200069424662,70.21717558588881,188.74854685088013]","[41.1760869386119,26.56962548103327,25.837966373053604]","[247.7929039649533,30.362089656319384,150.2640197449548]","[385.16877201496885,114.12548777765481,234.44151235657836]","[true,true,true]","[137.37586805001555,83.76339812133543,84.17749261162356]"
67,rough pilot-only NPE,"[332.15273677999994,70.39821371,184.62656960000004]","[342.9679316590491,84.39792696186599,186.35294576352007]","[44.57630084866751,27.361365970580817,26.46857192296482]","[275.9179104564508,42.6721164108568,147.0996051969975]","[424.9842747396008,130.8840112419127,232.05622573507077]","[true,true,true]","[149.06636428315,88.2118948310559,84.95662053807328]"
68,rough pilot-only NPE,"[332.15273677999994,70.39821371,184.62656960000004]","[280.1997927989161,48.024563485731484,162.07725539314183]","[37.42073501268963,23.16772865210636,20.727096937591618]","[228.69201472472497,13.055249781222388,133.51408246032577]","[351.19833632839703,87.56332988746364,199.6002743015748]","[true,true,true]","[122.50632160367206,74.50808010624125,66.08619184124905]"
69,rough pilot-only NPE,"[332.15273677999994,70.39821371,184.62656960000004]","[315.56888824709125,35.49698141212076,167.8561362663917]","[44.54526387277859,24.920001667689267,23.6701442436818]","[251.12960775522143,-1.878746658912605,135.94207910736168]","[399.4359710791017,77.82671710421775,211.33622715298054]","[true,true,true]","[148.30636332388028,79.70546376313035,75.39414804561886]"
70,rough pilot-only NPE,"[332.15273677999994,70.39821371,184.62656960000004]","[317.6728674183024,102.30824018585359,212.04282465373012]","[40.83864091597027,27.289182880015975,28.076576353370825]","[256.23229648574574,60.15692296257496,166.85371278855052]","[389.63823244529976,149.31287000852114,259.04494753657025]","[true,true,true]","[133.40593595955403,89.15594704594619,92.19123474801972]"
71,rough pilot-only NPE,"[332.15273677999994,70.39821371,184.62656960000004]","[326.0481184641394,51.193205791289635,174.6124162027391]","[44.40729196671856,26.62440553965083,24.419827455626567]","[261.72847628508606,11.818003960947502,140.75230457212416]","[409.16179785499696,96.1767361492202,218.5492585866636]","[true,true,true]","[147.4333215699109,84.3587321882727,77.79695401453944]"
72,rough pilot-only NPE,"[332.15273677999994,70.39821371,184.62656960000004]","[344.74160181285043,77.90381072683692,193.45524353917668]","[45.66514869067375,28.530304039853327,27.31615399827012]","[276.240011577684,34.386218210880095,152.2208902037599]","[426.64545303574107,125.97805213290324,239.194086036106]","[true,true,true]","[150.40544145805706,91.59183392202314,86.97319583234611]"
73,rough pilot-only NPE,"[332.15273677999994,70.39821371,184.62656960000004]","[377.5306384625867,91.40752801803238,244.46914156782717]","[50.11074729393478,33.39241292423293,29.251166169036896]","[300.16579097967843,38.12016568738609,191.38194228536153]","[464.1828134265434,148.52989094266115,289.2441414108847]","[true,true,false]","[164.01702244686498,110.40972525527506,97.86219912552318]"
74,rough pilot-only NPE,"[332.15273677999994,70.39821371,184.62656960000004]","[256.757407558261,75.84633774664188,183.01026640505125]","[29.234092835898018,22.113905339165747,23.54285238823923]","[215.98997923683012,40.85818105837731,148.31881237765757]","[309.7580257876929,112.74044901781379,224.8547582867703]","[false,true,true]","[93.76804655086275,71.88226795943648,76.53594590911274]"
75,rough pilot-only NPE,"[332.15273677999994,70.39821371,184.62656960000004]","[355.8486538791531,66.22374733227451,219.06983391379072]","[47.8815711212933,31.33141537429461,30.385639806456627]","[283.93075625635544,18.316669512522747,168.81998122115303]","[442.45060853625967,118.73179774088328,269.41949175671425]","[true,true,true]","[158.51985227990423,100.41512822836053,100.59951053556122]"
76,rough pilot-only NPE,"[332.15273677999994,70.39821371,184.62656960000004]","[399.2880099814855,87.51672636440927,166.76593741653437]","[48.107240027498676,27.71607623217611,23.790592574731143]","[324.55095226287443,44.0903431302479,133.88424426995633]","[480.1663571531046,135.2654700486762,210.14307886840547]","[true,true,true]","[155.6154048902302,91.1751269184283,76.25883459844914]"
77,rough pilot-only NPE,"[332.15273677999994,70.39821371,184.62656960000004]","[338.478729513917,61.45791032330218,133.2631605812247]","[43.35521126168096,22.724810598065943,14.733234060791657]","[273.5171683579056,26.384490961846833,115.5907254607707]","[415.3206389369841,99.25057610759129,161.74745012460627]","[true,true,false]","[141.80347057907852,72.86608514574445,46.156724663835575]"
78,rough pilot-only NPE,"[332.15273677999994,70.39821371,184.62656960000004]","[417.6347369506802,101.67784491965577,226.3359010557211]","[49.46742103261076,34.399355552555434,29.983416709817703]","[338.3244551977309,49.31928881308431,174.65830211907635]","[499.6466405498737,160.9168609129327,275.1015468568955]","[false,true,true]","[161.3221853521428,111.59757209984838,100.44324473781913]"
79,rough pilot-only NPE,"[332.15273677999994,70.39821371,184.62656960000004]","[328.31536283250534,74.06916009237135,157.3753508374354]","[41.94687541132568,24.082329228646675,20.6213942064411]","[266.26906970818186,36.89627621536435,129.59926269667181]","[406.52851308730834,113.51511604927306,195.85384381651983]","[true,true,true]","[140.25944337912648,76.61883983390871,66.25458111984801]"
80,rough pilot-only NPE,"[332.15273677999994,70.39821371,184.62656960000004]","[373.1954750061813,69.8331267686725,193.263846049057]","[47.7677047719964,29.801531632688526,28.114759586987542]","[301.2590390710249,23.838567578568675,151.63349473108056]","[458.69245244174533,119.52989041304681,242.27656554590774]","[true,true,true]","[157.43341337072042,95.69132283447814,90.64307081482718]"
81,rough pilot-only NPE,"[332.15273677999994,70.39821371,184.62656960000004]","[352.1607693415413,58.45829928563638,176.0974983544253]","[47.11202431394146,28.57939845334781,25.960530478010217]","[282.1355842930362,14.37491813552209,140.26211977782725]","[438.1963342165265,105.64764677516509,222.72258430797487]","[true,true,true]","[156.06074992349033,91.27272863964299,82.46046453014762]"
82,rough pilot-only NPE,"[332.15273677999994,70.39821371,184.62656960000004]","[435.0686022319344,113.66984859548113,203.51693909158928]","[48.17231592784849,31.735631271445857,28.05448849074567]","[355.8970654196072,64.62443348185947,157.31933679191022]","[512.4854377628642,169.50665266941317,250.16199183316598]","[false,true,true]","[156.588372343257,104.8822191875537,92.84265504125577]"
83,rough pilot-only NPE,"[332.15273677999994,70.39821371,184.62656960000004]","[292.12405319521923,67.08062583350227,197.980496794799]","[39.41311922225711,25.740019138703218,26.754166656099272]","[235.67675551610884,27.871734015958594,157.1381985363218]","[367.60434819946363,110.33161007897732,244.29842568275222]","[true,true,true]","[131.9275926833548,82.45987606301873,87.16022714643043]"
84,rough pilot-only NPE,"[332.15273677999994,70.39821371,184.62656960000004]","[272.2984324551225,43.725442497294125,163.5391472508985]","[35.92389049420378,22.8078562876147,21.132284113019992]","[223.9842353444862,9.591365344123892,134.26537615365632]","[336.9165183299656,83.05864158698155,201.12691431332917]","[true,true,true]","[112.93228298547939,73.46727624285766,66.86153815967285]"
85,rough pilot-only NPE,"[332.15273677999994,70.39821371,184.62656960000004]","[337.47379522494003,69.88702182335561,153.33040567462288]","[44.08098645295407,24.328893177302298,20.081089002728]","[273.56562330524616,33.74728997096216,127.03869580903834]","[417.3265451098006,110.7957460863915,191.28051230523965]","[true,true,true]","[143.7609218045544,77.04845611542935,64.24181649620131]"
86,rough pilot-only NPE,"[332.15273677999994,70.39821371,184.62656960000004]","[356.6722241947057,74.98270893247302,181.37793571747807]","[45.37547741601277,28.488598990673133,26.18758167249634]","[288.06739192353933,30.533207522093278,143.790321929282]","[437.3501426786277,123.12181174935607,228.10426070413578]","[true,true,true]","[149.2827507550884,92.58860422726279,84.3139387748538]"
87,rough pilot-only NPE,"[332.15273677999994,70.39821371,184.62656960000004]","[370.9326272710458,91.3839284581234,242.96502412982363]","[50.05119216924164,32.85457183040611,28.924425386771535]","[292.12165195696366,39.57814564378445,190.21272176066097]","[457.82158357876335,147.11103495506194,286.0902512863155]","[true,true,false]","[165.6999316217997,107.53288931127749,95.87752952565452]"
88,rough pilot-only NPE,"[332.15273677999994,70.39821371,184.62656960000004]","[360.9847610752399,55.206174373748354,178.47419069868866]","[47.67071102100606,28.498418441796854,26.095955718812004]","[290.04844458498496,12.596992009400092,142.1458908074969]","[448.0981153706538,102.89712872502797,225.62366681707388]","[true,true,true]","[158.0496707856688,90.30013671562787,83.47777600957698]"
89,rough pilot-only NPE,"[332.15273677999994,70.39821371,184.62656960000004]","[276.20666152941953,78.40797386263064,187.94326434463372]","[35.27017975373655,23.786313859719108,24.80533573014013]","[225.1541870200798,42.18806892928299,150.7288104499435]","[340.7561761207493,118.66390553616007,230.41043006986516]","[true,true,true]","[115.60198910066947,76.47583660687708,79.68161961992166]"
90,rough pilot-only NPE,"[332.15273677999994,70.39821371,184.62656960000004]","[253.8239106076418,57.89079934787065,153.22783127808458]","[30.40794807454209,20.32005184120128,18.20702278630746]","[213.98771513070278,26.518534884869315,127.68773833413655]","[308.87245445118975,92.52578752751427,185.33009837217207]","[false,true,true]","[94.88473932048697,66.00725264264496,57.64236003803552]"
91,rough pilot-only NPE,"[332.15273677999994,70.39821371,184.62656960000004]","[342.6447021785266,75.42668902689098,146.19891688677737]","[42.36465155552051,23.419141863001666,18.580938153514115]","[279.2135201917112,39.39772787250329,122.43691193269073]","[418.02635751018755,114.94663071695831,180.7890091821835]","[true,true,false]","[138.81283731847634,75.54890284445503,58.35209724949276]"
92,rough pilot-only NPE,"[332.15273677999994,70.39821371,184.62656960000004]","[400.1708821235501,54.03493447947952,157.1761575020988]","[48.85527884995084,27.309421410062342,22.40563536369614]","[325.97601557292063,10.829657871477064,127.81476026522274]","[485.77094639693877,98.68562180290789,198.89438970115054]","[true,true,true]","[159.79493082401814,87.85596393143082,71.0796294359278]"
93,rough pilot-only NPE,"[332.15273677999994,70.39821371,184.62656960000004]","[316.48557057297285,48.8468572589555,183.8180435304881]","[43.91610151314662,27.349960398322832,26.46839755159252]","[252.9198803454357,8.546699281634107,146.4039047804433]","[401.8715780188799,95.63583921668612,231.33675394168898]","[true,true,true]","[148.95169767344422,87.08913993505202,84.93284916124568]"
94,rough pilot-only NPE,"[332.15273677999994,70.39821371,184.62656960000004]","[327.14838716310373,65.56657525209617,160.92174755486522]","[42.76935385717756,25.080140666394684,22.496448380131117]","[263.8375803158955,28.308561833803587,131.2985437219584]","[405.9440438421296,108.38202911858733,203.36143426289905]","[true,true,true]","[142.1064635262341,80.07346728478373,72.06289054094066]"
95,rough pilot-only NPE,"[332.15273677999994,70.39821371,184.62656960000004]","[413.54517457418933,60.38275601701676,149.7909689779022]","[47.865602699283784,26.957764554909858,20.51021469900528]","[337.7469285617984,17.310031016048388,123.12800317008167]","[495.3858224586323,104.95395031059854,188.38705030252692]","[false,true,true]","[157.63889389683385,87.64391929455016,65.25904713244525]"
96,rough pilot-only NPE,"[332.15273677999994,70.39821371,184.62656960000004]","[315.1531490379883,51.01163938565831,159.56805502901898]","[42.75524781911111,25.20116662438503,21.61508575118707]","[252.6114744039466,12.244965164769868,131.1280004153037]","[393.85752098343426,92.69243720452812,199.89607957602783]","[true,true,true]","[141.24604657948765,80.44747203975825,68.76807916072414]"
97,rough pilot-only NPE,"[332.15273677999994,70.39821371,184.62656960000004]","[422.8621081938088,79.9337307165124,192.65268659154106]","[49.06157118623882,31.207607231862767,27.821600551570125]","[343.65614217852414,31.06390895335558,150.33190747510102]","[504.3627481677264,132.1440174631079,240.1888310526592]","[false,true,true]","[160.70660598920227,101.08010850975232,89.85692357755818]"
98,rough pilot-only NPE,"[332.15273677999994,70.39821371,184.62656960000004]","[351.4491319722775,80.5970953389292,216.35269121741993]","[47.439607652245776,30.492712295012378,29.155294942074978]","[279.9304079212237,34.429930847935445,168.21634959625868]","[435.9689311664468,133.29576742143857,265.0565616504929]","[true,true,true]","[156.03852324522308,98.86583657350312,96.8402120542342]"
99,rough pilot-only NPE,"[332.15273677999994,70.39821371,184.62656960000004]","[387.9088885970794,106.82792961347157,228.36287762793918]","[48.47815351503807,32.14843536940726,29.71817227022304]","[309.7190780336768,56.87334093810742,176.33067910056792]","[469.4822559807671,161.72891025194502,275.82682152258275]","[true,true,true]","[159.7631779470903,104.8555693138376,99.49614242201483]"
0,rough Linear NPE,"[332.15273677999994,70.39821371,184.62656960000004]","[324.7901766907131,53.2995751696799,183.11436964643184]","[18.20156431579382,10.338713048249389,11.830371401078713]","[295.9927626276463,37.036918169404814,164.3042441407218]","[355.4927229489027,70.66766813702759,203.01541590582138]","[true,true,true]","[59.499960321256424,33.630749967622776,38.71117176509958]"
1,rough Linear NPE,"[332.15273677999994,70.39821371,184.62656960000004]","[386.06005107679556,52.28535134892165,128.53541644376713]","[24.58886897411342,10.839239450536953,10.666354606412419]","[346.39212651741764,35.558016910987014,115.46978922089266]","[428.23937987489325,70.84420303034908,148.91846782282326]","[false,true,false]","[81.84725335747561,35.286186119362064,33.448678601930595]"
2,rough Linear NPE,"[332.15273677999994,70.39821371,184.62656960000004]","[361.32556235696444,77.5081988736576,222.2534546261467]","[23.12670396061377,14.123617797116822,15.916388092728953]","[324.01385960037584,54.662676943325415,196.96430688328144]","[400.3385904632317,100.85797640391543,249.36280547750238]","[true,true,false]","[76.32473086285586,46.195299460590014,52.39849859422094]"
3,rough Linear NPE,"[332.15273677999994,70.39821371,184.62656960000004]","[306.73611201169115,59.27836839814519,193.04093868764286]","[19.650824927239363,11.970010471610445,13.679157932883856]","[277.1908186417656,40.84386377976694,171.74656883589432]","[341.41532781980965,79.710492201203,216.16014266113143]","[true,true,true]","[64.22450917804406,38.866628421436054,44.41357382523711]"
4,rough Linear NPE,"[332.15273677999994,70.39821371,184.62656960000004]","[298.06030117889287,76.33242228509467,177.45999156241857]","[17.68686810602878,10.821068162270235,11.824095988941547]","[270.7753210422801,59.42585184140733,158.953965148104]","[328.878692485073,95.32383887076953,197.6835935391928]","[false,true,true]","[58.10337144279288,35.897987029362206,38.729628391088795]"
5,rough Linear NPE,"[332.15273677999994,70.39821371,184.62656960000004]","[380.071300793475,81.28021574861127,195.14209314925534]","[23.577743023113666,13.649923122555581,13.05329956434247]","[342.76475479293,59.98339266221117,174.4099935892581]","[419.7024274999224,104.73559801254657,216.9090789927301]","[false,true,true]","[76.93767270699243,44.7522053503354,42.49908540347198]"
6,rough Linear NPE,"[332.15273677999994,70.39821371,184.62656960000004]","[333.1087877231707,65.21011820289344,166.5246008511182]","[18.576154902094622,9.912709951118316,9.801532199832403]","[304.10020902835834,49.854851827088964,151.18484458833962]","[363.7549300097631,81.97401388706682,183.1449296221993]","[true,true,false]","[59.65472098140475,32.11916205997785,31.960085033859684]"
7,rough Linear NPE,"[332.15273677999994,70.39821371,184.62656960000004]","[343.3382470084774,80.29954505637943,205.88055035267226]","[21.52647331896028,12.649244305162917,12.59774752143542]","[310.38034433183384,60.521345840850465,185.75541945480919]","[381.4507547861275,101.87162887253808,227.02093906927033]","[true,true,false]","[71.07041045429366,41.35028303168762,41.26551961446114]"
8,rough Linear NPE,"[332.15273677999994,70.39821371,184.62656960000004]","[340.8014919212711,65.90458410118248,176.22819594194877]","[21.38765551060127,12.030579302773482,11.009084138429522]","[307.44780079924624,47.171117450189534,158.4412048928276]","[377.8727422430523,86.60609326979825,194.72492171837223]","[true,true,true]","[70.42494144380606,39.43497581960872,36.283716825544616]"
9,rough Linear NPE,"[332.15273677999994,70.39821371,184.62656960000004]","[353.0246978457562,61.40593039969206,179.67270456254184]","[20.301038645079615,11.473774067496828,11.515102744336183]","[321.19197493451213,44.0907980384035,162.1976043989831]","[388.52424784731943,81.51558912156004,199.8189840698188]","[true,true,true]","[67.3322729128073,37.42479108315654,37.62137967083572]"
10,rough Linear NPE,"[332.15273677999994,70.39821371,184.62656960000004]","[350.2448879153031,83.99785695466183,204.19007472845666]","[20.729952247295586,12.4545475751552,14.414540741524315]","[317.7664779447873,64.56946219941008,182.00942021946588]","[385.38565012593403,104.9408891026754,228.93925271940182]","[true,true,true]","[67.61917218114672,40.371426903265316,46.92983249993594]"
11,rough Linear NPE,"[332.15273677999994,70.39821371,184.62656960000004]","[316.08659556348914,64.97440450604172,176.58121372632462]","[18.561035500779322,10.671110494215377,11.761334340123824]","[287.3157741252165,48.47888602732513,158.4065835747121]","[346.2175364700106,83.09261849890163,196.85479891318013]","[true,true,true]","[58.90176234479412,34.6137324715765,38.44821533846803]"
12,rough Linear NPE,"[332.15273677999994,70.39821371,184.62656960000004]","[347.1628979979389,80.40168166761792,198.22790785320225]","[22.019601743112144,12.685508971594336,12.339833725732888]","[312.60460486799815,60.8602547922072,178.35283268423427]","[385.35604164164636,101.56807103791064,218.42047476763707]","[true,true,true]","[72.75143677364821,40.70781624570344,40.0676420834028]"
13,rough Linear NPE,"[332.15273677999994,70.39821371,184.62656960000004]","[355.76361400812425,78.57663321812787,173.5436636326629]","[20.914013505693745,11.646220044363973,12.390033582409043]","[323.2361247796183,60.55434011253634,154.96659999169924]","[390.9723262784828,98.49437949333236,195.59820029722832]","[true,true,true]","[67.73620149886449,37.94003938079602,40.631600305529076]"
14,rough Linear NPE,"[332.15273677999994,70.39821371,184.62656960000004]","[339.2178736531984,69.00085850632678,186.8727674140623]","[20.495046365670525,12.141445339211812,13.714635529344323]","[307.0687663378434,50.408924274957045,165.92298482702617]","[374.80826850351184,89.45334930881684,211.0677828626037]","[true,true,true]","[67.73950216566845,39.044425033859795,45.14479803557754]"
15,rough Linear NPE,"[332.15273677999994,70.39821371,184.62656960000004]","[300.46904511593226,51.12909692893823,192.6687205720919]","[16.382473060233988,9.474818325522053,11.04602834771989]","[274.15469659093606,35.80375712771638,175.2334732020434]","[327.6755589537688,67.22540729625926,211.37703566505175]","[false,false,true]","[53.52086236283276,31.421650168542882,36.14356246300835]"
16,rough Linear NPE,"[332.15273677999994,70.39821371,184.62656960000004]","[334.1485682178686,76.02848471570606,222.16825729399653]","[21.092802031930667,12.599433516331182,14.32468082951364]","[301.00703016998085,55.90882135087258,199.24875667729222]","[370.3816730503078,97.6581799304649,246.30495208531423]","[true,true,false]","[69.37464288032697,41.74935857959232,47.056195408022006]"
17,rough Linear NPE,"[332.15273677999994,70.39821371,184.62656960000004]","[368.48198460030255,86.29441193189092,199.6786520853534]","[21.539330175954117,12.736012424484526,14.071638159573583]","[334.5521246790418,66.46090768503925,177.94657566747415]","[405.52701096269,107.76493163377343,223.79102887066415]","[false,true,true]","[70.97488628364817,41.304023948734184,45.84445320319]"
18,rough Linear NPE,"[332.15273677999994,70.39821371,184.62656960000004]","[294.6206048635654,55.3069498352017,176.18051586272492]","[17.005859568059655,10.113578601800553,10.918904557613692]","[267.4858905365367,38.8714573387781,158.8370072934534]","[323.4950441836959,72.54928991570131,194.89604072601188]","[false,true,true]","[56.00915364715917,33.67783257692321,36.059033432558465]"
19,rough Linear NPE,"[332.15273677999994,70.39821371,184.62656960000004]","[353.90983779377217,75.1137309020913,171.92539321748404]","[20.808754461323343,10.848583492676113,9.9458598466325]","[321.07029724289174,57.92345923774998,155.8378900925468]","[390.328655786226,93.72552034567728,188.57353985206515]","[true,true,true]","[69.25835854333428,35.8020611079273,32.73564975951837]"
20,rough Linear NPE,"[332.15273677999994,70.39821371,184.62656960000004]","[321.0385090214531,51.16553469418144,174.16920489214755]","[19.28446209236349,10.379336953645776,11.170632869581631]","[290.63956400516764,34.83934413731925,156.4633941466953]","[353.7142153315937,68.72682955392385,192.79774110078074]","[true,false,true]","[63.07465132642608,33.8874854166046,36.33434695408545]"
21,rough Linear NPE,"[332.15273677999994,70.39821371,184.62656960000004]","[336.32540608311257,73.94807050140211,199.82640089277407]","[18.473360951428365,11.028803772109423,12.075473527642941]","[307.38546821949564,56.66390384117173,180.90457747386316]","[367.4798675103457,92.93667654710791,220.60132924726878]","[true,true,true]","[60.09439929085005,36.27277270593618,39.69675177340562]"
22,rough Linear NPE,"[332.15273677999994,70.39821371,184.62656960000004]","[320.96573276889006,63.19047605208459,180.295816361734]","[18.07115338035875,9.820197374122918,10.419824869055471]","[293.22849753507836,47.385034930653,163.85260974606717]","[351.0809863033863,79.81511696935651,197.94350861114484]","[true,true,true]","[57.85248876830792,32.43008203870351,34.09089886507766]"
23,rough Linear NPE,"[332.15273677999994,70.39821371,184.62656960000004]","[372.8332564958233,72.86977461177692,193.8901273502922]","[23.722031091535623,13.453482781762437,11.981647121261018]","[334.69751558378937,52.50823036289066,174.99950671378832]","[414.608493310454,96.10827867094177,214.46614128905148]","[false,true,true]","[79.91097772666461,43.600048308051115,39.46663457526316]"
24,rough Linear NPE,"[332.15273677999994,70.39821371,184.62656960000004]","[334.34871346309785,64.9690638073217,180.73619925231378]","[18.502767655243037,10.325599273457073,10.832263362969412]","[305.3478582500844,48.53445823401503,163.39931249186182]","[366.01267780503997,82.51843983691691,199.09557951085583]","[true,true,true]","[60.66481955495556,33.983981602901885,35.69626701899401]"
25,rough Linear NPE,"[332.15273677999994,70.39821371,184.62656960000004]","[328.5052383338444,90.40567240797338,187.29093668571898]","[19.26510548600828,11.57831371653455,11.920142948749465]","[298.3711104544978,72.18787976777986,168.44030974011622]","[361.1373314679986,109.95882770622978,207.8439657652493]","[true,false,true]","[62.7662210135008,37.77094793844992,39.403656025133074]"
26,rough Linear NPE,"[332.15273677999994,70.39821371,184.62656960000004]","[327.10013787429085,53.255795700289084,188.70353641385645]","[20.206823135066934,12.274929600418224,12.17625462721272]","[295.41805988321266,33.435284564213866,169.16715816781428]","[360.9431356251426,73.60810727978566,209.118125985061]","[true,true,true]","[65.52507574192992,40.17282271557179,39.95096781724672]"
27,rough Linear NPE,"[332.15273677999994,70.39821371,184.62656960000004]","[342.00411829320035,74.44157128621305,176.77410436128383]","[20.213109571545772,10.947787109289463,10.275536451941615]","[310.43292347398636,57.18938811771789,160.5028860309393]","[376.0219194406989,92.65791308524895,194.19471482913772]","[true,true,true]","[65.58899596671256,35.46852496753106,33.69182879819843]"
28,rough Linear NPE,"[332.15273677999994,70.39821371,184.62656960000004]","[324.1305920694011,61.03429536301661,172.4135439696656]","[19.900363229303004,11.771709308743507,10.966922113280992]","[292.5287690753685,42.9284476872663,155.21234751013154]","[357.9526845372959,81.77311724814845,191.09725770701644]","[true,true,true]","[65.42391546192744,38.84466956088215,35.8849101968849]"
29,rough Linear NPE,"[332.15273677999994,70.39821371,184.62656960000004]","[318.69333603849185,75.40593205605768,190.14934341225725]","[17.32323282349991,10.009072678114139,10.719413667973035]","[291.09085922723443,59.21121756946292,173.09459320175228]","[347.60507699852064,92.39717688609373,208.40639811383733]","[true,true,true]","[56.51421777128621,33.185959316630814,35.31180491208505]"
30,rough Linear NPE,"[332.15273677999994,70.39821371,184.62656960000004]","[342.0862182937816,60.761433943638565,173.4575326387145]","[19.337917260093217,10.40547593383206,10.992121072600623]","[311.0433966430488,44.408994583274115,156.22353709280375]","[374.85188879465613,78.27333222006058,192.6000112803385]","[true,true,true]","[63.80849215160731,33.864337636786466,36.37647418753474]"
31,rough Linear NPE,"[332.15273677999994,70.39821371,184.62656960000004]","[394.22666325505924,101.50894645689236,202.5090529674736]","[23.420576332446327,13.221039699576064,13.426397167567009]","[358.1082102436994,80.5507072541142,181.21635139479622]","[433.76003936006254,123.87324457161651,225.538133238961]","[false,false,true]","[75.65182911636316,43.32253731750231,44.321781844164775]"
32,rough Linear NPE,"[332.15273677999994,70.39821371,184.62656960000004]","[333.9970705572153,70.3842599192254,187.1945777552435]","[19.582665318935955,10.750078468438922,11.274926433788623]","[302.9330914645105,52.99875091442596,169.38490620170506]","[367.5958220550194,88.4041185463786,206.56337780871002]","[true,true,true]","[64.66273059050894,35.405367631952636,37.17847160700495]"
33,rough Linear NPE,"[332.15273677999994,70.39821371,184.62656960000004]","[336.977349165413,90.09669871239794,191.71825829596574]","[20.672163753957378,13.214668143810947,13.595364881701615]","[304.98217137515496,69.68589521816111,170.5000351114793]","[372.1123015923168,112.80012737618445,215.43593927975954]","[true,true,true]","[67.13013021716182,43.11423215802334,44.935904168280246]"
34,rough Linear NPE,"[332.15273677999994,70.39821371,184.62656960000004]","[308.34362978938555,68.69915670237593,186.7241287204524]","[17.628206236512263,11.014455323196943,11.475622894750991]","[280.44672351336,51.67675735287775,168.94508532568335]","[337.6905341460905,87.52089253678143,206.8341543504615]","[true,true,true]","[57.243810632730515,35.84413518390368,37.88906902477814]"
35,rough Linear NPE,"[332.15273677999994,70.39821371,184.62656960000004]","[363.7088065568581,88.66525749620894,191.28858834236559]","[20.64963111485655,11.467337010473546,11.4256678515859]","[331.6712557578929,70.89534739783454,173.4422732266908]","[399.20443374375196,108.10367114620728,210.71251878971182]","[true,false,true]","[67.53317798585908,37.208323748372734,37.270245563021035]"
36,rough Linear NPE,"[332.15273677999994,70.39821371,184.62656960000004]","[346.3448393564434,70.59096450244355,188.00406190087554]","[19.497192166078424,11.231503871911706,12.216293325424754]","[315.39794146202263,53.17918886020594,169.66665611389084]","[379.1867705755771,89.59999151286634,209.43934817467988]","[true,true,true]","[63.78882911355447,36.4208026526604,39.77269206078904]"
37,rough Linear NPE,"[332.15273677999994,70.39821371,184.62656960000004]","[343.12602180380435,69.04491213293709,181.7200143125352]","[21.329382016254296,11.255543745658175,10.783222858832046]","[310.7193905907904,50.78002922714824,164.80020149194158]","[379.3613028068975,88.38245106741608,199.68176867671392]","[true,true,true]","[68.64191221610713,37.602421840267844,34.88156718477234]"
38,rough Linear NPE,"[332.15273677999994,70.39821371,184.62656960000004]","[322.7134095542838,84.20686794721944,192.23371522123688]","[19.44721123938984,11.056336790985299,11.070193379842854]","[292.5762824929504,66.8525124798053,174.6324888398181]","[356.0208812144125,103.40452014392285,210.84080472751288]","[true,true,true]","[63.444598721462114,36.55200766411755,36.208315887694766]"
39,rough Linear NPE,"[332.15273677999994,70.39821371,184.62656960000004]","[352.532412228487,69.59499031349371,201.07940136177098]","[21.142892388924025,12.044036643772147,12.186723838844632]","[319.7295411991542,50.86321035582047,181.404619632851]","[389.75921233189973,90.24992476669058,222.13920646100172]","[true,true,true]","[70.02967113274553,39.38671441087011,40.734586828150725]"
40,rough Linear NPE,"[332.15273677999994,70.39821371,184.62656960000004]","[335.835124246846,85.10342507179324,211.9118608476652]","[20.418026269671053,12.996999166751591,13.866453853203401]","[304.5663963789893,65.23410589629987,189.87955935405228]","[370.03504270697533,108.15079733008821,235.65235577067344]","[true,true,false]","[65.46864632798605,42.916691433788344,45.77279641662116]"
41,rough Linear NPE,"[332.15273677999994,70.39821371,184.62656960000004]","[348.6475040174607,72.40263058060579,199.46274860954384]","[19.645991521694462,11.52868519177415,12.781168286326347]","[317.7195270765152,54.727330258086596,180.19373792254018]","[381.50134687849527,92.3168197572117,221.72846959778008]","[true,true,true]","[63.78181980198008,37.58948949912511,41.5347316752399]"
42,rough Linear NPE,"[332.15273677999994,70.39821371,184.62656960000004]","[329.1576518224098,72.56231871426176,164.647280143522]","[17.842747412938774,9.237626226478147,9.01021616936708]","[301.47121195977604,57.84801480150499,150.1219589952964]","[359.0505869914034,87.75258497879923,179.77523717575838]","[true,true,false]","[57.579375031627364,29.904570177294246,29.653278180461967]"
43,rough Linear NPE,"[332.15273677999994,70.39821371,184.62656960000004]","[329.3286885084389,75.41544882325098,188.42460828198523]","[20.57609591858931,11.933080938216365,11.623330841058298]","[297.7584292842984,56.10505100979684,170.2303117440746]","[364.6474784706119,95.68609048364634,207.76055053724897]","[true,true,true]","[66.88904918631346,39.5810394738495,37.53023879317436]"
44,rough Linear NPE,"[332.15273677999994,70.39821371,184.62656960000004]","[337.0626948351449,59.32791856881145,179.95799923844712]","[19.44274637659689,11.284973389804463,12.613683664714713]","[306.6123652045034,41.82773048867514,160.7581614152884]","[370.23527685241936,78.31436645201424,202.3713797337189]","[true,true,true]","[63.62291164791594,36.486635963339104,41.613218318430484]"
45,rough Linear NPE,"[332.15273677999994,70.39821371,184.62656960000004]","[339.2611715415741,77.37237614118969,195.65012589280153]","[20.021119736673345,12.445315906844224,12.446717965920906]","[306.61506355904305,58.56884505724597,176.30457366661668]","[373.92466647633137,98.85606762538654,216.83270553456063]","[true,true,true]","[67.30960291728832,40.28722256814057,40.528131867943955]"
46,rough Linear NPE,"[332.15273677999994,70.39821371,184.62656960000004]","[312.7264553004372,62.49064273319879,184.41143567075252]","[17.807701663320703,10.467939789865733,11.61801978217681]","[285.23825773909766,45.8763132348213,166.33020091285914]","[343.17458460451127,80.10587269315062,204.06487907816566]","[true,true,true]","[57.936326865413605,34.22955945832931,37.73467816530652]"
47,rough Linear NPE,"[332.15273677999994,70.39821371,184.62656960000004]","[304.1655346615063,45.220391865329894,171.55790594413986]","[19.28316892715288,11.068698956247106,13.386070049611382]","[275.13080813070144,28.34928339116292,152.31979442680068]","[337.88503768200036,63.10568144606141,196.0933036715761]","[true,false,true]","[62.75422955129892,34.75639805489849,43.773509244775425]"
48,rough Linear NPE,"[332.15273677999994,70.39821371,184.62656960000004]","[307.7612965023846,63.101034251573296,200.34152930432333]","[17.221782419120323,10.131796992861904,11.82498820442276]","[281.2178092039119,46.81857893037176,181.53695861425717]","[337.0349213147735,79.96733701262215,220.60038401475688]","[true,true,true]","[55.817112110861615,33.148758082250396,39.06342540049971]"
49,rough Linear NPE,"[332.15273677999994,70.39821371,184.62656960000004]","[346.67087159215544,78.73499199156417,201.15582879716325]","[19.358748782418512,10.919790479983243,11.72878875325653]","[315.86461935971045,61.1615949930839,182.40620394381662]","[379.03278058175454,97.12599128577894,221.17735386233335]","[true,true,true]","[63.16816122204409,35.964396292695035,38.77114991851673]"
50,rough Linear NPE,"[332.15273677999994,70.39821371,184.62656960000004]","[335.2324960424334,76.53483071602817,179.64012502561903]","[19.055833889561292,10.487441072565213,10.324013465433692]","[305.70094526471684,59.967188803568455,163.47146317586376]","[367.62070615594695,94.21166021488573,197.053505473366]","[true,true,true]","[61.91976089123011,34.24447141131727,33.58204229750223]"
51,rough Linear NPE,"[332.15273677999994,70.39821371,184.62656960000004]","[321.3727901945561,52.67394561369912,182.90816895621094]","[19.114837842369024,10.822681752957411,12.163792065626211]","[291.559986677209,36.01692278042561,163.80174134637693]","[353.2656527452674,70.95705413240596,203.64612572792805]","[true,true,true]","[61.705666068058406,34.94013135198035,39.84438438155112]"
52,rough Linear NPE,"[332.15273677999994,70.39821371,184.62656960000004]","[313.3599682384252,73.84671762619342,200.27313445864206]","[18.513938973371122,11.144289016096188,12.327263121788024]","[284.62715813662624,56.154791899550915,180.49423324886567]","[345.6439694922624,92.80200907206208,221.00489270607093]","[true,true,true]","[61.01681135563615,36.64721717251116,40.510659457205264]"
53,rough Linear NPE,"[332.15273677999994,70.39821371,184.62656960000004]","[272.9510291601073,52.67482909373199,190.24130822710927]","[18.1536837184635,11.221367701285114,12.869313967518563]","[246.0893351296196,35.113698875709936,169.2460644527025]","[305.36187135721525,72.22552025928287,212.00912327425544]","[false,true,true]","[59.27253622759565,37.11182138357294,42.76305882155293]"
54,rough Linear NPE,"[332.15273677999994,70.39821371,184.62656960000004]","[345.43282262991704,61.50633801070485,177.86545756740563]","[20.64587819512246,12.161627983433313,12.13864419020644]","[312.79216194557256,43.21584959876199,159.41196662478052]","[379.8855680137167,82.77091290370822,198.71046847856047]","[true,true,true]","[67.09340606814413,39.55506330494623,39.29850185377995]"
55,rough Linear NPE,"[332.15273677999994,70.39821371,184.62656960000004]","[335.0552818871462,74.87478492774498,179.4681975028257]","[19.677460340468787,11.291232761812932,12.848668593333182]","[304.05897137933357,57.061051354509274,160.33184525535847]","[368.6341328362074,93.72052161941649,202.33185016424375]","[true,true,true]","[64.57516145687384,36.65947026490721,42.00000490888527]"
56,rough Linear NPE,"[332.15273677999994,70.39821371,184.62656960000004]","[293.36197620157895,48.31043282705791,170.3052283603664]","[16.611442550175905,9.039949992533684,9.703597039145711]","[267.63698768921523,33.656355835968895,154.70807302372216]","[321.6594368012828,63.394210096735804,186.66589188716054]","[false,false,true]","[54.02244911206759,29.73785426076691,31.957818863438376]"
57,rough Linear NPE,"[332.15273677999994,70.39821371,184.62656960000004]","[301.6844378950857,70.25369391601286,179.90621024309857]","[16.983053928826,9.579345848221127,10.812842954772766]","[275.5420685652689,54.78657262123123,163.05733500392918]","[330.24544354006366,86.53069378518751,198.28934152833835]","[false,true,true]","[54.70337497479477,31.74412116395628,35.23200652440917]"
58,rough Linear NPE,"[332.15273677999994,70.39821371,184.62656960000004]","[383.2901081270942,89.48551260328995,180.6668770354554]","[22.337534749839893,11.903369399182004,11.115011069443794]","[348.35299178205844,70.86909172803816,162.76408575035956]","[420.44494140317727,109.73379635303327,199.7009090260419]","[false,false,true]","[72.09194962111883,38.86470462499511,36.93682327568234]"
59,rough Linear NPE,"[332.15273677999994,70.39821371,184.62656960000004]","[325.0940047740663,65.59506939774477,191.26637465358522]","[19.132311313360695,10.7190425226343,11.753948163473328]","[295.6798957510756,48.899739288849915,172.57674715485908]","[358.02959228959855,83.72398794213808,211.18814620268085]","[true,true,true]","[62.34969653852295,34.824248653288166,38.61139904782178]"
60,rough Linear NPE,"[332.15273677999994,70.39821371,184.62656960000004]","[353.0381170416927,74.00937240858681,205.1591095886727]","[21.810761140270237,12.165587439241225,12.620346549726964]","[319.30365684302615,54.65422458319813,184.799291868835]","[390.70630841367546,94.71741378011622,226.3625077666145]","[true,true,false]","[71.40265157064931,40.06318919691809,41.563215897779486]"
61,rough Linear NPE,"[332.15273677999994,70.39821371,184.62656960000004]","[332.67739601370914,73.78966850497441,196.33797530621504]","[19.257624003832078,11.355060513899042,12.615091680917732]","[302.9360149420412,56.02118190522103,176.59366324114538]","[365.3651828598138,93.3434809975933,218.11630542411913]","[true,true,true]","[62.42916791777259,37.322299092372276,41.522642182973755]"
62,rough Linear NPE,"[332.15273677999994,70.39821371,184.62656960000004]","[354.7844192883683,85.99111549925094,198.80923619357696]","[21.093776099016885,12.498907242323098,13.285829365719072]","[321.85685985719397,66.02605334299099,178.0216068626258]","[390.7160700467037,107.56603889738626,221.41778125852824]","[true,true,true]","[68.85921018950972,41.53998555439527,43.39617439590245]"
63,rough Linear NPE,"[332.15273677999994,70.39821371,184.62656960000004]","[379.3747265868442,75.87241136347764,196.321536180974]","[24.82799009534603,13.156147355587844,11.858624699741277]","[340.54796511877834,55.56010429996508,177.36295600484456]","[422.74352819693013,98.30732576680094,216.26754663389877]","[false,true,true]","[82.19556307815179,42.74722146683586,38.90459062905421]"
64,rough Linear NPE,"[332.15273677999994,70.39821371,184.62656960000004]","[352.3437816603551,75.17536307230525,189.78553801783613]","[19.77164450649863,10.78678487315564,10.874700408140994]","[321.8773503267774,57.711778397508716,172.4269422516279]","[386.5411915325745,93.18399077658266,208.35849276391957]","[true,true,true]","[64.6638412057971,35.472212379073945,35.931550512291665]"
65,rough Linear NPE,"[332.15273677999994,70.39821371,184.62656960000004]","[325.317517837999,61.25227110578286,176.68469303503912]","[18.159194561435395,10.323769154934814,10.705088067174039]","[297.2855598183302,45.026075364679016,159.84526858232863]","[356.34843652977287,78.90811056321662,194.8095882613232]","[true,true,true]","[59.06287671144264,33.88203519853761,34.96431967899457]"
66,rough Linear NPE,"[332.15273677999994,70.39821371,184.62656960000004]","[356.2630769749321,80.94105026499233,191.8114303653697]","[20.904197222697793,12.226238566590608,12.60456029532937]","[323.6802289563093,61.82269603026914,171.9237426308436]","[392.12210149512566,102.08544796954918,213.48712308328177]","[true,true,true]","[68.44187253881637,40.26275193928004,41.56338045243817]"
67,rough Linear NPE,"[332.15273677999994,70.39821371,184.62656960000004]","[357.08847750759236,89.46085028290477,199.77195170036651]","[20.196614930819695,11.529214143210632,13.137874624170271]","[325.72817501967876,70.76392414087537,178.81085005901372]","[391.4006741201435,108.31208399349207,222.31869509530557]","[true,false,true]","[65.67249910046473,37.54815985261669,43.507845036291855]"
68,rough Linear NPE,"[332.15273677999994,70.39821371,184.62656960000004]","[328.3883666501429,68.99445990223083,187.30667029712808]","[18.510080619328697,11.5138961089729,12.848869709520464]","[299.5215261416001,51.27905135180446,167.89990560563632]","[359.72885299424956,88.5384130949085,210.27285245793206]","[true,true,true]","[60.20732685264949,37.259361743104044,42.37294685229574]"
69,rough Linear NPE,"[332.15273677999994,70.39821371,184.62656960000004]","[320.62942633031673,70.31394549357688,161.99130441016385]","[19.56707855811754,10.320248179441519,9.594019778254316]","[289.8866395160139,54.63163270409933,146.96691710208606]","[353.59850552448205,88.33721387205941,178.24964396683984]","[true,true,false]","[63.71186600846818,33.70558116796008,31.282726864753784]"
70,rough Linear NPE,"[332.15273677999994,70.39821371,184.62656960000004]","[324.33015514671996,76.73964426460915,191.0988979560024]","[18.691247384763475,11.386873784328023,12.308560150704011]","[295.3401442752075,58.9891961116364,171.69241331320546]","[356.57719186626565,96.20077676182274,212.38507511801853]","[true,true,true]","[61.23704759105817,37.211580650186335,40.69266180481307]"
71,rough Linear NPE,"[332.15273677999994,70.39821371,184.62656960000004]","[328.72276154094965,67.07640150583678,193.39688493821095]","[17.959171142508936,10.28543349574039,11.345084217103238]","[300.96132603934626,50.681170785119804,175.31855688038561]","[359.2466186113527,84.18242439828849,212.2854264126771]","[true,true,true]","[58.285292572006426,33.501253613168686,36.9668695322915]"
72,rough Linear NPE,"[332.15273677999994,70.39821371,184.62656960000004]","[330.85979694950464,54.54129496931123,178.68107370391397]","[18.594379884098068,10.005826622262576,10.519343297474922]","[301.6852694794507,38.74395757414342,162.11283269659833]","[362.16665049302867,71.17490428705484,196.39578324497458]","[true,true,true]","[60.48138101357796,32.43094671291142,34.28295054837625]"
73,rough Linear NPE,"[332.15273677999994,70.39821371,184.62656960000004]","[367.05413608204276,87.3706476849479,207.2312720992078]","[23.449529229345277,12.769914067060816,13.13514820594238]","[331.46227050958885,66.74339408808424,186.1561817344539]","[408.11395954425325,109.04954941036334,229.59210690211785]","[true,true,false]","[76.6516890346644,42.306155322279096,43.43592516766395]"
74,rough Linear NPE,"[332.15273677999994,70.39821371,184.62656960000004]","[319.0031965398056,50.205817434030244,173.1242890957557]","[20.280014338277272,11.745860206634074,12.275771871296211]","[287.74834893354364,32.370153317701885,154.26889290466963]","[354.89067950998225,70.54880036733161,194.1007202168125]","[true,true,true]","[67.14233057643861,38.178647049629724,39.83182731214288]"
75,rough Linear NPE,"[332.15273677999994,70.39821371,184.62656960000004]","[336.1040118943413,66.1711454755596,195.75674678869024]","[19.84125858241128,10.955390008874097,11.412811345322066]","[305.3498886203428,48.79596278607116,177.64116843671425]","[370.63730376573994,84.69710583960445,215.30404901525642]","[true,true,true]","[65.28741514539712,35.90114305353329,37.66288057854217]"
76,rough Linear NPE,"[332.15273677999994,70.39821371,184.62656960000004]","[328.8921868859947,63.59636408925519,180.36436823716616]","[19.143048527247373,10.401602122058327,11.100338621636427]","[298.82722765907295,46.975804674271686,162.93924954644373]","[361.2053408373519,80.93454929700235,199.35489571868354]","[true,true,true]","[62.378113178278966,33.95874462273066,36.4156461722398]"
77,rough Linear NPE,"[332.15273677999994,70.39821371,184.62656960000004]","[353.54921988439514,57.014313314117004,163.49925446551265]","[21.559605201186635,11.359264785043678,11.971236211834437]","[319.430042149196,39.33102903562949,145.79247372105849]","[390.20677799364574,76.35515939697551,185.219768794506]","[true,true,true]","[70.77673584444972,37.02413036134602,39.42729507344751]"
78,rough Linear NPE,"[332.15273677999994,70.39821371,184.62656960000004]","[351.1029718771593,87.6930913842422,188.77237640608593]","[21.673246474643467,12.450470412077683,11.631135269667771]","[316.83676065944155,67.93065911638128,170.2871339205009]","[388.0727287798694,108.29345365365079,209.034719452389]","[true,true,true]","[71.23596812042786,40.36279453726951,38.74758553188809]"
79,rough Linear NPE,"[332.15273677999994,70.39821371,184.62656960000004]","[328.87329210889925,87.86755979496674,201.65252540260983]","[18.559359171534105,11.816876981825207,13.959427509850794]","[299.5443065584461,69.0740351852541,180.21435306890027]","[360.46205602793407,107.37129361705787,225.80533404436548]","[true,true,true]","[60.917749469487944,38.29725843180377,45.590980975465214]"
80,rough Linear NPE,"[332.15273677999994,70.39821371,184.62656960000004]","[349.61233082025495,72.91287683466112,194.36631559938922]","[19.349296855336995,10.561715822357908,11.113040849706595]","[320.21736269260856,55.89242086680139,176.37306652708165]","[381.9850541395638,90.29248420603525,213.2096668584234]","[true,true,true]","[61.76769144695521,34.40006333923387,36.83660033134174]"
81,rough Linear NPE,"[332.15273677999994,70.39821371,184.62656960000004]","[333.44988551256023,69.33240959350252,196.98815794243095]","[18.291922399273613,10.58882816164642,11.7243595248282]","[305.12697242432006,52.24443849421964,178.74287152287317]","[364.0046689246408,86.75307079272744,216.94188373230958]","[true,true,true]","[58.877696500320724,34.508632298507806,38.199012209436404]"
82,rough Linear NPE,"[332.15273677999994,70.39821371,184.62656960000004]","[373.48414874283833,80.31159075638652,171.0228717009637]","[21.611439783377115,11.066638870528752,10.111390601795678]","[339.7048193552667,63.08038492604439,154.5552405129882]","[409.42902432787,99.11704738833897,188.60037294828646]","[false,true,true]","[69.72420497260333,36.036662462294586,34.04513243529826]"
83,rough Linear NPE,"[332.15273677999994,70.39821371,184.62656960000004]","[330.86855999688424,69.66099992656439,176.810768323941]","[19.237139342502843,10.889225770537172,11.321571433037269]","[300.54213241459945,51.99888644222781,158.76650689657717]","[364.22333065061207,88.27243736066418,195.78535052674334]","[true,true,true]","[63.68119823601262,36.27355091843638,37.018843630166174]"
84,rough Linear NPE,"[332.15273677999994,70.39821371,184.62656960000004]","[322.217785302912,76.06475306525223,188.00271473831242]","[18.609716501261698,11.880091974709394,12.299214439219432]","[293.18793937008184,58.22211274638796,168.94840096657558]","[353.25888886353493,97.3371593582812,209.29682326942896]","[true,true,true]","[60.0709494934531,39.11504661189324,40.34842230285338]"
85,rough Linear NPE,"[332.15273677999994,70.39821371,184.62656960000004]","[358.77141473085743,83.24397297708724,174.98901585633712]","[20.71421746142834,11.026488683790467,11.620722845826167]","[326.2009569364175,66.1354852739752,157.62014382466322]","[393.57377269434045,101.63475183582567,195.62782044649703]","[true,true,true]","[67.37281575792292,35.49926656185046,38.00767662183381]"
86,rough Linear NPE,"[332.15273677999994,70.39821371,184.62656960000004]","[346.23711809885793,78.17395075024862,190.65929856015424]","[18.68897373061781,10.664114541275744,11.0837835968052]","[316.50641491235945,60.85136684002269,172.97128431144688]","[377.3944484932462,96.0436383457326,209.3658441489992]","[true,true,true]","[60.88803358088677,35.19227150570991,36.39455983755232]"
87,rough Linear NPE,"[332.15273677999994,70.39821371,184.62656960000004]","[317.79371631120483,66.464027716112,199.37408275109235]","[19.271555559833498,11.236325778582037,12.313531832872052]","[287.71673549352874,48.35022685581254,179.77366388572608]","[350.65788691826907,85.62214599458069,220.21711897342027]","[true,true,true]","[62.941151424740326,37.271919138768155,40.44345508769419]"
88,rough Linear NPE,"[332.15273677999994,70.39821371,184.62656960000004]","[325.16444300135976,68.40076948101215,198.1141939958714]","[18.017296806199568,10.235806193548703,11.545596374849849]","[297.2501350758185,51.97158790116355,179.72930400943096]","[355.67787993644515,85.76970376640193,217.67783761441893]","[true,true,true]","[58.42774486062666,33.79811586523838,37.94853360498797]"
89,rough Linear NPE,"[332.15273677999994,70.39821371,184.62656960000004]","[359.24438495791236,76.17541650018799,186.09801112219796]","[22.030746950784273,12.838645939777203,13.341730857085128]","[323.8432080445302,56.04790793937725,165.687939745447]","[396.2861167309204,98.22174001854636,209.54804827753682]","[true,true,true]","[72.44290868639024,42.17383207916911,43.86010853208981]"
90,rough Linear NPE,"[332.15273677999994,70.39821371,184.62656960000004]","[328.7861845337716,57.49332711684633,166.12188000249503]","[20.216346064125126,11.372754023043399,12.252286616767364]","[297.7697291126263,40.22696052652223,148.396578148321]","[363.84515806109476,75.85959156682242,188.20492366495205]","[true,true,true]","[66.07542894846847,35.63263104030019,39.80834551663105]"
91,rough Linear NPE,"[332.15273677999994,70.39821371,184.62656960000004]","[335.3080788688666,60.009235911856926,166.48763419842726]","[19.342243397695146,10.35388571941061,11.231538698957198]","[305.42477033315885,43.54886981371254,149.57485450662196]","[367.61955302302664,77.50573256949242,186.59615050034725]","[true,true,true]","[62.19478268986779,33.95686275577988,37.02129599372529]"
92,rough Linear NPE,"[332.15273677999994,70.39821371,184.62656960000004]","[344.91743249321166,58.19380011301262,182.2464320162462]","[19.23013797137206,10.14958633663245,10.867946092751202]","[315.0653557377268,41.97814877331161,165.21983939152537]","[377.1792289129972,75.3506042984902,200.54470919705713]","[true,true,true]","[62.113873175270385,33.37245552517859,35.32486980553176]"
93,rough Linear NPE,"[332.15273677999994,70.39821371,184.62656960000004]","[337.67857743247595,66.63341935432172,188.64448594986968]","[19.168313945111265,10.851997456300618,11.41733678997379]","[307.2050928654573,49.60300592081949,170.04871233717853]","[369.8036094675247,85.28629691111406,207.74947251838498]","[true,true,true]","[62.598516602067434,35.68329099029457,37.70076018120645]"
94,rough Linear NPE,"[332.15273677999994,70.39821371,184.62656960000004]","[286.07662177986384,50.59535891335489,159.60269678893718]","[15.256932028741833,8.229924251985674,9.111572918986356]","[262.1185219271076,37.38697871857236,145.40311305855337]","[311.7096546849707,64.65774042370695,175.43330064381468]","[false,false,false]","[49.59113275786308,27.270761705134596,30.030187585261302]"
95,rough Linear NPE,"[332.15273677999994,70.39821371,184.62656960000004]","[332.44658047621976,64.82188540990145,197.922234707905]","[19.057326623117614,11.428633223692247,12.49751134488431]","[302.2460652793361,46.28457420678662,177.87734666071577]","[364.26385306230173,83.5581846580425,218.7962965084375]","[true,true,true]","[62.01778778296563,37.273610451255884,40.918949847721734]"
96,rough Linear NPE,"[332.15273677999994,70.39821371,184.62656960000004]","[334.7971800820989,71.96176365043057,180.05277584488155]","[18.84116520577536,10.565334652936139,11.115589603217046]","[305.81874288282893,55.131638455094134,162.76646219149995]","[367.1441772437437,89.70667402279348,199.4437743725226]","[true,true,true]","[61.325434360914755,34.575035567699345,36.67731218102264]"
97,rough Linear NPE,"[332.15273677999994,70.39821371,184.62656960000004]","[387.87586577285424,95.60156696154952,205.86899542270353]","[22.723121108790753,12.341157579341626,12.412516255331203]","[352.45592448938436,75.96138645333748,186.41306710459313]","[425.85571911735593,116.16782657232902,227.01385782846617]","[false,false,false]","[73.39979462797157,40.20644011899154,40.60079072387305]"
98,rough Linear NPE,"[332.15273677999994,70.39821371,184.62656960000004]","[335.7794938940436,70.6464840281461,188.99242745222645]","[19.4475851887183,10.627312681415162,10.874596251863807]","[305.15063368764186,53.62068174902347,171.86611546695386]","[368.606890210738,88.46037149479447,207.4140871371965]","[true,true,true]","[63.45625652309616,34.839689745771004,35.547971670242646]"
99,rough Linear NPE,"[332.15273677999994,70.39821371,184.62656960000004]","[356.4955989713293,92.38384288928296,188.32683651064332]","[21.807928068636336,12.000078259898439,11.373642128891879]","[322.29584536036197,73.25218909788279,170.5548110137694]","[393.51376350202236,112.43769459131924,207.68308727343853]","[true,false,true]","[71.21791814166039,39.18550549343645,37.12827625966912]"
0,full all-pair MPLE,"[332.15273677999994,70.39821371,184.62656960000004]","[344.56638210812775,66.68950742079659,148.92588707232034]","[38.728193040871,22.572031844735676,18.596740253819203]","[280.8641733195744,29.561818973319,118.33697141635139]","[408.26859089668113,103.81719586827418,179.51480272828928]","[true,true,false]","[127.40441757710676,74.25537689495519,61.177831311937894]"
1,full all-pair MPLE,"[332.15273677999994,70.39821371,184.62656960000004]","[355.1919201398496,39.21674124400745,113.68063785739261]","[49.96058798158613,17.85831728142388,14.495695685996218]","[273.0140657937096,9.84242329240724,89.83734023309694]","[437.36977448598964,68.59105919560767,137.52393548168828]","[true,false,false]","[164.35570869228002,58.74863590320043,47.686595248591345]"
2,full all-pair MPLE,"[332.15273677999994,70.39821371,184.62656960000004]","[443.34884783323054,94.71539201440402,254.03885081317497]","[65.67286021251792,37.94687928724897,29.25160039844392]","[335.32660552039346,32.298329987282884,205.9242498036594]","[551.3710901460677,157.13245404152514,302.15345182269056]","[false,true,false]","[216.04448462567422,124.83412405424225,96.22920201903116]"
3,full all-pair MPLE,"[332.15273677999994,70.39821371,184.62656960000004]","[233.32626828038767,47.37450641122569,207.82649860643977]","[38.40726015061976,23.888832661571,23.4909701903169]","[170.15194712037203,8.080873364203853,169.18729108828813]","[296.5005894404033,86.66813945824752,246.4657061245914]","[false,true,true]","[126.34864232003127,78.58726609404367,77.27841503630327]"
4,full all-pair MPLE,"[332.15273677999994,70.39821371,184.62656960000004]","[246.17253016667652,76.15703880364767,187.8974396287486]","[25.8205569879031,14.839815801061125,21.241262639704647]","[203.70149335521694,51.747713959980516,152.9586717348016]","[288.6435669781361,100.56636364731482,222.8362075226956]","[false,true,true]","[84.94207362291917,48.8186496873343,69.87753578789398]"
5,full all-pair MPLE,"[332.15273677999994,70.39821371,184.62656960000004]","[318.7109795494884,107.77778093515525,234.38666385156506]","[48.96952707802514,22.976986749794204,29.614434439254918]","[238.16327532510047,69.98400094334035,185.67525395404004]","[399.2586837738763,145.57156092697016,283.0980737490901]","[true,true,false]","[161.09540844877586,75.58755998362982,97.42281979505003]"
6,full all-pair MPLE,"[332.15273677999994,70.39821371,184.62656960000004]","[313.10285474622884,76.06715153978323,188.08490093794214]","[50.78941657273035,17.894238713033108,23.321962222207034]","[229.56169868582413,46.63374809111529,149.7236867891197]","[396.64401080663356,105.50055498845117,226.44611508676456]","[true,true,true]","[167.08231212080943,58.866806897335884,76.72242829764485]"
7,full all-pair MPLE,"[332.15273677999994,70.39821371,184.62656960000004]","[312.57179272299607,42.30276195125808,204.82043546788293]","[41.002028376736895,23.33521957265278,33.9332179665391]","[245.12945763515324,3.9197414014711853,149.00525882148625]","[380.0141278108389,80.68578250104497,260.6356121142796]","[true,true,true]","[134.88467017568564,76.76604109957378,111.63035329279333]"
8,full all-pair MPLE,"[332.15273677999994,70.39821371,184.62656960000004]","[399.0684285540514,23.05476513612502,183.74052113190402]","[49.74878394134638,22.760472605451213,20.181647450085144]","[317.2389608517027,-14.382880780081017,150.54466512577557]","[480.89789625640014,60.49241105233106,216.93637713803247]","[true,false,true]","[163.65893540469744,74.87529183241207,66.3917120122569]"
9,full all-pair MPLE,"[332.15273677999994,70.39821371,184.62656960000004]","[342.84528238865937,34.74665881869593,142.22664836516904]","[51.88922909455398,16.284951876200484,18.95350904592956]","[257.49509571276644,7.96029666039739,111.05090026751428]","[428.1954690645523,61.533020976994464,173.40239646282382]","[true,false,false]","[170.70037335178586,53.572724316597075,62.35149619530954]"
10,full all-pair MPLE,"[332.15273677999994,70.39821371,184.62656960000004]","[335.88239136224047,77.19091271983258,178.37013578071736]","[40.6409685885988,23.596719544869536,26.52908919760002]","[269.0339467764629,38.37776299229725,134.73366719432588]","[402.730835948018,116.00406244736791,222.00660436710885]","[true,true,true]","[133.69688917155509,77.62629945507067,87.27293717278297]"
11,full all-pair MPLE,"[332.15273677999994,70.39821371,184.62656960000004]","[341.3246721736331,91.84125601543633,159.26554947515987]","[38.633613908649075,20.018457149962835,17.292973543289527]","[277.7780322137488,58.91382416634734,130.82113922170424]","[404.87131213351734,124.76868786452532,187.7099597286155]","[true,true,true]","[127.09327991976852,65.85486369817798,56.88882050691126]"
12,full all-pair MPLE,"[332.15273677999994,70.39821371,184.62656960000004]","[392.0442148994677,84.52223012658848,231.24717579574386]","[48.237495323049636,18.93565385878945,24.404645496512376]","[312.7005957622949,53.37585119826103,191.10510613634057]","[471.3878340366405,115.66860905491593,271.38924545514715]","[true,true,false]","[158.68723827434565,62.2927578566549,80.28413931880658]"
13,full all-pair MPLE,"[332.15273677999994,70.39821371,184.62656960000004]","[307.3424005747596,65.42698012996941,146.962076282087]","[32.924344827937475,27.405341229979136,28.905601355096817]","[253.18667256952574,20.349205209995525,99.41659305394262]","[361.4981285799935,110.5047550499433,194.50755951023137]","[true,true,true]","[108.31145601046774,90.15554983994778,95.09096645628875]"
14,full all-pair MPLE,"[332.15273677999994,70.39821371,184.62656960000004]","[297.4847229389275,61.30566246131995,154.6925799902785]","[39.15166714844645,22.8830803709037,18.027030463803637]","[233.0859612286086,23.666344717416976,125.0407535487264]","[361.88348464924644,98.94498020522292,184.34440643183058]","[true,true,false]","[128.79752342063784,75.27863548780594,59.30365288310418]"
15,full all-pair MPLE,"[332.15273677999994,70.39821371,184.62656960000004]","[334.4310745439026,65.55948036061334,196.3503300405523]","[35.96140815593308,25.127660763407526,23.031447268879827]","[275.2798219083338,24.22815641711628,158.46697046639378]","[393.58232717947135,106.89080430411039,234.23368961471084]","[true,true,true]","[118.30250527113753,82.66264788699411,75.76671914831707]"
16,full all-pair MPLE,"[332.15273677999994,70.39821371,184.62656960000004]","[368.3493219630197,86.81998102189998,241.04495714993323]","[51.763159033439095,26.4596463899135,41.84323067348503]","[283.20650208440156,43.297735689597346,172.2189674132843]","[453.4921418416378,130.3422263542026,309.87094688658215]","[true,true,true]","[170.28563975723625,87.04449066460526,137.65197947329784]"
17,full all-pair MPLE,"[332.15273677999994,70.39821371,184.62656960000004]","[353.35597954434917,89.11751843765347,179.7186164268879]","[39.64451658005976,21.542145011170494,19.517144070689007]","[288.14655265890013,53.68384308371514,147.61577121448067]","[418.5654064297982,124.5511937915918,211.82146163929514]","[true,true,true]","[130.41885377089807,70.86735070787665,64.20569042481446]"
18,full all-pair MPLE,"[332.15273677999994,70.39821371,184.62656960000004]","[269.95620034485125,63.09594725590972,222.11661839414978]","[30.930055091216843,21.182856828794932,23.864847587441467]","[219.0807870462544,28.25324837187263,182.8624372833026]","[320.8316136434481,97.93864613994681,261.37079950499697]","[false,true,true]","[101.75082659719374,69.68539776807418,78.50836222169437]"
19,full all-pair MPLE,"[332.15273677999994,70.39821371,184.62656960000004]","[330.50218666699834,48.61188316437632,160.46229622077067]","[41.38703966781135,18.561733667469912,28.187623897624956]","[262.4265643606144,18.0805482189312,114.09778081761829]","[398.5778089733823,79.14321810982145,206.82681162392305]","[true,true,true]","[136.15124461276787,61.06266989089025,92.72903080630476]"
20,full all-pair MPLE,"[332.15273677999994,70.39821371,184.62656960000004]","[394.16793845185293,94.8994498020908,215.90857484564629]","[44.17810621901688,25.70403367416633,26.086298087998767]","[321.5014202056557,52.62007678585555,173.00043282186428]","[466.8344566980502,137.17882281832604,258.8167168694283]","[true,true,true]","[145.3330364923945,84.55874603247048,85.81628404756404]"
21,full all-pair MPLE,"[332.15273677999994,70.39821371,184.62656960000004]","[315.21588699032094,56.089970346357795,174.7473345002041]","[47.97649998965722,26.598227332359528,18.573368649741763]","[236.30156697389603,12.339779648246463,144.1968617119696]","[394.1302070067459,99.84016104446913,205.29780728843858]","[true,true,true]","[157.82864003284985,87.50038139622266,61.10094557646897]"
22,full all-pair MPLE,"[332.15273677999994,70.39821371,184.62656960000004]","[312.83625034373995,58.5827209248655,179.42211511453772]","[31.568860392570265,19.2365770199518,21.51851644383051]","[260.9100958282961,26.94136744346645,144.02730529528822]","[364.7624048591838,90.22407440626455,214.81692493378722]","[true,true,true]","[103.85230903088768,63.2827069627981,70.789619638499]"
23,full all-pair MPLE,"[332.15273677999994,70.39821371,184.62656960000004]","[359.8732739284501,24.073688473445973,166.78551436019188]","[51.12659441440012,23.780761736585486,21.761254763286658]","[275.7775096722472,-15.042183720645436,130.99143553578483]","[443.96903818465296,63.18956066753738,202.57959318459893]","[true,false,true]","[168.19152851240574,78.23174438818282,71.5881576488141]"
24,full all-pair MPLE,"[332.15273677999994,70.39821371,184.62656960000004]","[323.3553732596626,67.18425767203169,180.0832777034324]","[39.22545132965284,22.222248425958284,22.671634158010544]","[258.8352473712747,30.631911749577576,142.7917580297119]","[387.8754991480505,103.73660359448581,217.3747973771529]","[true,true,true]","[129.0402517767758,73.10469184490825,74.583039347441]"
25,full all-pair MPLE,"[332.15273677999994,70.39821371,184.62656960000004]","[311.22768754527476,97.99069022438742,216.78054960747497]","[38.60632210700868,21.97274775008076,22.7935972788706]","[247.72593860430476,61.8487363935773,179.28841845205346]","[374.72943648624477,134.13264405519755,254.27268076289647]","[true,true,true]","[127.00349788194,72.28390766162025,74.98426231084301]"
26,full all-pair MPLE,"[332.15273677999994,70.39821371,184.62656960000004]","[265.1881815694628,-3.79599798424115,235.15275711879596]","[39.295353313135365,27.515699179151323,41.879719582949]","[200.5530771500126,-49.05529557717383,166.26674846707172]","[329.823285988913,41.463299608691536,304.0387657705202]","[false,false,true]","[129.27020883890043,90.51859518586537,137.77201730344845]"
27,full all-pair MPLE,"[332.15273677999994,70.39821371,184.62656960000004]","[359.3328898111423,82.32599123680043,209.83508634484554]","[45.55591729038532,23.979852708353263,30.14351765454152]","[284.40007402695073,42.8826435357035,160.2534120016972]","[434.2657055953339,121.76933893789737,259.4167606879939]","[true,true,true]","[149.86563156838315,78.88669540219388,99.16334868629667]"
28,full all-pair MPLE,"[332.15273677999994,70.39821371,184.62656960000004]","[297.96152150395295,3.0167195452271427,178.72409286647888]","[37.885159831907906,22.49715360982254,28.84962798178214]","[235.64597894680304,-33.98780516597385,131.27067764444388]","[360.27706406110286,40.02124425642813,226.1775080885139]","[true,false,true]","[124.63108511429982,74.00904942240199,94.90683044407001]"
29,full all-pair MPLE,"[332.15273677999994,70.39821371,184.62656960000004]","[354.5347119081103,67.42016462166605,169.73021050269097]","[51.78885080477695,17.09888951759811,23.25970636723234]","[269.3496328262243,39.294994181802295,131.47139812272263]","[439.7197909899963,95.5453350615298,207.9890228826593]","[true,true,true]","[170.37015816377198,56.2503408797275,76.51762475993667]"
30,full all-pair MPLE,"[332.15273677999994,70.39821371,184.62656960000004]","[353.49552628582626,35.11268324022286,131.01174131396968]","[45.82184854875575,16.985176324453636,19.1919709862827]","[278.1252925067843,7.17455435853503,99.44375822883516]","[428.8657600648682,63.05081212191068,162.57972439910418]","[true,false,false]","[150.74046755808388,55.87625776337565,63.135966170269015]"
31,full all-pair MPLE,"[332.15273677999994,70.39821371,184.62656960000004]","[378.03078355387254,106.22479158012771,191.26977662420114]","[35.529100274271364,28.091439697195867,39.63824933558806]","[319.5906141054148,60.01848510790655,126.07065843855237]","[436.4709530023303,152.4310980523489,256.4688948098499]","[true,true,true]","[116.88033889691553,92.41261294444234,130.39823637129757]"
32,full all-pair MPLE,"[332.15273677999994,70.39821371,184.62656960000004]","[294.60089754174334,56.63928345410731,200.1074214042811]","[33.35734520168648,19.28437891205841,30.881081105173244]","[239.73294730127708,24.919302857101556,149.31256314425434]","[349.4688477822096,88.35926405111306,250.90227966430786]","[true,true,true]","[109.73590048093251,63.4399611940115,101.58971652005351]"
33,full all-pair MPLE,"[332.15273677999994,70.39821371,184.62656960000004]","[292.37801778153755,106.4068101145271,208.2972525133476]","[37.696394983796566,24.933003081200656,25.307475577378447]","[230.3729657694445,65.395669565622,166.67015952091086]","[354.38306979363057,147.4179506634322,249.92434550578432]","[true,true,true]","[124.01010402418606,82.02228109781021,83.25418598487346]"
34,full all-pair MPLE,"[332.15273677999994,70.39821371,184.62656960000004]","[285.0487926880922,43.48704311039326,159.90929739613222]","[41.98061144127455,17.21791257470964,20.221933676659354]","[215.99683169727132,15.16609716334876,126.64717644410698]","[354.10075367891307,71.80798905743777,193.17141834815746]","[true,true,true]","[138.10392198164175,56.64189189408901,66.52424190405048]"
35,full all-pair MPLE,"[332.15273677999994,70.39821371,184.62656960000004]","[361.496801455985,68.63457713940612,171.31558206726288]","[56.80366550235053,26.50347322153195,24.076280355729075]","[268.06308623030554,25.040243084158085,131.71362500064146]","[454.93051668166447,112.22891119465416,210.9175391338843]","[true,true,true]","[186.86743045135893,87.18866811049608,79.20391413324285]"
36,full all-pair MPLE,"[332.15273677999994,70.39821371,184.62656960000004]","[298.32144791279694,57.00951106441895,174.59294458262863]","[69.31689775651759,30.161810006118035,22.431142550769625]","[184.30529722896466,7.397748480434515,137.69699840132972]","[412.3375985966292,106.62127364840339,211.48889076392754]","[true,true,true]","[228.03230136766456,99.22352516796887,73.79189236259782]"
37,full all-pair MPLE,"[332.15273677999994,70.39821371,184.62656960000004]","[325.51820836343717,77.81280408725596,236.0010626830549]","[44.10627429660914,26.378154520950286,36.08864735548558]","[252.96984311534317,34.42460095118452,176.64052018861182]","[398.06657361153117,121.2010072233274,295.36160517749795]","[true,true,true]","[145.096730496188,86.77640627214288,118.72108498888613]"
38,full all-pair MPLE,"[332.15273677999994,70.39821371,184.62656960000004]","[343.1600107617528,60.54759891985211,168.34518329589338]","[50.6525017137008,20.621003734685303,22.305610992970163]","[259.8440596038064,26.629066135475156,131.6557181527378]","[426.4759619196992,94.46613170422907,205.03464843904896]","[true,true,true]","[166.63190231589283,67.83706556875391,73.37893028631117]"
39,full all-pair MPLE,"[332.15273677999994,70.39821371,184.62656960000004]","[388.04852202257,52.22027816728234,191.35961271876286]","[34.707255452912435,27.477918222871562,24.53512635941455]","[330.96016700931574,7.023124717316115,151.0029211387672]","[445.1368770358243,97.41743161724855,231.71630429875853]","[true,true,true]","[114.17671002650854,90.39430689993245,80.71338315999134]"
40,full all-pair MPLE,"[332.15273677999994,70.39821371,184.62656960000004]","[288.33870158486167,57.176182138591386,186.87302305977272]","[43.15317443956256,27.950873093777535,22.10703659291258]","[217.35804609347764,11.20108715383111,150.51018373877156]","[359.3193570762457,103.15127712335166,223.23586238077388]","[true,true,true]","[141.96131098276805,91.95018996952055,72.72567864200232]"
41,full all-pair MPLE,"[332.15273677999994,70.39821371,184.62656960000004]","[360.5056641148401,43.57161587355417,159.31109258977355]","[40.04610731300217,23.368267932467145,28.398043929244185]","[294.63567925576064,5.134235609261822,112.60046703442904]","[426.37564897391957,82.00899613784652,206.02171814511806]","[true,true,true]","[131.73996971815893,76.8747605285847,93.42125111068901]"
42,full all-pair MPLE,"[332.15273677999994,70.39821371,184.62656960000004]","[347.9562395791493,82.8129831774235,173.42855229070997]","[43.8566365354058,24.978038847432064,23.388529524269668]","[275.8184919079947,41.72776538509012,134.95784467365343]","[420.09398725030394,123.89820096975689,211.89925990776652]","[true,true,true]","[144.27549534230923,82.17043558466676,76.9414152341131]"
43,full all-pair MPLE,"[332.15273677999994,70.39821371,184.62656960000004]","[354.3611778110533,64.62014857608595,227.47560270643115]","[39.46028394678106,23.10877059055615,24.88012138123753]","[289.4547866406556,26.60960345582017,186.55144481350973]","[419.26756898145106,102.63069369635173,268.39976059935253]","[true,true,false]","[129.81278234079548,76.02109024053155,81.8483157858428]"
44,full all-pair MPLE,"[332.15273677999994,70.39821371,184.62656960000004]","[325.44947040994697,64.21873539578968,138.67363239267107]","[34.266882455504664,16.683179350086473,14.818719274202854]","[269.0854645186904,36.77734733271805,114.29900824772282]","[381.81347630120354,91.6601234588613,163.0482565376193]","[true,true,false]","[112.72801178251314,54.882776126143256,48.74924828989647]"
45,full all-pair MPLE,"[332.15273677999994,70.39821371,184.62656960000004]","[297.80175208917194,40.99291774635043,168.70046829803135]","[38.46150895084807,24.517847360493107,25.842993136607276]","[234.538199593343,0.6646475904007758,126.1925273060009]","[361.0653045850009,81.32118790230008,211.2084092900618]","[true,true,true]","[126.5271049916579,80.6565403118993,85.01588198406091]"
46,full all-pair MPLE,"[332.15273677999994,70.39821371,184.62656960000004]","[306.20896248955125,80.20597694934952,186.15211622707275]","[48.29816626445006,20.033583718885403,27.668877947636023]","[226.76554853436537,47.253664108504914,140.64086198122607]","[385.6523764447371,113.15828979019412,231.66337047291944]","[true,true,true]","[158.88682791037175,65.9046256816892,91.02250849169337]"
47,full all-pair MPLE,"[332.15273677999994,70.39821371,184.62656960000004]","[236.4929183367699,48.40405914376916,134.86268140012535]","[27.240742520863176,18.11371109719864,17.64464396814397]","[191.68588420047692,18.60965574799086,105.83982477285633]","[281.29995247306283,78.19846253954746,163.88553802739438]","[false,true,false]","[89.61406827258591,59.58880679155661,58.04571325453804]"
48,full all-pair MPLE,"[332.15273677999994,70.39821371,184.62656960000004]","[345.335533472688,83.35075480062555,206.64334845625913]","[31.222874970178964,23.980402086395824,35.8847915422795]","[293.9784743341368,43.90650345306275,147.6181189355432]","[396.69259261123915,122.79500614818835,265.66857797697503]","[true,true,true]","[102.71411827710233,78.8885026951256,118.05045904143182]"
49,full all-pair MPLE,"[332.15273677999994,70.39821371,184.62656960000004]","[354.82780313586727,82.00230211505203,202.63138698909458]","[53.528320073323336,23.95872173450996,25.929464143472007]","[266.7815517186421,42.59371177292227,159.9812138477965]","[442.87405455309244,121.4108924571818,245.28156013039265]","[true,true,true]","[176.09250283445033,78.81718068425954,85.30034628259614]"
50,full all-pair MPLE,"[332.15273677999994,70.39821371,184.62656960000004]","[368.00675725367154,101.22523792003939,208.2109410177147]","[50.24516396925425,27.713637815064903,22.816495225637077]","[285.3608170620723,55.64036024391043,170.68114609150462]","[450.6526974452708,146.81011559616834,245.7407359439248]","[true,true,true]","[165.29188038319853,91.16975535225791,75.05958985242017]"
51,full all-pair MPLE,"[332.15273677999994,70.39821371,184.62656960000004]","[262.31823813337087,52.032673952207276,172.859033488152]","[27.31264161594058,20.066402920198833,25.23396316562687]","[217.3929405097653,19.026378329048626,131.3528576528108]","[307.2435357569764,85.03896957536593,214.3652093234932]","[false,true,true]","[89.85059524721112,66.0125912463173,83.01235167068239]"
52,full all-pair MPLE,"[332.15273677999994,70.39821371,184.62656960000004]","[282.6447908414671,58.20862650141396,207.34671133249643]","[29.828983446970895,25.61283311258105,31.044791419590638]","[233.58047923044163,16.07926505968227,156.28257356803084]","[331.7091024524926,100.33798794314565,258.410849096962]","[false,true,true]","[98.12862322205095,84.25872288346338,102.12827552893117]"
53,full all-pair MPLE,"[332.15273677999994,70.39821371,184.62656960000004]","[228.9363788679807,69.50428955623354,234.94189558665852]","[26.65917520975967,18.95415809537744,22.686907968280522]","[185.08593783267276,38.327473867240364,197.62525273071805]","[272.78681990328863,100.68110524522672,272.258538442599]","[false,true,false]","[87.70088207061588,62.35363137798635,74.63328571188094]"
54,full all-pair MPLE,"[332.15273677999994,70.39821371,184.62656960000004]","[297.4546646255694,35.691882313754,156.13242155391507]","[42.88870501327632,26.224376941488163,21.007422600765317]","[226.9090226292301,-7.443379212995346,121.57828629614392]","[368.00030662190875,78.82714384050334,190.68655681168622]","[true,true,true]","[141.09128399267865,86.27052305349869,69.1082705155423]"
55,full all-pair MPLE,"[332.15273677999994,70.39821371,184.62656960000004]","[282.7008370040473,56.90666404698971,154.68841250855985]","[32.116701753352864,18.982100321969103,23.782371373461554]","[229.87356363932614,25.683887485242135,115.56989269741476]","[335.5281103687684,88.12944060873728,193.80693231970494]","[true,true,true]","[105.65454672944227,62.445553123495145,78.23703962229018]"
56,full all-pair MPLE,"[332.15273677999994,70.39821371,184.62656960000004]","[320.51243939328253,65.50610041656827,193.36529025692744]","[34.8916289117324,23.526699401341627,17.641996463637945]","[263.1208170275747,26.808123576074486,164.34678838704752]","[377.9040617589904,104.20407725706207,222.38379212680735]","[true,true,true]","[114.78324473141572,77.39595368098759,58.037003739759825]"
57,full all-pair MPLE,"[332.15273677999994,70.39821371,184.62656960000004]","[332.7292635948227,85.73513347450303,167.88920835059943]","[30.163759237299754,20.9637685870789,26.486503250059354]","[283.1142948108593,51.252802679474975,124.32278741447738]","[382.34423237878616,120.21746426953109,211.4556292867215]","[true,true,true]","[99.22993756792687,68.96466159005612,87.13284187224411]"
58,full all-pair MPLE,"[332.15273677999994,70.39821371,184.62656960000004]","[336.75175238307975,82.74753450944362,198.6086569663808]","[41.91900302010443,27.174868436634533,22.897884235186545]","[267.8011282272713,38.04885359951625,160.9449890326193]","[405.7023765388882,127.446215419371,236.2723249001423]","[true,true,true]","[137.90124831161688,89.39736181985475,75.327335867523]"
59,full all-pair MPLE,"[332.15273677999994,70.39821371,184.62656960000004]","[391.2069847359188,78.89714543457907,203.05447551532865]","[55.94717731761439,20.925561210779932,29.65555756647472]","[299.18206720734366,44.477660181032675,154.27542409284456]","[483.23190226449395,113.31663068812547,251.83352693781274]","[true,true,true]","[184.0498350571503,68.8389705070928,97.55810284496818]"
60,full all-pair MPLE,"[332.15273677999994,70.39821371,184.62656960000004]","[322.91981320081857,59.88852531704398,213.82623997984052]","[48.54830769356703,20.22687934024153,33.30262581322314]","[243.0649532086988,26.618269472337907,159.04829512395276]","[402.77467319293834,93.15878116175006,268.6041848357283]","[true,true,true]","[159.70971998423954,66.54051168941214,109.55588971177554]"
61,full all-pair MPLE,"[332.15273677999994,70.39821371,184.62656960000004]","[303.66469476907855,76.25918008268948,202.93794206060883]","[38.55922390066808,28.431945660910703,27.60430705624858]","[240.24041548363078,29.49279114105336,157.53289747965624]","[367.0889740545263,123.0255690243256,248.34298664156142]","[true,true,true]","[126.84855857089553,93.53277788327225,90.81008916190518]"
62,full all-pair MPLE,"[332.15273677999994,70.39821371,184.62656960000004]","[308.94274094806127,80.71356798130928,191.0564559715525]","[35.999440034333816,28.282923703622448,24.468800480304935]","[249.72893143936528,34.19229834661415,150.80886075437104]","[368.15655045675726,127.23483761600441,231.30405118873398]","[true,true,true]","[118.42761901739198,93.04253926939026,80.49519043436294]"
63,full all-pair MPLE,"[332.15273677999994,70.39821371,184.62656960000004]","[368.9957945954051,38.639688731610484,188.03065718578526]","[50.10633147770787,28.109993082547273,17.282221010490787]","[286.5782135310646,-7.597135343798172,159.60393327490257]","[451.41337565974555,84.87651280701914,216.45738109666794]","[true,true,true]","[164.83516212868096,92.47364815081731,56.85344782176537]"
64,full all-pair MPLE,"[332.15273677999994,70.39821371,184.62656960000004]","[368.8632357507343,87.1218312618028,203.7913252367945]","[49.71588745796834,25.450817210150014,24.70681919916745]","[287.0878779483839,45.258962264808616,163.15222406660968]","[450.6385935530847,128.98470025879698,244.43042640697934]","[true,true,true]","[163.55071560470083,83.72573799398836,81.27820234036966]"
65,full all-pair MPLE,"[332.15273677999994,70.39821371,184.62656960000004]","[311.1983851599773,39.37585789799377,150.8361816882356]","[31.11179021146371,16.283093533162315,20.871536351612164]","[260.0240441896979,12.592552441981685,116.50555942023685]","[362.3727261302567,66.15916335400586,185.16680395623433]","[true,false,true]","[102.34868194055878,53.566610912024174,68.66124453599748]"
66,full all-pair MPLE,"[332.15273677999994,70.39821371,184.62656960000004]","[309.4070554448432,71.57128668109908,184.8094122220857]","[36.13396214170496,19.734488044582395,21.927687392918386]","[249.97197675993263,39.11094244493727,148.74157608318586]","[368.8421341297538,104.03163091726088,220.87724836098556]","[true,true,true]","[118.87015736982116,64.9206884723236,72.1356722777997]"
67,full all-pair MPLE,"[332.15273677999994,70.39821371,184.62656960000004]","[348.99800155062525,80.69824269874876,174.32033673147052]","[37.65651260144938,24.403548294877307,21.929169130146686]","[287.05855021978743,40.557977775434416,138.2500633517165]","[410.93745288146306,120.8385076220631,210.39061011122453]","[true,true,true]","[123.87890266167562,80.2805298466287,72.14054675950803]"
68,full all-pair MPLE,"[332.15273677999994,70.39821371,184.62656960000004]","[286.4669874905333,52.020262846217655,162.77212150960838]","[44.1569051608719,25.885491321490864,22.109877634787452]","[213.83534188172104,9.442418560642565,126.40460909057502]","[359.0986330993456,94.59810713179274,199.13963392864173]","[true,true,true]","[145.26329121762456,85.15568857115018,72.7350248380667]"
69,full all-pair MPLE,"[332.15273677999994,70.39821371,184.62656960000004]","[309.5257585133026,47.482183370954296,167.2667160523674]","[39.57986300279717,21.084588652749634,19.295314874205083]","[244.42267729890932,12.801121252699218,135.5287473983605]","[374.6288397276959,82.16324548920937,199.0046847063743]","[true,true,true]","[130.20616242878657,69.36212423651016,63.47593730801378]"
70,full all-pair MPLE,"[332.15273677999994,70.39821371,184.62656960000004]","[321.1597611704659,88.11175790688068,199.76177467076556]","[39.09881074231006,22.60274329522985,27.241279647760678]","[256.84794051148805,50.93355361866881,154.9538570393471]","[385.4715818294438,125.28996219509256,244.56969230218402]","[true,true,true]","[128.62364131795573,74.35640857642375,89.61583526283692]"
71,full all-pair MPLE,"[332.15273677999994,70.39821371,184.62656960000004]","[322.3784069257205,55.13269910980018,168.51688961592134]","[61.85759349323821,20.89949685141098,20.350113280992097]","[220.6317199138779,20.756085912295966,135.04393197680818]","[424.1250939375632,89.50931230730438,201.9898472550345]","[true,true,true]","[203.49337402368528,68.75322639500843,66.94591527822632]"
72,full all-pair MPLE,"[332.15273677999994,70.39821371,184.62656960000004]","[331.3735719947146,61.1170837829784,178.65172310515192]","[41.48601269110554,21.287944292182868,19.245834968732872]","[263.1351535519949,26.10153140364053,146.99514165312218]","[399.6119904374343,96.13263616231626,210.30830455718166]","[true,true,true]","[136.4768368854394,70.03110475867572,63.31316290405948]"
73,full all-pair MPLE,"[332.15273677999994,70.39821371,184.62656960000004]","[373.80115967008453,90.94119759591545,245.20991188940155]","[47.63590078529018,24.67488713472852,29.323954029548638]","[295.44707549029954,50.35461999773904,196.97629974734025]","[452.1552438498695,131.52777519409187,293.44352403146286]","[true,true,false]","[156.70816835956998,81.17315519635284,96.46722428412261]"
74,full all-pair MPLE,"[332.15273677999994,70.39821371,184.62656960000004]","[242.93984547393032,67.44531035160804,184.1289518506697]","[31.268818121352812,20.745380411953317,24.150758163621436]","[191.50721657653725,33.32219613851862,144.40448969160911]","[294.3724743713234,101.56842456469747,223.85341400973027]","[false,true,true]","[102.86525779478615,68.24622842617885,79.44892431812116]"
75,full all-pair MPLE,"[332.15273677999994,70.39821371,184.62656960000004]","[336.6335232619168,73.0318615144519,221.52305183324174]","[26.22532625917973,27.819747743944188,26.603207189031934]","[293.49670024651937,27.272448536950293,177.7646699998211]","[379.7703462773143,118.79127449195352,265.2814336666624]","[true,true,true]","[86.27364603079491,91.51882595500322,87.51676366684129]"
76,full all-pair MPLE,"[332.15273677999994,70.39821371,184.62656960000004]","[373.7198073297148,78.85723723349821,164.4143348252528]","[31.89999766455692,19.05927534254043,28.97050014930455]","[321.2489804714249,47.50751905925384,116.76210258007107]","[426.1906341880047,110.20695540774258,212.06656707043453]","[true,true,true]","[104.94165371657982,62.699436348488746,95.30446449036346]"
77,full all-pair MPLE,"[332.15273677999994,70.39821371,184.62656960000004]","[294.0158487830138,74.57390598774955,153.6107897477175]","[40.50711993147041,23.32526401459877,18.629102896558305]","[227.38756564637643,36.207260873736125,122.9686422814614]","[360.64413191965116,112.94055110176299,184.25293721397358]","[true,true,false]","[133.25656627327473,76.73329022802687,61.28429493251218]"
78,full all-pair MPLE,"[332.15273677999994,70.39821371,184.62656960000004]","[403.67388416688345,99.27067785445821,215.25132151424978]","[44.383322296287375,25.536346850240108,25.84835023253698]","[330.6698155116791,57.26712511874999,172.7345688835494]","[476.67795282208783,141.27423059016644,257.76807414495016]","[true,true,true]","[146.00813731040876,84.00710547141645,85.03350526140076]"
79,full all-pair MPLE,"[332.15273677999994,70.39821371,184.62656960000004]","[345.84248521376986,72.84017360343562,151.3494404192075]","[33.487690402292806,21.59599016392478,20.848455428426124]","[290.76013619733055,37.31793085469563,117.05678289142469]","[400.92483423020917,108.3624163521756,185.6420979469903]","[true,true,true]","[110.16469803287862,71.04448549747997,68.58531505556562]"
80,full all-pair MPLE,"[332.15273677999994,70.39821371,184.62656960000004]","[374.7726921710671,69.77764053621232,183.6201162277779]","[44.491142952968495,26.45496671952262,28.09100915583483]","[301.59127431766046,26.263092576725064,137.414517933076]","[447.9541100244737,113.29218849569958,229.8257145224798]","[true,true,true]","[146.36283570681326,87.02909591897452,92.4111965894038]"
81,full all-pair MPLE,"[332.15273677999994,70.39821371,184.62656960000004]","[344.48580370291074,64.37522977802071,180.1385110518822]","[29.247941909509137,21.420160915110557,23.75160607924133]","[296.3772203721887,29.142200406916956,141.07059564651948]","[392.5943870336328,99.60825914912446,219.20642645724493]","[true,true,true]","[96.21716666144414,70.46605874220751,78.13583081072545]"
82,full all-pair MPLE,"[332.15273677999994,70.39821371,184.62656960000004]","[413.82077934176056,99.6155129716832,197.64683195724766]","[39.7079439959103,25.592110479942136,21.274542868713574]","[348.5070236413016,57.52023722740761,162.65332295790958]","[479.1345350422195,141.71078871595878,232.64034095658573]","[false,true,true]","[130.6275114009179,84.19055148855116,69.98701799867615]"
83,full all-pair MPLE,"[332.15273677999994,70.39821371,184.62656960000004]","[290.9406734776208,66.16216898807103,194.54378152385007]","[28.972277207127814,17.03781591437575,25.615936347310978]","[243.28551823243316,38.13745568597858,152.4093157152176]","[338.59582872280845,94.18688229016348,236.67824733248256]","[true,true,true]","[95.31031049037529,56.0494266041849,84.26893161726497]"
84,full all-pair MPLE,"[332.15273677999994,70.39821371,184.62656960000004]","[274.5683879181287,55.362904596865526,166.95471233009192]","[33.0658371671364,21.008327694588516,23.62646869419684]","[220.1799257255776,20.80728059223656,128.09262960638685]","[328.95685011067974,89.9185286014945,205.816795053797]","[false,true,true]","[108.77692438510215,69.11124800925793,77.72416544741014]"
85,full all-pair MPLE,"[332.15273677999994,70.39821371,184.62656960000004]","[334.5157107735238,75.37290913674876,151.59673191670964]","[42.74693729879842,22.117707004723222,18.220496087589257]","[264.20325591652806,38.9925185501798,121.62668284218336]","[404.8281656305195,111.75329972331772,181.56678099123593]","[true,true,false]","[140.62490971399143,72.76078117313793,59.940098149052574]"
86,full all-pair MPLE,"[332.15273677999994,70.39821371,184.62656960000004]","[357.6656875007137,72.3921780046409,177.77668055481558]","[45.292574508569814,27.046243757945014,24.09705519035051]","[283.1660320463229,27.905065863971444,138.14055192611778]","[432.1653429551045,116.87929014531035,217.4128091835134]","[true,true,true]","[148.99931090878158,88.9742242813389,79.27225725739561]"
87,full all-pair MPLE,"[332.15273677999994,70.39821371,184.62656960000004]","[370.23489436928617,96.31287425505573,243.13702372092257]","[36.618435926546766,25.871518054121047,27.468506596055686]","[310.00292722221565,53.758013948994254,197.95535101945995]","[430.4668615163567,138.8677345611172,288.3186964223852]","[true,true,false]","[120.46393429414104,85.10972061212294,90.36334540292523]"
88,full all-pair MPLE,"[332.15273677999994,70.39821371,184.62656960000004]","[354.7208574079027,51.32480490423054,166.07697887699175]","[48.37597852234959,23.398065443060563,29.257055729950356]","[275.1494536780895,12.838412096564483,117.95340464566158]","[434.2922611377159,89.8111977118966,214.2005531083219]","[true,true,true]","[159.1428074596264,76.97278561533211,96.24714846266033]"
89,full all-pair MPLE,"[332.15273677999994,70.39821371,184.62656960000004]","[279.1162230889892,76.62040909957919,181.7355372167531]","[34.60139889553871,19.65358326373091,30.087236518814073]","[222.20198661806774,44.29314138563867,132.246437103835]","[336.0304595599107,108.9476768135197,231.2246373296712]","[true,true,true]","[113.82847294184296,64.65453542788103,98.97820022583619]"
90,full all-pair MPLE,"[332.15273677999994,70.39821371,184.62656960000004]","[256.8908224213504,58.90039371266635,161.9304620991729]","[29.171992741703086,17.924346860472507,15.934479428685675]","[208.90716435475807,29.417466768481926,135.72057581731565]","[304.8744804879427,88.38332065685077,188.14034838103015]","[false,true,true]","[95.96731613318465,58.96585388836884,52.4197725637145]"
91,full all-pair MPLE,"[332.15273677999994,70.39821371,184.62656960000004]","[344.3513656502082,82.29926229439452,149.60614616254833]","[39.02994173632983,19.007424565270565,17.08012323026149]","[280.1528244255015,51.03483105920274,121.51184351847463]","[408.54990687491494,113.56369352958632,177.70044880662203]","[true,true,false]","[128.39708244941346,62.52886247038358,56.1886052881474]"
92,full all-pair MPLE,"[332.15273677999994,70.39821371,184.62656960000004]","[397.275312083355,56.01246336425585,154.14871190068476]","[42.78500353518527,25.21165308105772,17.865615010565822]","[326.90024383937396,14.542984352435823,124.76239025283692]","[467.65038032733605,97.48194237607588,183.5350335485326]","[true,true,false]","[140.7501364879621,82.93895802364005,58.77264329569567]"
93,full all-pair MPLE,"[332.15273677999994,70.39821371,184.62656960000004]","[306.8184760350002,41.68879468708114,178.17294615595128]","[42.86675941326533,29.4235981704245,23.78658091737085]","[236.30893133843455,-6.70871748150428,139.04750226123917]","[377.3280207315658,90.08630685566656,217.2983900506634]","[true,true,true]","[141.01908939313125,96.79502433717084,78.25088778942421]"
94,full all-pair MPLE,"[332.15273677999994,70.39821371,184.62656960000004]","[320.24132734326037,65.26861164344285,159.18029433431659]","[39.64676765769908,19.702766838993394,23.093910350885032]","[255.02819776459174,32.86044414734539,121.19419213317121]","[385.454456921929,97.67677913954032,197.16639653546196]","[true,true,true]","[130.42625915733728,64.81633499219492,75.97220440229074]"
95,full all-pair MPLE,"[332.15273677999994,70.39821371,184.62656960000004]","[412.0520748963289,65.24902041757784,146.22713615285207]","[35.54384632162291,21.541870005523858,16.594016982514745]","[353.5876503584018,29.815797407674808,118.93240713346837]","[470.51649943425605,100.68224342748087,173.52186517223575]","[false,true,false]","[116.92884907585426,70.86644601980606,54.589458038767376]"
96,full all-pair MPLE,"[332.15273677999994,70.39821371,184.62656960000004]","[329.3139359800715,54.09937479259316,155.26883388772967]","[35.79974957327881,23.361548025614237,20.141325675128872]","[270.42858805050946,15.673047791460597,122.13930129938315]","[388.19928390963355,92.52570179372572,188.3983664760762]","[true,true,true]","[117.77069585912409,76.85265400226513,66.25906517669306]"
97,full all-pair MPLE,"[332.15273677999994,70.39821371,184.62656960000004]","[409.0491282419549,86.40824950965586,192.93875368744108]","[41.55759613871282,26.349273160827977,30.505662739879572]","[340.6929655058087,43.0675519835329,142.7614036871918]","[477.40529097810116,129.74894703577883,243.11610368769036]","[false,true,true]","[136.7123254722925,86.68139505224593,100.35470000049855]"
98,full all-pair MPLE,"[332.15273677999994,70.39821371,184.62656960000004]","[354.377014354009,81.16964947229484,208.62998330011703]","[42.387389846188775,22.82248860813319,23.33417974236603]","[284.65596242849944,43.62999630914832,170.24867311894872]","[424.0980662795186,118.70930263544136,247.01129348128535]","[true,true,true]","[139.44210385101917,75.07930632629305,76.76262036233663]"
99,full all-pair MPLE,"[332.15273677999994,70.39821371,184.62656960000004]","[383.1657208686599,117.99669325542655,230.1049794147352]","[49.81969416741564,27.698696392576235,26.26774978803322]","[301.2196162237732,72.4363920322699,186.898375904035]","[465.1118255135466,163.5569944785832,273.3115829254354]","[true,false,false]","[163.8922092897734,91.1206024463133,86.41320702140041]"
0,"Positive(s,w_a) NPE","[332.15273677999994, 70.39821371, 184.62656960000004]","[317.2400549233718, 52.98192155878813, 186.18087073012694]","[17.56884215861284, 10.288925939071609, 11.344619181753139]","[289.7327676478052, 36.790759890670124, 168.1019773725566]","[347.4684952150996, 69.88656805431725, 205.6332243124176]","[true, false, true]","[57.73572756729442, 33.09580816364713, 37.531246939861006]"
1,"Positive(s,w_a) NPE","[332.15273677999994, 70.39821371, 184.62656960000004]","[390.4487429868992, 55.71145193727332, 125.67812286858957]","[25.410170848826223, 10.866114062923293, 8.929697581062062]","[350.36949215316974, 38.74189740996687, 114.8408884876034]","[430.77112811041775, 73.74970437214651, 141.0971918766995]","[false, true, false]","[80.401635957248, 35.00780696217964, 26.256303389096104]"
2,"Positive(s,w_a) NPE","[332.15273677999994, 70.39821371, 184.62656960000004]","[363.6765638884875, 77.6638790801883, 217.57414401334304]","[22.82372126125764, 13.005337030252036, 13.543668954025131]","[326.75358948257343, 57.31567150205514, 195.6612868215404]","[401.29676643109167, 99.85486150408201, 240.31653280147825]","[true, true, false]","[74.54317694851824, 42.53919000202687, 44.65524597993786]"
3,"Positive(s,w_a) NPE","[332.15273677999994, 70.39821371, 184.62656960000004]","[304.3143029123014, 57.005686116745046, 189.2401734566375]","[19.54768797765133, 11.001597244174754, 12.25602637297196]","[275.55160914604335, 40.114497035642216, 170.0270502258211]","[339.22108226399257, 74.57485989288637, 210.09742793843796]","[true, true, true]","[63.669473117949224, 34.46036285724415, 40.070377712616846]"
4,"Positive(s,w_a) NPE","[332.15273677999994, 70.39821371, 184.62656960000004]","[301.8164588676747, 72.02842430556193, 178.76925981703948]","[18.65737722659808, 10.59032728499706, 11.22724013234375]","[274.27147535222616, 55.1915931931533, 161.36836204548524]","[334.8162633927514, 89.45621176190645, 197.36627646249048]","[true, true, true]","[60.54478804052525, 34.26461856875314, 35.997914417005234]"
5,"Positive(s,w_a) NPE","[332.15273677999994, 70.39821371, 184.62656960000004]","[366.85454865013037, 79.2034973848228, 188.94071456007805]","[21.404131232601443, 11.557780944761095, 11.116442683459868]","[333.8455295371669, 61.02300634337344, 171.47977425819352]","[404.12179790336717, 98.28210422882475, 207.32618382381185]","[false, true, true]","[70.27626836620027, 37.25909788545131, 35.84640956561833]"
6,"Positive(s,w_a) NPE","[332.15273677999994, 70.39821371, 184.62656960000004]","[325.6148419862122, 62.527514046317314, 163.71092979373984]","[17.111669599553704, 8.976289353745113, 8.880645812729334]","[299.11516801268175, 48.377215983982936, 149.71337744644902]","[354.6508870168051, 77.37183178078209, 178.58973248835423]","[true, true, false]","[55.53571900412334, 28.994615796799152, 28.876355041905214]"
7,"Positive(s,w_a) NPE","[332.15273677999994, 70.39821371, 184.62656960000004]","[351.8461030964912, 87.90001311813505, 204.13940411770895]","[20.037796159146396, 11.68305231590741, 12.25560829093933]","[319.2556846167468, 68.86988593111836, 184.66830112203442]","[384.2439023625363, 106.86617775019793, 224.71766617332221]","[true, true, false]","[64.98821774578948, 37.99629181907957, 40.04936505128779]"
8,"Positive(s,w_a) NPE","[332.15273677999994, 70.39821371, 184.62656960000004]","[332.47588531928244, 63.44336006451935, 163.84296537886422]","[20.596892243210622, 11.210951417762821, 10.320593883561648]","[298.21921160080694, 45.786356850701466, 148.1099427468797]","[365.9333737525914, 82.5064721341887, 181.84592981352853]","[true, true, false]","[67.71416215178448, 36.72011528348723, 33.73598706664882]"
9,"Positive(s,w_a) NPE","[332.15273677999994, 70.39821371, 184.62656960000004]","[347.6754444290303, 63.810517107918976, 177.39762155152414]","[17.971859010880003, 10.521189939432515, 10.56135770164041]","[319.0161287989924, 47.17792693713314, 160.66746100642422]","[377.8849411259322, 81.0194467766531, 195.16840531479278]","[true, true, true]","[58.8688123269398, 33.84151983951996, 34.50094430836856]"
10,"Positive(s,w_a) NPE","[332.15273677999994, 70.39821371, 184.62656960000004]","[349.2532974953377, 78.40411435421808, 190.37996737509212]","[20.28819308141643, 11.33369690548079, 11.414462933646366]","[318.52991580992455, 60.41114510198181, 172.40663727562776]","[385.1911230260224, 97.34618012956795, 209.75772603532496]","[true, true, true]","[66.66120721609786, 36.935035027586146, 37.351088759697205]"
11,"Positive(s,w_a) NPE","[332.15273677999994, 70.39821371, 184.62656960000004]","[310.3622828820815, 58.8767445568476, 178.84110883066106]","[19.30551503249942, 10.5687763846665, 10.998042328388653]","[281.33175857598724, 41.901779596947, 161.1326297855342]","[344.4505186934488, 76.23607755883135, 197.2602451895224]","[true, true, true]","[63.11876011746159, 34.33429796188435, 36.127615403988216]"
12,"Positive(s,w_a) NPE","[332.15273677999994, 70.39821371, 184.62656960000004]","[338.1615290525999, 81.50710397422078, 196.63365652025678]","[20.745720311782385, 11.880384109290855, 11.20472742928706]","[304.3308609276809, 63.055658211136304, 178.60520380710713]","[372.3942859009563, 101.55484525738723, 215.19191775832405]","[true, true, true]","[68.0634249732754, 38.499187046250924, 36.58671395121692]"
13,"Positive(s,w_a) NPE","[332.15273677999994, 70.39821371, 184.62656960000004]","[357.71005138114185, 75.40413345903937, 174.4607264763041]","[20.850141813952558, 11.83788545014813, 11.302356571962306]","[326.2328513625236, 56.65624675402547, 156.77924117436925]","[394.0479960155972, 94.56463000247132, 193.62798902709847]","[true, true, true]","[67.81514465307362, 37.90838324844585, 36.84874785272922]"
14,"Positive(s,w_a) NPE","[332.15273677999994, 70.39821371, 184.62656960000004]","[334.3498594934237, 64.6122236205284, 186.63923859001497]","[20.869532342941618, 12.121893124794148, 12.165763035641099]","[303.61151651088994, 45.70057182107461, 167.30202798020056]","[372.1888823887099, 83.69823699159453, 207.04472227853017]","[true, true, true]","[68.57736587781994, 37.997665170519916, 39.74269429832961]"
15,"Positive(s,w_a) NPE","[332.15273677999994, 70.39821371, 184.62656960000004]","[305.55228065473494, 46.64149679101463, 188.6739796063888]","[15.320352890229488, 8.807088252922634, 9.802483660404]","[280.1281781063641, 32.39639895031524, 173.18863053411633]","[331.42726693503266, 61.44572449620064, 204.99754725304177]","[false, false, true]","[51.29908882866857, 29.049325545885402, 31.808916718925445]"
16,"Positive(s,w_a) NPE","[332.15273677999994, 70.39821371, 184.62656960000004]","[334.7397167207647, 73.45496852382752, 218.29407183719104]","[18.60650695061826, 11.325540589914533, 12.747323340864789]","[304.329374341802, 55.08188298692999, 197.5193548902701]","[365.68795380421585, 92.50117400138146, 239.67529840388067]","[true, true, false]","[61.35857946241384, 37.41929101445147, 42.155943513610566]"
17,"Positive(s,w_a) NPE","[332.15273677999994, 70.39821371, 184.62656960000004]","[354.4547426243954, 76.0188104075763, 190.99860832382709]","[20.376384344558932, 11.165693510781578, 11.253016465188074]","[322.752921880772, 58.12100894148111, 173.46808653949967]","[389.71499753825003, 94.62392844164665, 210.3880199732419]","[true, true, true]","[66.96207565747801, 36.50291950016555, 36.919933433742244]"
18,"Positive(s,w_a) NPE","[332.15273677999994, 70.39821371, 184.62656960000004]","[292.6131616382858, 55.973289095309816, 173.58648075425808]","[16.170763150109604, 9.457082545299881, 9.991665908302464]","[267.32168846092895, 40.83089850940871, 157.76776289319838]","[320.8602623399122, 71.77258710062566, 190.47536411052437]","[false, true, true]","[53.53857387898324, 30.941688591216945, 32.70760121732599]"
19,"Positive(s,w_a) NPE","[332.15273677999994, 70.39821371, 184.62656960000004]","[353.99508526796944, 81.02009513100069, 170.94236047065786]","[18.750915553684468, 10.370720618698927, 9.662244960800736]","[324.36180654215104, 64.30374116565201, 155.23072113436825]","[384.8808702482041, 97.9656335560483, 186.79670731994702]","[true, true, true]","[60.51906370605303, 33.66189239039629, 31.565986185578765]"
20,"Positive(s,w_a) NPE","[332.15273677999994, 70.39821371, 184.62656960000004]","[327.8099678893952, 59.204301458835836, 176.62074443738038]","[18.39815073659613, 10.047715243608831, 9.872755943506874]","[298.26855455437203, 43.2982629586307, 161.04874520596582]","[358.53127592384703, 76.05000038915088, 192.92490411419703]","[true, true, true]","[60.262721369475, 32.75173743052018, 31.87615890823122]"
21,"Positive(s,w_a) NPE","[332.15273677999994, 70.39821371, 184.62656960000004]","[337.012843644544, 72.47170259686291, 189.7895913186815]","[16.78456363754927, 9.784916343793002, 10.191239182381047]","[310.44290984447963, 56.79067428632597, 173.40643225168083]","[365.5890317661656, 88.34219905731429, 207.0362946599123]","[true, true, true]","[55.14612192168596, 31.551524770988323, 33.629862408231475]"
22,"Positive(s,w_a) NPE","[332.15273677999994, 70.39821371, 184.62656960000004]","[303.070827830769, 63.79925615869067, 184.39203585711368]","[14.838524783913483, 8.910458700917635, 9.470986314651418]","[279.95944458217116, 49.39804884578844, 169.41369472812494]","[327.7252026764531, 78.67809409529828, 200.20610320015035]","[false, true, true]","[47.76575809428192, 29.28004524950984, 30.792408472025414]"
23,"Positive(s,w_a) NPE","[332.15273677999994, 70.39821371, 184.62656960000004]","[368.22848829237086, 80.40768927982948, 188.83376368541155]","[21.861180675176573, 11.67878725091927, 11.538954869530015]","[331.766906939314, 61.47267297892316, 170.53077674317808]","[404.29860517192014, 99.56450194204037, 208.58330259782073]","[true, true, true]","[72.53169823260612, 38.09182896311721, 38.05252585464265]"
24,"Positive(s,w_a) NPE","[332.15273677999994, 70.39821371, 184.62656960000004]","[339.80819071544227, 68.51192630722231, 182.2175373084537]","[17.804185877733843, 9.862286957426539, 10.030190322230874]","[312.0864773701053, 52.38362884752471, 166.32643270322842]","[370.7865973422783, 85.08172531193945, 199.0883594616759]","[true, true, true]","[58.70011997217301, 32.69809646441474, 32.76192675844749]"
25,"Positive(s,w_a) NPE","[332.15273677999994, 70.39821371, 184.62656960000004]","[309.76408475538597, 80.09064934763055, 187.850063897287]","[16.715344143054956, 9.821488022371204, 10.605934249119658]","[283.7033516105344, 63.88370797548127, 171.05871721155768]","[338.1460927849156, 96.73274995967584, 206.00723080526433]","[true, true, true]","[54.44274117438118, 32.84904198419457, 34.94851359370665]"
26,"Positive(s,w_a) NPE","[332.15273677999994, 70.39821371, 184.62656960000004]","[309.9940835999695, 54.05295530166299, 176.76698179661207]","[17.91022307440651, 10.563552740240652, 10.939380575661538]","[280.36741503561507, 37.273809875057204, 159.97392246862142]","[339.3924270800011, 71.36746924234943, 195.8319842633553]","[true, true, true]","[59.02501204438602, 34.093659367292226, 35.858061794733885]"
27,"Positive(s,w_a) NPE","[332.15273677999994, 70.39821371, 184.62656960000004]","[364.5559400064048, 83.00796058221411, 174.36736183581652]","[20.079125619518834, 10.650763527564441, 9.672025605360224]","[331.41870695695656, 65.75494131886838, 159.1308869534091]","[397.2463495743402, 100.71181414850633, 190.91445054452606]","[true, true, true]","[65.82764261738362, 34.95687282963796, 31.783563591116973]"
28,"Positive(s,w_a) NPE","[332.15273677999994, 70.39821371, 184.62656960000004]","[328.8264041841835, 73.26813236996412, 182.91920609862086]","[18.481164125865888, 10.799739706539466, 11.979213792543463]","[297.93622515577664, 55.79179968216661, 164.2660008917947]","[358.9418027446961, 91.17767081175356, 203.206317174829]","[true, true, true]","[61.00557758891944, 35.385871129586945, 38.94031628303429]"
29,"Positive(s,w_a) NPE","[332.15273677999994, 70.39821371, 184.62656960000004]","[315.5322784464717, 66.57481081764702, 176.73452722419435]","[16.012311402172028, 9.356960069274077, 8.919265777563162]","[289.98232499759933, 51.584956495335085, 162.531086802411]","[342.17879564386067, 82.41217746010253, 192.156263352601]","[true, true, true]","[52.19647064626133, 30.82722096476744, 29.62517655018999]"
30,"Positive(s,w_a) NPE","[332.15273677999994, 70.39821371, 184.62656960000004]","[334.83706495263516, 62.87650304822964, 178.72503457894192]","[17.26905254396154, 10.101717723105217, 10.404777693187752]","[306.94561355233185, 46.74901448622578, 162.40322575733074]","[363.2768308939987, 79.52126572211228, 196.34029375209366]","[true, true, true]","[56.33121734166684, 32.77225123588649, 33.93706799476291]"
31,"Positive(s,w_a) NPE","[332.15273677999994, 70.39821371, 184.62656960000004]","[380.3605513251813, 97.42408128346798, 200.8577334945791]","[21.462514713695878, 11.821213582173277, 11.396373382373215]","[347.2471249018919, 78.3227525449214, 182.5250293144493]","[417.0107685536167, 117.14190875148506, 219.7831146990094]","[false, false, true]","[69.7636436517248, 38.81915620656366, 37.258085384560076]"
32,"Positive(s,w_a) NPE","[332.15273677999994, 70.39821371, 184.62656960000004]","[323.73956663623665, 66.91609504997102, 183.90485704873979]","[16.8875562999475, 9.588368749341331, 10.024268483524159]","[296.4025839623765, 51.51301661765161, 168.0203614765988]","[352.418340812209, 82.9424301366865, 201.12355059827928]","[true, true, true]","[56.015756849832485, 31.42941351903489, 33.10318912168049]"
33,"Positive(s,w_a) NPE","[332.15273677999994, 70.39821371, 184.62656960000004]","[331.2266132979986, 92.61646525393951, 197.16390072999826]","[19.93836006651585, 12.21686416414364, 12.33207945575057]","[300.9214447883075, 73.24632218072509, 177.7374722758972]","[367.11636927300276, 112.87123682904486, 218.2207706950176]","[true, false, true]","[66.19492448469526, 39.62491464831977, 40.48329841912039]"
34,"Positive(s,w_a) NPE","[332.15273677999994, 70.39821371, 184.62656960000004]","[328.9339040413595, 68.40542179725873, 186.79843884877482]","[18.22644687462691, 11.143528038647137, 11.426444974903198]","[300.75362442494236, 51.234999404914376, 168.77795595267185]","[360.28765329724484, 86.44732088873408, 206.4262565339698]","[true, true, true]","[59.534028872302486, 35.21232148381971, 37.648300581297946]"
35,"Positive(s,w_a) NPE","[332.15273677999994, 70.39821371, 184.62656960000004]","[359.5026228312239, 90.49869606266357, 192.35169524960523]","[18.353281233948877, 10.576074759498152, 10.411366848741876]","[330.5834626813421, 73.58125498737917, 176.00287860628862]","[390.7566898750756, 107.82801768576682, 209.6193781621619]","[true, false, true]","[60.17322719373351, 34.246762698387656, 33.616499555873276]"
36,"Positive(s,w_a) NPE","[332.15273677999994, 70.39821371, 184.62656960000004]","[352.1170430511886, 77.23553178285412, 190.4352905541034]","[18.977231876481117, 11.19143559937492, 10.956773969363258]","[322.84249656201564, 59.92333129794082, 172.9089062951392]","[385.787166639046, 95.29654241334843, 209.13167474213756]","[true, true, true]","[62.944670077030366, 35.373211115407614, 36.22276844699837]"
37,"Positive(s,w_a) NPE","[332.15273677999994, 70.39821371, 184.62656960000004]","[340.6071280953053, 74.18530445328041, 187.3980429328099]","[19.047901398283663, 10.387313027923256, 10.418749428267388]","[310.3485089284426, 57.32408130337417, 171.10239807084344]","[373.0089045614995, 91.45364698289775, 204.77104451725518]","[true, true, true]","[62.66039563305691, 34.12956567952358, 33.66864644641174]"
38,"Positive(s,w_a) NPE","[332.15273677999994, 70.39821371, 184.62656960000004]","[316.62190251199655, 83.6680614096646, 190.44570777390302]","[17.6688355644977, 10.488680618842505, 10.733568887783301]","[287.6707814941918, 66.97973079846427, 173.81549694147031]","[345.65490543674736, 101.27487484692068, 208.82675309723808]","[true, true, true]","[57.984123942555584, 34.29514404845641, 35.01125615576777]"
39,"Positive(s,w_a) NPE","[332.15273677999994, 70.39821371, 184.62656960000004]","[327.6348968623431, 62.12615173034326, 186.6264558086946]","[19.515933359939073, 11.261919177552267, 10.575082555607805]","[296.05595409815226, 44.87382163314266, 169.8132014347699]","[359.82752282177904, 81.31824860603807, 204.8230475978314]","[true, true, true]","[63.771568723626785, 36.44442697289541, 35.009846163061496]"
40,"Positive(s,w_a) NPE","[332.15273677999994, 70.39821371, 184.62656960000004]","[334.28757835154227, 80.58972898733656, 203.87363693499879]","[18.531098871676708, 11.432343719853778, 12.056465827663198]","[305.60956984906255, 62.525838679062815, 184.34273407714412]","[366.5749059732085, 99.3457064556475, 223.6976642376077]","[true, true, true]","[60.96533612414595, 36.81986777658469, 39.354930160463596]"
41,"Positive(s,w_a) NPE","[332.15273677999994, 70.39821371, 184.62656960000004]","[352.2048300990782, 71.23286438442582, 200.19778870380568]","[17.787683768771544, 10.789900495115026, 11.163880548681766]","[324.0107603875089, 53.86043756569607, 182.31998846206193]","[381.64025598639273, 89.02836768325254, 218.77173114310202]","[true, true, true]","[57.62949559888381, 35.16793011755647, 36.45174268104009]"
42,"Positive(s,w_a) NPE","[332.15273677999994, 70.39821371, 184.62656960000004]","[324.6088564766279, 77.45723378484554, 178.24146769447563]","[16.335532644712142, 9.161976769000752, 9.250869212498525]","[299.2979741450681, 62.703156328582025, 163.54694193272434]","[352.0723816251164, 92.29340832343287, 193.72011222802254]","[true, true, true]","[52.774407480048296, 29.590251994850846, 30.173170295298206]"
43,"Positive(s,w_a) NPE","[332.15273677999994, 70.39821371, 184.62656960000004]","[323.5785658106493, 75.09494458875385, 186.70225150576422]","[19.33134775268669, 11.371520361032776, 10.796920738493663]","[291.9945246850673, 56.86818981977258, 170.0507606599891]","[355.43042235374554, 94.4590003779196, 205.54192581312716]","[true, true, true]","[63.43589766867825, 37.59081055814701, 35.49116515313807]"
44,"Positive(s,w_a) NPE","[332.15273677999994, 70.39821371, 184.62656960000004]","[320.4569745925281, 59.80182322158865, 178.71319175193432]","[19.520234229432663, 11.17786106909739, 11.612682383521229]","[291.18874641207805, 41.97383459317798, 160.26399797290534]","[355.7684839687663, 77.85060078838262, 198.1306474323704]","[true, true, true]","[64.57973755668826, 35.87676619520464, 37.866649459465066]"
45,"Positive(s,w_a) NPE","[332.15273677999994, 70.39821371, 184.62656960000004]","[339.67384543876466, 81.86849774668732, 197.2349025575981]","[18.49106902852179, 11.635026912740896, 12.815677444835755]","[309.2285894463961, 63.35007152898742, 177.04347658346347]","[369.9697800322354, 101.40806274763506, 219.33820119756308]","[true, true, true]","[60.74119058583932, 38.057991218647636, 42.29472461409961]"
46,"Positive(s,w_a) NPE","[332.15273677999994, 70.39821371, 184.62656960000004]","[319.9128627859412, 62.1125066161239, 188.1596822282276]","[18.279793111763084, 10.392168944964883, 10.990602171766069]","[292.4088184755825, 45.29271287861937, 170.7190028609082]","[352.32889687653676, 79.38371841348213, 206.88184463616463]","[true, true, true]","[59.92007840095425, 34.09100553486276, 36.162841775256425]"
47,"Positive(s,w_a) NPE","[332.15273677999994, 70.39821371, 184.62656960000004]","[300.4358078250861, 45.963537689419816, 167.88238631238912]","[21.061966710487997, 12.07609291607325, 12.47850089306885]","[271.46055744357204, 28.750729605037613, 149.16296974355663]","[339.6620688432229, 63.91435854394877, 188.52840743345837]","[true, false, true]","[68.20151139965088, 35.16362893891116, 39.36543768990174]"
48,"Positive(s,w_a) NPE","[332.15273677999994, 70.39821371, 184.62656960000004]","[303.84966812836046, 68.15745047421066, 206.73235054363687]","[15.73451192205858, 9.892583653877416, 11.163591265258598]","[279.20010520581377, 52.43336759723679, 188.96876241937665]","[329.7939166597294, 84.32182646045011, 225.65306506272336]","[false, true, false]","[50.593811453915635, 31.888458863213323, 36.68430264334671]"
49,"Positive(s,w_a) NPE","[332.15273677999994, 70.39821371, 184.62656960000004]","[340.6126961597573, 78.56139938815302, 198.51187965740212]","[17.399559008189488, 10.136197712119849, 10.479092505109115]","[312.49231322840734, 61.99437647269021, 181.76933333608056]","[369.66109083630096, 95.47256988251438, 216.22348643880133]","[true, true, true]","[57.16877760789362, 33.478193409824165, 34.45415310272077]"
50,"Positive(s,w_a) NPE","[332.15273677999994, 70.39821371, 184.62656960000004]","[340.82809562260576, 76.73931648536254, 175.35505731009667]","[17.976095452263763, 9.904756593867672, 9.48193915070924]","[312.2361679371304, 60.815363584650925, 160.36623598227342]","[371.20587760136056, 93.23413640908862, 191.28958428569845]","[true, true, true]","[58.96970966423015, 32.418772824437696, 30.92334830342503]"
51,"Positive(s,w_a) NPE","[332.15273677999994, 70.39821371, 184.62656960000004]","[322.026935727899, 54.2494572249631, 177.67257838060328]","[18.86375330318418, 10.458169973673643, 10.927985449603758]","[294.10294299671045, 38.190676469520575, 160.1847650409301]","[355.61762106865984, 70.98737896738561, 195.58258491987078]","[true, true, true]","[61.51467807194939, 32.796702497865034, 35.39781987894068]"
52,"Positive(s,w_a) NPE","[332.15273677999994, 70.39821371, 184.62656960000004]","[313.28909454598875, 71.45702201704697, 199.22720361028357]","[16.524584885834713, 10.410531093532834, 11.26740960041067]","[287.22227356695765, 54.99794355024628, 181.17704444710785]","[341.22228089357645, 88.87902729581924, 218.0513927229011]","[true, true, true]","[54.0000073266188, 33.88108374557296, 36.87434827579327]"
53,"Positive(s,w_a) NPE","[332.15273677999994, 70.39821371, 184.62656960000004]","[258.79413940182855, 53.26177852215681, 186.54010128234333]","[16.757330844891918, 9.507519154822354, 11.550476298410345]","[234.4008534485153, 38.34059634158163, 167.80918857991136]","[289.051642337023, 69.21086504105165, 205.50342211663258]","[false, false, true]","[54.65078888850769, 30.870268699470017, 37.694233536721214]"
54,"Positive(s,w_a) NPE","[332.15273677999994, 70.39821371, 184.62656960000004]","[353.4224470104378, 69.45695022692506, 184.8584810341656]","[19.54297912093399, 11.511916302024499, 11.562302802656736]","[323.30671529303993, 51.90298362449735, 166.47000747165995]","[386.7164043634238, 88.42462879790116, 204.47486142262122]","[true, true, true]","[63.40968907038388, 36.52164517340381, 38.00485395096126]"
55,"Positive(s,w_a) NPE","[332.15273677999994, 70.39821371, 184.62656960000004]","[334.5178738087999, 79.00820159088731, 185.95192094015366]","[19.724149892348777, 11.912489092384712, 11.720914953353953]","[304.23734922416645, 60.7045364135701, 167.40705301042019]","[369.25526095524583, 98.59870915162345, 205.91136417759867]","[true, true, true]","[65.01791173107938, 37.89417273805335, 38.504311167178486]"
56,"Positive(s,w_a) NPE","[332.15273677999994, 70.39821371, 184.62656960000004]","[303.91562415169483, 46.1625812216976, 165.39826332298279]","[15.811667595094724, 8.655126575170348, 8.786535797860218]","[278.95536052986114, 32.356927060057906, 151.5589993898674]","[331.06393767733164, 60.47766422766713, 180.1816794133852]","[false, false, false]","[52.1085771474705, 28.12073716760922, 28.622680023517802]"
57,"Positive(s,w_a) NPE","[332.15273677999994, 70.39821371, 184.62656960000004]","[322.26271780110284, 77.67630893273648, 191.17658523596998]","[18.536958767889395, 10.395652694364564, 11.133523780520347]","[294.37631540500115, 61.076957561173614, 173.46138315510865]","[355.19871251497017, 95.08909208266417, 209.58536854549007]","[true, true, true]","[60.82239710996902, 34.01213452149055, 36.12398539038142]"
58,"Positive(s,w_a) NPE","[332.15273677999994, 70.39821371, 184.62656960000004]","[352.63184126798825, 76.9450673597572, 173.66852651961435]","[18.448869467114985, 9.878058713821298, 9.508379945614829]","[323.3415879842766, 61.2004203934427, 158.62828460238222]","[383.96484771283616, 93.07356995352727, 189.8828226978587]","[true, true, true]","[60.62325972855956, 31.87314956008457, 31.254538095476477]"
59,"Positive(s,w_a) NPE","[332.15273677999994, 70.39821371, 184.62656960000004]","[327.882818824897, 68.67585008278311, 186.60688208796878]","[18.996572109678898, 10.739006343203737, 10.656969924004306]","[297.947389528937, 51.93312536971971, 169.8173661440791]","[359.927662116293, 87.25754423667405, 204.70314682696943]","[true, true, true]","[61.98027258735601, 35.32441886695434, 34.88578068289033]"
60,"Positive(s,w_a) NPE","[332.15273677999994, 70.39821371, 184.62656960000004]","[333.56026414670333, 70.13989884641374, 205.91192480182877]","[18.059213768886842, 10.594380106371522, 11.5447550567778]","[304.4040028476405, 52.8801545747209, 187.0299362592096]","[364.1570157882833, 88.21026321325607, 225.1166581339836]","[true, true, false]","[59.75301294064275, 35.33010863853517, 38.086721874774014]"
61,"Positive(s,w_a) NPE","[332.15273677999994, 70.39821371, 184.62656960000004]","[338.89027139675466, 73.38140423476467, 199.16561456664823]","[19.107556964106017, 10.808124188673808, 11.543352489044358]","[309.7263029378763, 56.018305811139875, 181.19700211753218]","[372.1607248270384, 91.0962042325708, 218.7512797001834]","[true, true, true]","[62.43442188916208, 35.07789842143092, 37.554277582651224]"
62,"Positive(s,w_a) NPE","[332.15273677999994, 70.39821371, 184.62656960000004]","[358.98322681810146, 83.48742385011829, 200.7582957936669]","[20.451677682764533, 11.792123326572279, 11.729352051640161]","[327.2562760945045, 64.38245382688919, 182.61537665574417]","[394.06474640748786, 102.67749835368676, 220.37515542961538]","[true, true, true]","[66.80847031298333, 38.29504452679757, 37.759778773871204]"
63,"Positive(s,w_a) NPE","[332.15273677999994, 70.39821371, 184.62656960000004]","[359.6536246385817, 68.22661698568501, 184.2284259461844]","[21.430130239192533, 11.173074621852995, 10.57593251875896]","[324.6646387483834, 50.377020326943835, 167.6142528063879]","[395.3674138208496, 86.9208338975155, 201.9529409391765]","[true, true, true]","[70.70277507246618, 36.54381357057166, 34.338688132788604]"
64,"Positive(s,w_a) NPE","[332.15273677999994, 70.39821371, 184.62656960000004]","[345.68438792201823, 76.37921326436317, 187.1957828518295]","[18.2367016385045, 10.170111669669257, 9.954440548130814]","[317.27473985078103, 59.76421959353392, 171.2537788040214]","[375.8730514392037, 93.38756660343348, 204.2389185149039]","[true, true, true]","[58.59831158842269, 33.62334700989956, 32.98513971088249]"
65,"Positive(s,w_a) NPE","[332.15273677999994, 70.39821371, 184.62656960000004]","[318.45339065513986, 63.08324931835397, 182.40410033224708]","[15.914807232344067, 9.662402509059094, 10.493019239387122]","[293.60552693747485, 47.3194280501818, 165.4768567602897]","[345.3150458258675, 79.04612671195075, 200.2707795034296]","[true, true, true]","[51.709518888392665, 31.72669866176895, 34.79392274313989]"
66,"Positive(s,w_a) NPE","[332.15273677999994, 70.39821371, 184.62656960000004]","[357.71796491535855, 77.69327083013849, 191.96218218166564]","[20.506457370998096, 11.250395098595067, 11.152379823587857]","[327.270360173795, 59.97400808327833, 174.46026125555136]","[393.68631945354906, 96.3123272306957, 210.78887202747225]","[true, true, true]","[66.41595927975408, 36.33831914741737, 36.32861077192089]"
67,"Positive(s,w_a) NPE","[332.15273677999994, 70.39821371, 184.62656960000004]","[342.9465154867634, 81.91220752547565, 190.77097565774855]","[18.197973381470682, 10.092000240358656, 10.57223657316841]","[314.9515595517664, 65.5377427708847, 174.1015530488346]","[374.0057898282372, 98.58277935077703, 208.25595080832798]","[true, true, true]","[59.054230276470776, 33.045036579892326, 34.15439775949338]"
68,"Positive(s,w_a) NPE","[332.15273677999994, 70.39821371, 184.62656960000004]","[326.08910044905605, 69.30471578833816, 190.3488991214455]","[17.51797142888878, 10.726753439629721, 11.289220375389451]","[299.5325273634637, 52.556376312118836, 172.3960062625516]","[357.38230453138925, 86.179487222079, 209.38911492504496]","[true, true, true]","[57.84977716792554, 33.62311090996017, 36.99310866249337]"
69,"Positive(s,w_a) NPE","[332.15273677999994, 70.39821371, 184.62656960000004]","[325.28143258157456, 82.83252100584012, 166.67706725225838]","[18.073235229851115, 9.979042722090622, 9.985556981347305]","[296.22698733808966, 66.6869868415302, 151.50437080976127]","[354.03327433729464, 99.7764203571389, 183.8950071282744]","[true, true, false]","[57.806286999204985, 33.089433515608704, 32.39063631851312]"
70,"Positive(s,w_a) NPE","[332.15273677999994, 70.39821371, 184.62656960000004]","[322.4743167545396, 76.23235292834312, 200.12569403275305]","[18.09848057022894, 10.892836145023287, 11.425188983442826]","[294.9923922205795, 59.02312919459885, 181.97662834048677]","[354.23451831693234, 94.42769708752162, 219.45200494004771]","[true, true, true]","[59.24212609635282, 35.40456789292277, 37.475376599560946]"
71,"Positive(s,w_a) NPE","[332.15273677999994, 70.39821371, 184.62656960000004]","[329.3766238665126, 67.87585741933607, 194.36179481872242]","[16.247351672249145, 9.736397481773915, 10.281898520248673]","[304.1183439667087, 52.22582069485892, 177.65072648471138]","[356.501470116524, 84.0678259451678, 211.44795241203232]","[true, true, true]","[52.38312614981527, 31.84200525030888, 33.79722592732094]"
72,"Positive(s,w_a) NPE","[332.15273677999994, 70.39821371, 184.62656960000004]","[319.07130191692283, 53.023652561701645, 174.60850296982412]","[16.519529482346346, 8.962088661543826, 9.186880237609085]","[293.02675577951135, 38.568606738273765, 160.2048416952983]","[347.8030069582945, 67.7758441548384, 189.95434034517817]","[true, false, true]","[54.77625117878313, 29.20723741656463, 29.749498649879854]"
73,"Positive(s,w_a) NPE","[332.15273677999994, 70.39821371, 184.62656960000004]","[355.5117042928107, 84.30483026750782, 198.2815581344674]","[20.861447712066077, 11.513062275525531, 11.534006316230833]","[322.3364544835565, 65.7204851314521, 180.0412090864406]","[389.75327184925766, 103.7781542522909, 217.62612129818848]","[true, true, true]","[67.41681736570115, 38.05766912083881, 37.58491221174788]"
74,"Positive(s,w_a) NPE","[332.15273677999994, 70.39821371, 184.62656960000004]","[314.7783042728692, 58.1503000204031, 180.27998444329265]","[21.40574993079345, 11.333295867242743, 11.934671343837202]","[283.97868553655667, 40.90387218810019, 161.60273882795377]","[353.61236942466536, 76.19456653535411, 200.55316628982996]","[true, true, true]","[69.63368388810869, 35.290694347253925, 38.95042746187619]"
75,"Positive(s,w_a) NPE","[332.15273677999994, 70.39821371, 184.62656960000004]","[329.6159758164119, 66.01741394754701, 197.8308848049258]","[17.670839369549817, 10.242933225063453, 10.678567896337922]","[300.88266609900836, 49.82006355180647, 180.7421499492759]","[358.61286219597844, 83.3671158384469, 215.87590949504906]","[true, true, true]","[57.730196096970076, 33.54705228664044, 35.13375954577316]"
76,"Positive(s,w_a) NPE","[332.15273677999994, 70.39821371, 184.62656960000004]","[311.03521830264276, 56.02032119768093, 178.5593875045354]","[17.405461280290762, 10.050388022608567, 10.015636737665549]","[283.9194325990188, 39.95256855770256, 162.84142432302542]","[340.5989287610391, 72.50407275930182, 195.45178101063414]","[true, true, true]","[56.67949616202026, 32.55150420159926, 32.610356687608714]"
77,"Positive(s,w_a) NPE","[332.15273677999994, 70.39821371, 184.62656960000004]","[344.62931545841263, 54.87769628967042, 162.12322984344578]","[21.002765505662065, 12.24121787958347, 11.359285740850005]","[312.72260193940565, 36.0530744604213, 144.6372892688312]","[380.4949462702661, 75.0501990730687, 181.49920425248843]","[true, true, false]","[67.77234433086045, 38.9971246126474, 36.861914983657215]"
78,"Positive(s,w_a) NPE","[332.15273677999994, 70.39821371, 184.62656960000004]","[347.05363459166, 89.08790774650787, 196.10558212920412]","[20.906074391911563, 11.768975076416256, 11.11266795738724]","[312.36427680715593, 70.46789614130293, 178.31376297338926]","[381.46286342720964, 108.6585259443533, 215.140381919415]","[true, false, true]","[69.09858662005371, 38.19062980305037, 36.82661894602575]"
79,"Positive(s,w_a) NPE","[332.15273677999994, 70.39821371, 184.62656960000004]","[322.6372346817345, 84.024593982044, 208.48756269769638]","[17.99592887003242, 11.583406077398974, 12.786028477716888]","[294.7445248934921, 65.59155329625032, 188.05948912700902]","[353.8180567037364, 103.13542640854945, 229.4948892773718]","[true, true, false]","[59.073531810244276, 37.543873112299124, 41.435400150362796]"
80,"Positive(s,w_a) NPE","[332.15273677999994, 70.39821371, 184.62656960000004]","[351.0975460149335, 75.06682369205181, 190.03482503905047]","[18.255859791859002, 10.066273979266818, 9.999612365638926]","[322.5169769029417, 59.017783122704714, 173.8719653808257]","[381.2040095962354, 91.67704616703038, 207.075623114438]","[true, true, true]","[58.6870326932937, 32.65926304432567, 33.20365773361229]"
81,"Positive(s,w_a) NPE","[332.15273677999994, 70.39821371, 184.62656960000004]","[328.6658922026687, 70.22640904088117, 198.14588415002345]","[16.306117977424506, 9.989854131389164, 10.383555266884004]","[302.99003967360136, 53.82621409454774, 181.6972097303331]","[355.82991299807077, 86.60553990188258, 215.86579488984194]","[true, true, true]","[52.83987332446941, 32.77932580733484, 34.16858515950884]"
82,"Positive(s,w_a) NPE","[332.15273677999994, 70.39821371, 184.62656960000004]","[374.2986823953179, 82.86730262578995, 172.41588142502334]","[21.102739999011344, 10.634833392424515, 9.478304276065904]","[340.0961393992444, 66.24744656428877, 157.11591847555027]","[409.22295985107377, 100.75373023632511, 188.46864040779437]","[false, true, true]","[69.12682045182936, 34.506283672036346, 31.352721932244094]"
83,"Positive(s,w_a) NPE","[332.15273677999994, 70.39821371, 184.62656960000004]","[333.0435691370034, 75.50381056376847, 181.87845520940172]","[18.516069871912613, 10.5268740096347, 10.684899754538883]","[304.9098190440667, 58.693637504237365, 164.77007734008762]","[365.3308653702366, 93.02922285392171, 199.94349097248897]","[true, true, true]","[60.421046326169915, 34.335585349684344, 35.17341363240135]"
84,"Positive(s,w_a) NPE","[332.15273677999994, 70.39821371, 184.62656960000004]","[322.7335959549563, 74.62145305823421, 192.01794596073202]","[17.522972600236827, 10.952777157821995, 11.970178390186247]","[295.808445232879, 57.86908138745299, 173.24899906709783]","[353.4894161536388, 92.46460415819357, 212.24207288257082]","[true, true, true]","[57.68097092075976, 34.59552277074058, 38.993073815473]"
85,"Positive(s,w_a) NPE","[332.15273677999994, 70.39821371, 184.62656960000004]","[368.4705136116055, 84.333319735375, 173.459089281476]","[20.481071474510777, 10.927602986863768, 10.243149487064725]","[337.3106767700709, 67.30425000262659, 157.58346052920947]","[404.56933300575844, 102.4685738577674, 190.88648056788418]","[false, true, true]","[67.25865623568751, 35.16432385514081, 33.3030200386747]"
86,"Positive(s,w_a) NPE","[332.15273677999994, 70.39821371, 184.62656960000004]","[334.9388775073627, 72.32149248934292, 183.10836256595692]","[16.815047318036537, 9.53219277405904, 9.477804267175003]","[307.8644386101878, 56.72813954989432, 167.95118882180608]","[362.9970023643334, 88.32417340455, 199.23737332558565]","[true, true, true]","[55.13256375414562, 31.596033854655673, 31.286184503779566]"
87,"Positive(s,w_a) NPE","[332.15273677999994, 70.39821371, 184.62656960000004]","[309.76358006307026, 69.09569282243214, 199.3293386904313]","[18.11031849257272, 11.172954006466256, 11.54917678472761]","[280.7759893133385, 51.17467834013761, 180.87026328155756]","[339.78603423120904, 88.24526961494394, 218.70576689484147]","[true, true, true]","[59.010044917870516, 37.070591274806326, 37.83550361328392]"
88,"Positive(s,w_a) NPE","[332.15273677999994, 70.39821371, 184.62656960000004]","[321.769101191764, 64.8809746276212, 188.34603343829878]","[16.17233334237482, 9.465043915764106, 9.706527618069066]","[296.1925186139509, 49.567915842767285, 172.9746382942847]","[348.9573319075711, 80.81644719559378, 204.8216576096036]","[true, true, true]","[52.76481329362019, 31.248531352826497, 31.847019315318903]"
89,"Positive(s,w_a) NPE","[332.15273677999994, 70.39821371, 184.62656960000004]","[348.65835739144643, 74.60853434160394, 185.58464540569955]","[21.500847733212474, 11.847195009626734, 11.890328697711919]","[316.1067856925256, 55.897098499842734, 166.98644335381363]","[386.76141667008113, 93.71641137017654, 205.46823972460166]","[true, true, true]","[70.65463097755554, 37.81931287033381, 38.48179637078803]"
90,"Positive(s,w_a) NPE","[332.15273677999994, 70.39821371, 184.62656960000004]","[323.8502554300007, 57.88508917092936, 162.87035806026145]","[20.42367160358656, 11.436671115051778, 11.402470778134607]","[293.84639067911866, 41.006870857228385, 145.70586295072405]","[360.5655105508697, 75.77230726950256, 181.96899065350672]","[true, true, false]","[66.71911987175105, 34.76543641227418, 36.26312770278267]"
91,"Positive(s,w_a) NPE","[332.15273677999994, 70.39821371, 184.62656960000004]","[335.4498071975643, 60.6671303458378, 162.99134804008088]","[19.40917079493869, 10.351163814202375, 10.325546241446986]","[306.42149064524386, 44.23756616858302, 146.97901657585894]","[369.84112490275226, 77.71299939587438, 180.59581965404075]","[true, true, false]","[63.41963425750839, 33.475433227291354, 33.61680307818182]"
92,"Positive(s,w_a) NPE","[332.15273677999994, 70.39821371, 184.62656960000004]","[334.30321970689545, 60.806259199551654, 185.42183649329428]","[17.65425377710166, 10.053271398847054, 10.165119610704927]","[306.3410217568478, 44.77548994349613, 169.21091691411976]","[363.85633889760703, 77.51347912147929, 202.1106815575309]","[true, true, true]","[57.51531714075924, 32.73798917798316, 32.899764643411146]"
93,"Positive(s,w_a) NPE","[332.15273677999994, 70.39821371, 184.62656960000004]","[344.6310939860694, 62.62455775356764, 184.05332932803987]","[17.737249990319544, 9.981430578436616, 10.195873897460126]","[316.6890253912042, 46.65915641274039, 167.469579964967]","[374.664116030697, 79.38914026334798, 201.10760302899507]","[true, true, true]","[57.975090639492805, 32.729983850607596, 33.63802306402806]"
94,"Positive(s,w_a) NPE","[332.15273677999994, 70.39821371, 184.62656960000004]","[287.4229725752637, 48.10832018956823, 160.2012141172309]","[14.519432686895374, 7.921982698063603, 8.430204120789115]","[264.80575864118276, 35.41028354874544, 146.86524857927753]","[312.5700744421099, 61.58650777708968, 174.52414694757817]","[false, false, false]","[47.764315800927136, 26.17622422834424, 27.65889836830064]"
95,"Positive(s,w_a) NPE","[332.15273677999994, 70.39821371, 184.62656960000004]","[328.057814971958, 63.3437946919936, 186.90858815119714]","[17.460595292987623, 10.596120188059446, 10.44372491393226]","[300.14532718998083, 45.82059613411013, 170.15845938273722]","[357.2403769478652, 80.51536205819602, 204.2539194795335]","[true, true, true]","[57.09504975788434, 34.694765924085885, 34.09546009679627]"
96,"Positive(s,w_a) NPE","[332.15273677999994, 70.39821371, 184.62656960000004]","[333.79061517878233, 73.14632687887425, 187.55999219786563]","[17.138601160058755, 10.112314119293554, 10.714428472657069]","[307.15680316911363, 56.90466923802583, 170.44097297877798]","[363.37719524986943, 89.72467783942164, 205.6079060668501]","[true, true, true]","[56.2203920807558, 32.82000860139581, 35.16693308807211]"
97,"Positive(s,w_a) NPE","[332.15273677999994, 70.39821371, 184.62656960000004]","[386.3604444413452, 87.96993593151498, 192.31287928441628]","[21.22667608672348, 11.074573407127675, 10.410037406487305]","[351.8624257397479, 70.20326177236953, 176.2815762409815]","[420.9056730589288, 106.49566052068587, 209.9308774296833]","[false, true, true]","[69.04324731918092, 36.292398748316344, 33.6493011887018]"
98,"Positive(s,w_a) NPE","[332.15273677999994, 70.39821371, 184.62656960000004]","[334.8874105669632, 67.77907280647206, 191.90576564817155]","[17.513759434215938, 9.771742610083336, 10.194589286533589]","[306.96039744484204, 52.03318726867405, 175.92379577715081]","[364.27695877420217, 84.09316600973533, 209.48284065624858]","[true, true, true]","[57.31656132936013, 32.05997874106128, 33.55904487909777]"
99,"Positive(s,w_a) NPE","[332.15273677999994, 70.39821371, 184.62656960000004]","[350.0780902313337, 91.82062781462167, 196.65276543022807]","[19.333070062245316, 10.975051531307356, 10.979484048585897]","[319.35326697923216, 74.13837556581757, 179.4887128862368]","[382.81834105765904, 110.17303235641735, 215.36725138637382]","[true, false, true]","[63.46507407842688, 36.03465679059978, 35.87853850013701]"
