truth_label,test_index,method,truth_u,truth_covariance,u_posterior_mean,covariance_posterior_mean,covariance_error,covariance_posterior_sd,covariance_q05,covariance_q95,covariance_covers90,extremal_ise
low,0,Raw-data NPE,"[0.25,0.25,0.25]","[234.0640775763408,-10.052372427314284,130.1041446427431]","[0.4923149769741412,0.5009665665502945,0.4995059830786295]","[337.2096596270748,67.23823971848087,189.83419710808843]","[103.14558205073402,77.29061214579515,59.730052465345324]","[77.08039896258292,53.73075737905862,43.78109483113858]","[224.95931511150783,-23.668437647520822,125.82499231045297]","[481.1768375137031,153.2197932512812,271.43762120713905]","[true,true,true]",0.0033749866887051866
low,1,Raw-data NPE,"[0.25,0.25,0.25]","[234.0640775763408,-10.052372427314284,130.1041446427431]","[0.5002482718188911,0.4991289609423643,0.5007428804815823]","[341.2105040306417,68.07684660970794,189.30720143349046]","[107.1464264543009,78.12921903702222,59.203056790747354]","[78.83793622998427,52.95757134512093,43.63746360474876]","[226.3060915439054,-21.19829947173161,126.88517901429444]","[489.1312440531119,152.59095371717092,272.12249391972944]","[true,true,true]",0.0034585647727086847
low,2,Raw-data NPE,"[0.25,0.25,0.25]","[234.0640775763408,-10.052372427314284,130.1041446427431]","[0.5200608449313486,0.48229571480491124,0.5193996274776888]","[350.54851564647595,74.25113588975034,185.05408800036972]","[116.48443807013516,84.30350831706463,54.94994335762661]","[79.26488791354514,53.072161899313656,43.55763844980631]","[231.37968138506923,-16.633176268867288,124.312790905098]","[492.96570222828194,156.88490284346366,267.26011501264236]","[true,true,true]",0.003571277467417157
low,3,Raw-data NPE,"[0.25,0.25,0.25]","[234.0640775763408,-10.052372427314284,130.1041446427431]","[0.49778766866610485,0.4964763996759786,0.48940503688703657]","[339.72648045507987,64.33571471797573,188.7868801265122]","[105.66240287873907,74.38808714529002,58.68273548376908]","[77.47339282510033,52.726898286234885,44.171727479553724]","[228.601644571915,-24.63024354163411,124.48440152628183]","[483.9842858816527,148.7890190412435,271.19518765188263]","[true,true,true]",0.0033479680561335798
low,4,Raw-data NPE,"[0.25,0.25,0.25]","[234.0640775763408,-10.052372427314284,130.1041446427431]","[0.5045550367618619,0.5110262796595502,0.5184672672421672]","[343.163639873993,74.42651465498149,192.40526131364916]","[109.09956229765223,84.47888708229577,62.301116670906055]","[78.66167333376197,53.33413665357069,43.86844580118837]","[227.11585494283557,-17.322815525478767,128.21053017669385]","[487.96094435723074,158.9900173684217,274.3672104044306]","[true,true,true]",0.00373411218453696
low,5,Raw-data NPE,"[0.25,0.25,0.25]","[234.0640775763408,-10.052372427314284,130.1041446427431]","[0.5138613503293185,0.5257001090083818,0.5185997323837123]","[347.72935009793395,75.91135795984977,196.44344945619557]","[113.66527252159315,85.96373038716405,66.33930481345246]","[79.73954313007627,54.032274354587734,44.57612370686722]","[228.19663211302498,-16.878145168148386,128.99052795833396]","[496.02837788760166,161.7322029055514,277.73715351940973]","[true,true,true]",0.004013449074305303
low,6,Raw-data NPE,"[0.25,0.25,0.25]","[234.0640775763408,-10.052372427314284,130.1041446427431]","[0.4941506401380925,0.5098243672068938,0.47739172452322226]","[338.2344517964957,60.91323786636642,191.92825606847933]","[104.17037422015491,70.96561029368071,61.82411142573622]","[77.99346173687816,53.389299699973186,42.92901608594413]","[225.5271739346523,-26.79466371262227,127.82593252951192]","[484.2927743721977,147.42653802652995,271.56181813969005]","[true,true,true]",0.0034150862701805757
low,7,Raw-data NPE,"[0.25,0.25,0.25]","[234.0640775763408,-10.052372427314284,130.1041446427431]","[0.5201162763244792,0.5047948727338819,0.49631390074769]","[350.6884936236192,67.89709317083644,190.70915004623427]","[116.6244160472784,77.94946559815072,60.60500540349116]","[79.88216463079533,54.08009009280824,43.33915341575638]","[231.80215699637353,-23.466245075120558,127.33581968309497]","[495.92248097851785,155.51649377069262,270.35105863921007]","[true,true,true]",0.0037056318918060193
low,8,Raw-data NPE,"[0.25,0.25,0.25]","[234.0640775763408,-10.052372427314284,130.1041446427431]","[0.4752224091235951,0.5179058708791714,0.5040861519005048]","[329.03039567394364,68.65151913028392,194.27314156813475]","[94.96631809760285,78.7038915575982,64.16899692539164]","[74.81824439937618,53.186177848609105,44.02514130015336]","[222.77331390064066,-21.189109208840033,128.6046483066639]","[471.52657315092534,152.38444834862568,273.3944603125248]","[true,true,true]",0.0034467393524307004
low,9,Raw-data NPE,"[0.25,0.25,0.25]","[234.0640775763408,-10.052372427314284,130.1041446427431]","[0.5019841199948347,0.4911017287052948,0.49618565658254027]","[341.8624662728529,66.42381630084375,187.19658596937694]","[107.79838869651209,76.47618872815804,57.09244132663383]","[78.12675317003621,53.487095866671766,43.156767312670304]","[226.99158866926237,-22.47363003213833,124.68137683074376]","[484.7509563469153,153.46954870163333,268.0202422991163]","[true,true,true]",0.0033511027757701967
low,10,Raw-data NPE,"[0.25,0.25,0.25]","[234.0640775763408,-10.052372427314284,130.1041446427431]","[0.5038977346041652,0.5015171334090059,0.5092450306329431]","[342.8786745200492,71.16863471494592,189.91831063741947]","[108.81459694370838,81.2210071422602,59.81416599467636]","[79.02777199147755,53.560971694969595,43.55907184432161]","[229.42687533077486,-20.542420996398484,126.80618442581249]","[490.39475208206557,157.95414649784237,271.6758417955245]","[true,true,true]",0.003558408319168331
low,11,Raw-data NPE,"[0.25,0.25,0.25]","[234.0640775763408,-10.052372427314284,130.1041446427431]","[0.5009663031769753,0.4959217819402859,0.5230581352590169]","[341.2406656292883,74.88982351958916,188.37931189410608]","[107.1765880529475,84.94219594690344,58.27516725136297]","[77.54305109917648,53.01528413131204,43.00843679616484]","[228.60312721804954,-18.822275815921223,125.24826784645184]","[486.1321130631337,157.47415655280977,268.2336274045684]","[true,true,true]",0.0035450055423428286
low,12,Raw-data NPE,"[0.25,0.25,0.25]","[234.0640775763408,-10.052372427314284,130.1041446427431]","[0.5170711673150631,0.49429023057245486,0.5089694537719258]","[348.9205207890712,71.32914087057503,187.9783104426588]","[114.8564432127304,81.38151329788931,57.87416579991569]","[78.39870776433487,53.76279756421861,43.053343428084695]","[230.41013729098668,-21.32973620139644,126.11017623237201]","[493.61886854649697,156.30193831068138,268.888293862758]","[true,true,true]",0.0036068825944567955
low,13,Raw-data NPE,"[0.25,0.25,0.25]","[234.0640775763408,-10.052372427314284,130.1041446427431]","[0.49984367685497594,0.5031546479857054,0.4997355226548726]","[340.76313611262896,68.1226791912029,190.37758770173747]","[106.69905853628816,78.17505161851719,60.27344305899436]","[77.66912156598754,53.66336837587492,43.76318599007277]","[227.15246594891192,-22.26915502432644,125.88333909066543]","[484.62013960147084,154.5522579904746,271.98843441537645]","[true,true,true]",0.0034933664918923133
low,14,Raw-data NPE,"[0.25,0.25,0.25]","[234.0640775763408,-10.052372427314284,130.1041446427431]","[0.5052376535675962,0.5085901360253633,0.4880099829259139]","[343.69355383409044,64.71554354355432,191.76137745091611]","[109.62947625774964,74.7679159708686,61.657232808173006]","[79.52672108170792,54.4896119859474,43.60306629190814]","[225.5403663759022,-26.6430928951484,126.47529134252346]","[490.8329203619303,153.13380726413732,271.49454801777165]","[true,true,true]",0.0035459887795681842
low,15,Raw-data NPE,"[0.25,0.25,0.25]","[234.0640775763408,-10.052372427314284,130.1041446427431]","[0.5023235904376893,0.5046060134113345,0.528772894412627]","[341.9866949718022,77.0330817984989,190.77836870744963]","[107.9226173954614,87.08545422581318,60.67422406470652]","[78.07998036688483,53.24406102121586,43.77634161793576]","[228.17787556537493,-17.454924133812735,126.19278607045383]","[487.8672251542289,160.993043689039,270.201238754258]","[true,true,true]",0.0036879455572794875
low,16,Raw-data NPE,"[0.25,0.25,0.25]","[234.0640775763408,-10.052372427314284,130.1041446427431]","[0.5080167487454127,0.5275902120559557,0.4926614547125316]","[344.94623997872964,67.3973882377073,196.72292673046704]","[110.88216240238884,77.44976066502159,66.61878208772393]","[79.6376674840868,54.38458726516186,43.51118746151848]","[229.670162186774,-24.17447488147159,130.6053060563633]","[492.26510708198015,155.76994803078168,274.531847838847]","[true,true,false]",0.0038493403998181887
low,17,Raw-data NPE,"[0.25,0.25,0.25]","[234.0640775763408,-10.052372427314284,130.1041446427431]","[0.4948549806107807,0.4972180161592539,0.5020501476534096]","[338.5818359242121,68.14034913482011,188.77083171355142]","[104.51775834787131,78.1927215621344,58.66668707080831]","[78.13826795327807,53.59037243461045,43.32661616192124]","[224.9663667253296,-23.716766770119882,126.08155211940674]","[486.80808732234374,154.8389073111782,270.3235622915625]","[true,true,true]",0.0033767676510400688
low,18,Raw-data NPE,"[0.25,0.25,0.25]","[234.0640775763408,-10.052372427314284,130.1041446427431]","[0.47819758162365017,0.5096329712998413,0.5211791114475539]","[330.47849270942135,73.60361622352241,192.04487381206968]","[96.41441513308055,83.65598865083669,61.94072916932657]","[75.4591743377349,52.57745418046365,43.671155228812054]","[222.8058042620561,-18.13073586317749,127.40761388922344]","[473.6071610052356,156.34874629779793,271.03536587281314]","[true,true,true]",0.003471949694211286
low,19,Raw-data NPE,"[0.25,0.25,0.25]","[234.0640775763408,-10.052372427314284,130.1041446427431]","[0.5058398915921348,0.5040327287412882,0.48974665597366474]","[343.78307167216394,65.15170365880934,190.43004406537182]","[109.71899409582315,75.20407608612362,60.32589942262871]","[78.78533630692718,53.406276259346214,42.95548044665303]","[226.11606954241714,-22.976678555834606,127.13161562867403]","[490.5621801705317,152.5451017301863,270.4068643213519]","[true,true,true]",0.0035229721309927523
low,20,Raw-data NPE,"[0.25,0.25,0.25]","[234.0640775763408,-10.052372427314284,130.1041446427431]","[0.49555959591946547,0.5241193787172485,0.509881276401462]","[338.79078342152326,71.91700910305349,195.86622796745885]","[104.72670584518247,81.96938153036777,65.76208332471575]","[77.6875052288666,53.222301610048575,43.81005237384334]","[225.91771927672124,-19.7932718208648,129.61543063330572]","[483.14236441264364,156.9645970257673,274.20241587525436]","[true,true,true]",0.0037638708991494033
low,21,Raw-data NPE,"[0.25,0.25,0.25]","[234.0640775763408,-10.052372427314284,130.1041446427431]","[0.50848056606578,0.48155436412437086,0.5413398704262817]","[344.8556250409874,80.03501524150211,184.64166163775784]","[110.79154746464658,90.08738766881639,54.53751699501473]","[78.09034077980411,51.65778773984389,42.4930247113731]","[229.67336259170418,-10.361785078980837,124.41409880992511]","[489.7736276891088,160.64112488655584,265.591599640459]","[true,true,true]",0.0035891358999534987
low,22,Raw-data NPE,"[0.25,0.25,0.25]","[234.0640775763408,-10.052372427314284,130.1041446427431]","[0.49739979409484303,0.5140911576629458,0.5006161576782473]","[339.8872279722487,68.2043666354112,193.19111042968476]","[105.8231503959079,78.25673906272549,63.08696578694165]","[78.72577824909521,53.67093323336255,43.54633505443383]","[225.36850734568446,-23.258456040666815,127.61941412871445]","[485.7036951224013,153.51182482789204,271.5079603163967]","[true,true,true]",0.0035917894743368113
low,23,Raw-data NPE,"[0.25,0.25,0.25]","[234.0640775763408,-10.052372427314284,130.1041446427431]","[0.4974392863101887,0.48747288887860984,0.506499783043515]","[339.72743159279474,69.12472966849647,186.2243898244667]","[105.66335401645395,79.17710209581075,56.12024518172359]","[78.1045838350512,53.17006775064198,42.89336419262508]","[226.95073928535032,-22.561337975812158,124.573243783791]","[489.8374167595902,153.0012500446453,266.64588605701823]","[true,true,true]",0.0033160086017972375
low,24,Raw-data NPE,"[0.25,0.25,0.25]","[234.0640775763408,-10.052372427314284,130.1041446427431]","[0.49152722605245197,0.49983530437107027,0.5091880085286381]","[337.1084296914204,70.51880452257934,189.51585012664177]","[103.04435211507959,80.57117694989363,59.41170548389866]","[78.26933230704579,53.24497786755254,43.60070272620933]","[224.64044403971613,-20.265458003383774,125.49217780212508]","[482.21937026249634,155.41478218525626,269.38382849368276]","[true,true,true]",0.0034141243902802
low,25,Raw-data NPE,"[0.25,0.25,0.25]","[234.0640775763408,-10.052372427314284,130.1041446427431]","[0.482109953859239,0.5180476338000721,0.5162554397050716]","[332.4752641563767,73.03774170782702,194.3299992593368]","[98.41118658003589,83.0901141351413,64.2258546165937]","[76.5117416085816,53.06753346351714,44.063587764085035]","[223.4796746394369,-16.570030627510235,128.03997515943593]","[476.1627145809428,157.56991038117656,274.34435756967787]","[true,true,true]",0.0035848021349049607
low,26,Raw-data NPE,"[0.25,0.25,0.25]","[234.0640775763408,-10.052372427314284,130.1041446427431]","[0.5093161751274647,0.537125667299281,0.49474856860722854]","[345.3182868769282,68.58606869419282,199.32608712720543]","[111.2542093005874,78.6384411215071,69.22194248446232]","[78.62364161307063,54.7175457829638,43.815729794250586]","[229.46045159418415,-24.095136043926118,131.63322515658814]","[493.1867398522794,156.98899377523307,278.29342933949306]","[true,true,false]",0.004007006983650508
low,27,Raw-data NPE,"[0.25,0.25,0.25]","[234.0640775763408,-10.052372427314284,130.1041446427431]","[0.4955559885409079,0.48769855351237257,0.5252334117901348]","[338.9886527313008,74.8936436087112,186.28825144086494]","[104.92457515496002,84.94601603602548,56.18410679812183]","[78.44377580488778,51.735467955961596,43.089598402545256]","[225.34376909842396,-14.889082832571983,124.69424635585958]","[483.4064215892664,155.41447089689004,270.9138487819966]","[true,true,true]",0.003434850005244185
low,28,Raw-data NPE,"[0.25,0.25,0.25]","[234.0640775763408,-10.052372427314284,130.1041446427431]","[0.5109105258947624,0.5009686602565242,0.5122219913333373]","[345.82339563851144,72.50698435195359,189.90236193176764]","[111.75931806217065,82.55935677926787,59.798217289024535]","[77.47932887154782,53.49506204106434,43.99200526997162]","[232.42052523168215,-19.313698284450076,125.08434215640936]","[489.3170869296314,156.64290600796096,269.54986436112426]","[true,true,true]",0.0036412543529656
low,29,Raw-data NPE,"[0.25,0.25,0.25]","[234.0640775763408,-10.052372427314284,130.1041446427431]","[0.5203132261276499,0.4902776580218002,0.5151152061623345]","[350.5040324604622,73.46497057549053,187.02680973580198]","[116.43995488412142,83.51734300280481,56.92266509305887]","[78.48801053489072,52.70856436679281,43.37978820026878]","[231.63588542500665,-17.36249378286529,125.15607350474406]","[490.8806131672133,157.97325053524682,268.0367139632809]","[true,true,true]",0.00365488609013696
low,30,Raw-data NPE,"[0.25,0.25,0.25]","[234.0640775763408,-10.052372427314284,130.1041446427431]","[0.5065919407035356,0.503603074679803,0.5258576960498168]","[343.9226299439071,76.35454702319775,190.55009273035705]","[109.85855236756632,86.40691945051204,60.44594808761394]","[77.95590616217831,53.35356060508315,43.975778956400625]","[229.07816127891456,-15.869994101982268,125.66683253767202]","[488.9575878781404,160.1914434471511,271.62582854210115]","[true,true,true]",0.0036992757874846328
low,31,Raw-data NPE,"[0.25,0.25,0.25]","[234.0640775763408,-10.052372427314284,130.1041446427431]","[0.4976620735334057,0.5043426088103632,0.4935893087040236]","[339.9031396490583,66.27086566911412,190.78686859494135]","[105.8390620727175,76.3232380964284,60.682723952198245]","[78.23523968982855,53.2871531997246,44.152099019967565]","[225.9478929761673,-22.106515426040218,125.77025691178373]","[483.4324967327267,152.78575662179512,271.2546242367613]","[true,true,true]",0.0034636215186322795
low,32,Raw-data NPE,"[0.25,0.25,0.25]","[234.0640775763408,-10.052372427314284,130.1041446427431]","[0.5249103618573266,0.5275849136779545,0.47725008411776526]","[352.7108063260712,63.332720578382784,196.6343441097718]","[118.64672874973039,73.38509300569707,66.5301994670287]","[78.81032523724136,54.39905139633537,43.21844101686764]","[234.97087694422288,-25.541208694159398,130.8963410047549]","[495.3820813374136,152.68219762333356,274.857315476128]","[false,true,false]",0.004009503715955056
low,33,Raw-data NPE,"[0.25,0.25,0.25]","[234.0640775763408,-10.052372427314284,130.1041446427431]","[0.5051067719502601,0.5262117971409817,0.49099673336067234]","[343.31941238096084,66.5658800135051,196.39657629711272]","[109.25533480462005,76.61825244081938,66.29243165436961]","[78.35235659122951,54.12194048591476,43.69486419905366]","[226.95299213578195,-23.76152929738023,130.04265141600447]","[489.4315596086188,154.53224811892878,275.2336470300283]","[true,true,true]",0.0038045563372874364
low,34,Raw-data NPE,"[0.25,0.25,0.25]","[234.0640775763408,-10.052372427314284,130.1041446427431]","[0.49742962532746615,0.5003723738641818,0.5632180503140625]","[339.8955329246234,86.58938407440137,189.6287940617874]","[105.83145534828262,96.64175650171565,59.524649419044295]","[78.80564436969718,50.53880764544534,43.54637622163736]","[226.15606844387332,-5.181932775640536,125.92532354312729]","[487.81057510817556,162.43443741124156,270.0494407607605]","[true,false,true]",0.003826379154880662
low,35,Raw-data NPE,"[0.25,0.25,0.25]","[234.0640775763408,-10.052372427314284,130.1041446427431]","[0.4966316926052821,0.494173784488955,0.5028346655992484]","[339.1881199491484,68.12988598400221,187.98219218630902]","[105.12404237280762,78.1822584113165,57.87804754356591]","[77.13626831928737,52.80662149691151,43.234710677322155]","[227.12732837477395,-21.563140364424054,125.66731732493945]","[484.0762631278019,153.05564594011514,268.0983995845015]","[true,true,true]",0.003372391174896848
low,36,Raw-data NPE,"[0.25,0.25,0.25]","[234.0640775763408,-10.052372427314284,130.1041446427431]","[0.4924059278462167,0.5188963266583934,0.5250209749115048]","[337.4221087385454,76.35307706706989,194.2744968156969]","[103.35803116220458,86.40544949438417,64.17035217295378]","[78.06923574158353,54.47057063376982,42.890157648612494]","[225.31383508457293,-17.732821282047695,129.9463293917684]","[484.47935344071414,164.53776299080513,272.3188830913876]","[true,true,true]",0.0037174390368652963
low,37,Raw-data NPE,"[0.25,0.25,0.25]","[234.0640775763408,-10.052372427314284,130.1041446427431]","[0.5049799502987071,0.4953329549360325,0.49470096407319936]","[343.5278469892852,66.20150835419322,188.29580789748763]","[109.4637694129444,76.2538807815075,58.191663254744526]","[79.51058179279254,54.158800202936554,43.34623063843988]","[227.54171192442436,-24.907156505458612,126.40956342862599]","[491.0679935737519,153.2011216559554,269.04420792700074]","[true,true,true]",0.003410595270799842
low,38,Raw-data NPE,"[0.25,0.25,0.25]","[234.0640775763408,-10.052372427314284,130.1041446427431]","[0.5102224416222184,0.5036926156545065,0.5119355372106522]","[345.78214789617505,72.79355649518521,190.45255101121944]","[111.71807031983425,82.8459289224995,60.34840636847633]","[78.55430621539071,53.367682344087996,43.38800802151989]","[229.95812958386043,-16.032808944000767,126.74946908942884]","[487.67003456670324,159.1062510375862,271.1856176784209]","[true,true,true]",0.0036793522794989035
low,39,Raw-data NPE,"[0.25,0.25,0.25]","[234.0640775763408,-10.052372427314284,130.1041446427431]","[0.5092427715415236,0.5055624997274405,0.4862543136083751]","[345.18827613293405,64.67946465019435,190.78692722412384]","[111.12419855659326,74.73183707750863,60.682782581380735]","[78.0335281498356,53.242888263088176,42.751380011357384]","[230.4970999613238,-24.266810932747738,128.24793691760829]","[489.3511030269653,152.5836901178283,270.60262273887764]","[true,true,true]",0.003578147176906752
low,40,Raw-data NPE,"[0.25,0.25,0.25]","[234.0640775763408,-10.052372427314284,130.1041446427431]","[0.4984433729508891,0.49573463723459366,0.5368550675868561]","[340.48860076780545,79.17151128874382,188.294636030343]","[106.42452319146466,89.2238837160581,58.190491387599906]","[79.257126600314,51.976267886751074,42.82586347179888]","[226.34408482682062,-10.749713945796511,125.459911630294]","[486.89313954123594,161.1340628326907,268.08369709254316]","[true,true,true]",0.003621397829607099
low,41,Raw-data NPE,"[0.25,0.25,0.25]","[234.0640775763408,-10.052372427314284,130.1041446427431]","[0.49898988588112414,0.49825429863127574,0.5063174994379924]","[340.592943753039,69.71636971647956,189.14624174613954]","[106.52886617669819,79.76874214379384,59.04209710339643]","[78.54238721510298,52.63119682140812,43.85249279017532]","[224.7946245385944,-19.312559225811007,126.01543265367644]","[484.9327364119568,153.20262012280674,270.6670135804545]","[true,true,true]",0.003476304972766619
low,42,Raw-data NPE,"[0.25,0.25,0.25]","[234.0640775763408,-10.052372427314284,130.1041446427431]","[0.4915682977936438,0.5059235845889536,0.5009592065987427]","[336.9719359555468,68.18200502809225,191.02992685907458]","[102.90785837920603,78.23437745540653,60.92578221633147]","[77.7873965576261,53.15205621492612,43.48720041580459]","[226.36827304933573,-20.41204579087706,126.92270994408995]","[484.9527649228944,154.43760948580777,272.6866210331036]","[true,true,true]",0.003454504805256274
low,43,Raw-data NPE,"[0.25,0.25,0.25]","[234.0640775763408,-10.052372427314284,130.1041446427431]","[0.5126412361197548,0.4920421557157295,0.4891839062282581]","[346.97545144400146,64.87861365840972,187.3990958306385]","[112.91137386766067,74.930986085724,57.29495118789538]","[78.93706836892981,53.21990004647227,43.08412345785316]","[229.6576138275502,-23.230920304314584,125.71400559197431]","[492.8000946705826,152.78775012276202,268.71471591215965]","[true,true,true]",0.0034571197638657513
low,44,Raw-data NPE,"[0.25,0.25,0.25]","[234.0640775763408,-10.052372427314284,130.1041446427431]","[0.4920786226021119,0.4926919648673339,0.5053274201854889]","[337.12789865592276,68.95946798085656,187.58363956633278]","[103.06382107958197,79.01184040817084,57.47949492358967]","[77.13499707373357,53.03946006430794,43.196167337938725]","[224.83267272169488,-21.949542584775973,126.17796251516374]","[479.5592096080094,153.32515695078354,269.02426740279253]","[true,true,true]",0.0033286976841910777
low,45,Raw-data NPE,"[0.25,0.25,0.25]","[234.0640775763408,-10.052372427314284,130.1041446427431]","[0.4841509239522856,0.5180659938511918,0.49442036599356454]","[333.4795574969925,66.24919459742537,194.31308212356592]","[99.41547992065173,76.30156702473965,64.20893748082281]","[76.992134876888,53.23481643739409,44.09994797256473]","[223.30785083315808,-22.66013031692913,128.52257803111547]","[480.64111610717003,152.39498832122538,274.60048529845704]","[true,true,true]",0.003486935209897436
low,46,Raw-data NPE,"[0.25,0.25,0.25]","[234.0640775763408,-10.052372427314284,130.1041446427431]","[0.4968868791359866,0.4910414828741791,0.5029621089762202]","[339.5338788390952,68.47416826275476,187.24083376772293]","[105.46980126275443,78.52654069006904,57.136689124979824]","[78.15993747464763,53.73413316627389,43.592441249017625]","[225.33038286098997,-22.4283928267222,126.05638516368924]","[482.6710729727377,155.56970967817435,269.40210804385606]","[true,true,true]",0.0033332106648715867
low,47,Raw-data NPE,"[0.25,0.25,0.25]","[234.0640775763408,-10.052372427314284,130.1041446427431]","[0.4910893680342617,0.5018931397071851,0.5105418954930149]","[336.7444245449692,71.0294485983002,190.02676553254187]","[102.68034696862841,81.08182102561449,59.922620889798765]","[77.60948340914214,52.08810200567904,43.64983138565258]","[223.56027538009582,-18.54217681325655,126.11378730908433]","[482.71503845144593,152.38154637901695,271.97384074669543]","[true,true,true]",0.0034631994511762306
low,48,Raw-data NPE,"[0.25,0.25,0.25]","[234.0640775763408,-10.052372427314284,130.1041446427431]","[0.506705506908653,0.5077969625213272,0.5055772409462528]","[344.2228663422362,70.68997037751538,191.60496996185788]","[110.15878876589542,80.74234280482966,61.50082531911477]","[79.03889567452642,54.117050160354836,43.89411904281372]","[227.62540922215382,-20.57632233048923,127.30214651352959]","[490.64614350280317,158.75298829614664,272.2793651960096]","[true,true,true]",0.003643152837738115
low,49,Raw-data NPE,"[0.25,0.25,0.25]","[234.0640775763408,-10.052372427314284,130.1041446427431]","[0.5047750794401062,0.4950135121148935,0.4965448894851875]","[343.3056879687916,66.89593631568322,188.32251489925537]","[109.24161039245078,76.9483087429975,58.21837025651226]","[78.76632563698281,53.31980611587556,43.777040456944135]","[226.00892270498446,-23.46908474842579,124.93148930131416]","[487.80938458903955,152.64993728443727,270.8501960173187]","[true,true,true]",0.0034326717853448035
low,50,Raw-data NPE,"[0.25,0.25,0.25]","[234.0640775763408,-10.052372427314284,130.1041446427431]","[0.520801679303196,0.5006861337093683,0.4910990742324734]","[350.73799638772954,66.45582740376781,189.76038294086962]","[116.67391881138875,76.5081998310821,59.65623829812651]","[78.6518750323939,54.28249717332665,43.853824164515096]","[232.77816611055633,-23.22722982294106,125.82188288317624]","[494.6280088555163,153.98889710923905,272.50601702422233]","[true,true,true]",0.003646281401996193
low,51,Raw-data NPE,"[0.25,0.25,0.25]","[234.0640775763408,-10.052372427314284,130.1041446427431]","[0.5168480305947544,0.49286776319960857,0.4906530506934796]","[349.0040019377743,65.4225537713984,187.75084419940407]","[114.93992436143353,75.47492619871268,57.64669955666096]","[79.07807963870367,53.08477384451047,43.66708286886862]","[229.38022869322458,-22.875325524914388,125.13827480911479]","[494.25905116955045,151.97556758063772,268.23702580732635]","[true,true,true]",0.003510352076653669
low,52,Raw-data NPE,"[0.25,0.25,0.25]","[234.0640775763408,-10.052372427314284,130.1041446427431]","[0.4971378684923825,0.49910824297981454,0.5058357882051511]","[339.49224242003856,69.77851618397048,189.21737653557793]","[105.42816484369777,79.83088861128476,59.11323189283482]","[77.50168325858617,53.63220122107862,43.12887345432524]","[226.25652353014803,-20.825855213779406,126.00692779023878]","[483.53006162445877,157.1587586376515,269.6230187893119]","[true,true,true]",0.00344850493872014
low,53,Raw-data NPE,"[0.25,0.25,0.25]","[234.0640775763408,-10.052372427314284,130.1041446427431]","[0.5031492618332315,0.5038644032473161,0.501819145282107]","[342.4375051966364,68.8507122228163,190.3836265949267]","[108.37342762029559,78.90308465013058,60.2794819521836]","[78.39788037444093,52.89087210501425,42.8966893253264]","[227.53708220804867,-20.943292236061083,126.0864843087664]","[488.61230220308,153.32007623228534,269.6191092417921]","[true,true,true]",0.0035571480276644593
low,54,Raw-data NPE,"[0.25,0.25,0.25]","[234.0640775763408,-10.052372427314284,130.1041446427431]","[0.5057373513598938,0.504318735645436,0.48760511964154]","[343.80925934787973,64.66783368966802,190.69218288431733]","[109.74518177153894,74.7202061169823,60.588038241574225]","[79.16474764619619,54.12801106310307,43.69349257143596]","[228.57443928830895,-25.566903496790417,125.64754838915722]","[489.7673108605629,153.6592947505135,270.29036914386955]","[true,true,true]",0.003506603259024955
low,55,Raw-data NPE,"[0.25,0.25,0.25]","[234.0640775763408,-10.052372427314284,130.1041446427431]","[0.5033380405565233,0.5285846349018719,0.5163172144892518]","[342.58242041203806,74.7052132859692,196.9739107568059]","[108.51834283569727,84.75758571328348,66.8697661140628]","[78.52102344621868,54.231842225389066,43.55455718827093]","[226.5298177150937,-19.068801102812753,131.60417611174736]","[486.6782787061987,160.62346421266403,275.7768305612224]","[true,true,false]",0.003922444292251313
low,56,Raw-data NPE,"[0.25,0.25,0.25]","[234.0640775763408,-10.052372427314284,130.1041446427431]","[0.5211405769949448,0.5075851636541981,0.48863566008315673]","[351.1410867670257,66.04975313082498,191.46762780348445]","[117.07700919068489,76.10212555813926,61.36348316074134]","[79.71463712900416,54.25122941651309,43.559099482058656]","[231.2770371159656,-25.72809004902291,128.22583856396395]","[496.7637165594368,153.94105377036294,272.29172660934233]","[true,true,true]",0.0037266171075572667
low,57,Raw-data NPE,"[0.25,0.25,0.25]","[234.0640775763408,-10.052372427314284,130.1041446427431]","[0.497645450254546,0.4957019919029912,0.5223093145825537]","[339.64673901591135,74.6370109469505,188.54934855156642]","[105.58266143957056,84.68938337426478,58.445203908823316]","[77.09452961985046,52.63259294088842,44.087724011799715]","[228.26911699668773,-17.15341793971277,126.10290120269686]","[480.46699357138965,158.52110628932246,270.42117550912485]","[true,true,true]",0.0035143761400620046
low,58,Raw-data NPE,"[0.25,0.25,0.25]","[234.0640775763408,-10.052372427314284,130.1041446427431]","[0.49664469160549934,0.5154085994970292,0.49359183141907]","[339.2472206107132,66.55047739633555,193.53693003279886]","[105.18314303437242,76.60284982364983,63.432785390055756]","[77.46351031859463,53.878853132795214,43.647269799857796]","[225.587543991353,-24.090398352086417,128.13212621099095]","[486.0011176387839,153.4608934564183,272.6307562372329]","[true,true,true]",0.0035811126951643935
low,59,Raw-data NPE,"[0.25,0.25,0.25]","[234.0640775763408,-10.052372427314284,130.1041446427431]","[0.5066905343960885,0.5035870023787272,0.48742108227847647]","[344.06884929812935,64.78889244982742,190.53016563511918]","[110.00477172178856,74.8412648771417,60.42602099237607]","[78.38969768388638,54.549167426421356,43.96416883435203]","[228.9949851719384,-25.201772509724467,126.37309596954337]","[488.8385730462287,155.96256965013407,272.0358629603473]","[true,true,true]",0.0035057455092724044
low,60,Raw-data NPE,"[0.25,0.25,0.25]","[234.0640775763408,-10.052372427314284,130.1041446427431]","[0.4947100513713196,0.4979769235048434,0.5164326491856661]","[338.4453460436325,72.88157875484941,189.0144283666091]","[104.38126846729173,82.9339511821637,58.910283723866]","[77.71974495322655,52.562279730032955,43.55186414803688]","[225.6636993230302,-16.783464486425512,125.17929335281951]","[481.88047275616407,157.20386489023906,270.3848643143206]","[true,true,true]",0.003483937130987576
low,61,Raw-data NPE,"[0.25,0.25,0.25]","[234.0640775763408,-10.052372427314284,130.1041446427431]","[0.5246142941921134,0.5897157681917379,0.44855586216345916]","[353.19350166355724,55.5918503393699,213.80739216850904]","[119.12942408721645,65.64422276668418,83.70324752576593]","[81.41771542455194,57.2178886701214,42.9902502535537]","[231.03257046810546,-35.378552635573875,143.79771703680228]","[497.8612393996424,153.24128600340188,286.96561750661084]","[true,true,false]",0.004873661172384099
low,62,Raw-data NPE,"[0.25,0.25,0.25]","[234.0640775763408,-10.052372427314284,130.1041446427431]","[0.472053022491854,0.5379950921955402,0.5122295840592557]","[328.00718788352873,72.27526092832328,199.72834487270276]","[93.94311030718794,82.32763335563756,69.62420022995965]","[76.43719150903884,53.66039272305695,44.62782646574015]","[219.89346106297393,-20.98720729946193,131.69914862537632]","[472.20239524059906,157.93967734819753,279.1078437484358]","[true,true,false]",0.0037046432529688218
low,63,Raw-data NPE,"[0.25,0.25,0.25]","[234.0640775763408,-10.052372427314284,130.1041446427431]","[0.5087340954345296,0.5332264473003336,0.49095486161430574]","[345.0152119029709,67.20316178128273,198.18701743791266]","[110.95113432663013,77.25553420859701,68.08287279516955]","[78.3408694062752,54.72016209670683,43.34690779696287]","[229.24149539627365,-23.812062631200373,131.01483134221922]","[489.0841939372958,156.46136293434276,275.571729419052]","[true,true,false]",0.003934441455692853
low,64,Raw-data NPE,"[0.25,0.25,0.25]","[234.0640775763408,-10.052372427314284,130.1041446427431]","[0.49195881466007185,0.501026668504391,0.48680357355983467]","[337.15615398957294,63.77322324542333,189.71103811410646]","[103.09207641323215,73.82559567273762,59.60689347136335]","[77.64422905958385,52.69860702563686,43.13836510157361]","[226.0544894487526,-23.658748582078875,126.08574231956396]","[481.938466986042,150.5771040042574,269.3529652030561]","[true,true,true]",0.003340744507677596
low,65,Raw-data NPE,"[0.25,0.25,0.25]","[234.0640775763408,-10.052372427314284,130.1041446427431]","[0.4986907468741003,0.5189897790903593,0.5030257989093989]","[340.181576552753,69.82342963603851,194.43879858050104]","[106.11749897641218,79.8758020633528,64.33465393775793]","[77.6045320444482,53.29646352185151,43.466848562914386]","[227.94897537159633,-20.53749283902339,129.29341786287273]","[486.1244082733791,155.6151074189965,272.3844007204899]","[true,true,true]",0.0037016727079216788
low,66,Raw-data NPE,"[0.25,0.25,0.25]","[234.0640775763408,-10.052372427314284,130.1041446427431]","[0.5049830946762489,0.5013531058440768,0.5294647075814791]","[343.3391020173839,77.29255145392126,189.78600669122775]","[109.27502444104309,87.34492388123554,59.681862048484646]","[78.67199215113432,52.589430649189616,43.03016053117748]","[229.9099305961573,-15.07337686972025,126.1253478135722]","[488.1651128745829,158.66968285645072,270.42464225778605]","[true,true,true]",0.0036860163567179857
low,67,Raw-data NPE,"[0.25,0.25,0.25]","[234.0640775763408,-10.052372427314284,130.1041446427431]","[0.49406914747859526,0.5136400570588304,0.4848658846435087]","[338.0806892906447,63.392686286180584,193.18957497849226]","[104.01661171430393,73.44505871349487,63.08543033574915]","[77.33281848904797,53.85059040866573,44.159432419183275]","[224.92905674959493,-25.234657748842242,127.43585279853288]","[480.5243251178057,150.78521548395366,274.0353896505461]","[true,true,true]",0.003486108982449186
low,68,Raw-data NPE,"[0.25,0.25,0.25]","[234.0640775763408,-10.052372427314284,130.1041446427431]","[0.4866317989559806,0.5202930589906064,0.5115187090676855]","[334.4072954779949,71.98838032358151,194.92088458269845]","[100.34321790165413,82.04075275089579,64.81673993995534]","[76.07140449194856,53.946400597630806,44.165776660546754]","[224.854704770009,-18.632375251863152,128.76970405832458]","[476.168090420325,157.27514566535388,275.5465702671551]","[true,true,true]",0.003616203092283139
low,69,Raw-data NPE,"[0.25,0.25,0.25]","[234.0640775763408,-10.052372427314284,130.1041446427431]","[0.49060391020640454,0.5241198910151664,0.5033870858788377]","[336.5422590616185,69.91794633607208,195.8480247925516]","[102.4781814852777,79.97031876338636,65.74388014980849]","[77.57915930754767,53.749754200992314,43.73153195027139]","[225.3060974789337,-21.33605171167658,129.40539662441378]","[479.5118636799047,155.1494239135903,275.16167136905665]","[true,true,true]",0.003676156129002059
low,70,Raw-data NPE,"[0.25,0.25,0.25]","[234.0640775763408,-10.052372427314284,130.1041446427431]","[0.5009224754770409,0.4938602398099191,0.4954980489306079]","[341.35531023591903,66.17214146572448,188.03874293394276]","[107.29123265957824,76.22451389303876,57.93459829119965]","[78.11256143618692,53.56397407193298,43.943085083074386]","[227.49141745402892,-24.584151100659632,125.23513883689071]","[487.24089609411436,149.95743097061086,271.5462048997334]","[true,true,true]",0.0033621004133565155
low,71,Raw-data NPE,"[0.25,0.25,0.25]","[234.0640775763408,-10.052372427314284,130.1041446427431]","[0.5289173190800298,0.4923617179517372,0.500272644386252]","[354.76120383126016,69.19933410448452,187.5448431525974]","[120.69712625491937,79.2517065317988,57.440698509854286]","[79.39742649427059,53.96449783675336,43.26049476631932]","[235.0481780998933,-21.86935710624546,124.52693009742207]","[498.41910609840846,155.8071553718511,267.69854054050734]","[false,true,true]",0.003674950734722977
low,72,Raw-data NPE,"[0.25,0.25,0.25]","[234.0640775763408,-10.052372427314284,130.1041446427431]","[0.5084610791470838,0.48550167970487035,0.505805410092676]","[345.09888618134556,69.42740642824266,185.73521706747633]","[111.03480860500477,79.47977885555694,55.63107242473322]","[79.43226544460808,53.615456978460514,42.853173979268874]","[228.12626865364598,-21.577788377092478,124.32530054074516]","[493.22961444742117,156.10616087240382,265.6307163396166]","[true,true,true]",0.003401347684632233
low,73,Raw-data NPE,"[0.25,0.25,0.25]","[234.0640775763408,-10.052372427314284,130.1041446427431]","[0.5117696072195121,0.4924258609713501,0.5164591083506083]","[346.72334168301353,73.39262908329464,187.7605631892311]","[112.65926410667274,83.44500151060892,57.656418546488]","[79.84969830360838,52.943547124715074,44.29064273623334]","[230.43721794550885,-17.763102184413363,124.5956189173494]","[494.79054655373375,156.21552659720172,272.00561254658174]","[true,true,true]",0.003589564705295766
low,74,Raw-data NPE,"[0.25,0.25,0.25]","[234.0640775763408,-10.052372427314284,130.1041446427431]","[0.5065308399655982,0.5341446206231536,0.4940305417057093]","[343.60190942682146,67.91518222292115,198.4799218068132]","[109.53783185048067,77.96755465023543,68.37577716407009]","[76.43683430034514,53.988839175647634,43.554986236295925]","[229.65528053944976,-23.424948478263193,130.98036083736812]","[486.13412883015684,152.87810770266685,275.9989040331585]","[true,true,false]",0.003939353656371815
low,75,Raw-data NPE,"[0.25,0.25,0.25]","[234.0640775763408,-10.052372427314284,130.1041446427431]","[0.49271815674054503,0.4927906584629731,0.5068533213223985]","[337.264962506955,69.6648168840786,187.55829924654378]","[103.2008849306142,79.71718931139289,57.454154603800674]","[76.48415358470301,52.831282283188145,42.96984219533116]","[225.83872601801363,-17.48031101320238,125.27837984508261]","[479.4229144820179,155.23873900274577,268.44980114204765]","[true,true,true]",0.0033494633481667133
low,76,Raw-data NPE,"[0.25,0.25,0.25]","[234.0640775763408,-10.052372427314284,130.1041446427431]","[0.5043208141315773,0.4999355405583844,0.5001807559237855]","[343.05862873259287,68.33729074202259,189.6469268366507]","[108.99455115625207,78.38966316933687,59.542782193907584]","[78.72352232043767,53.39261263473966,44.110172968793805]","[227.46183611574534,-23.352126689639437,125.28915904668335]","[491.074222473079,154.51269404993437,271.5995960977644]","[true,true,true]",0.003512063281686797
low,77,Raw-data NPE,"[0.25,0.25,0.25]","[234.0640775763408,-10.052372427314284,130.1041446427431]","[0.4946809655992321,0.49526824146330717,0.516766989816425]","[338.38706222499127,72.42430080109925,188.3323879658232]","[104.32298464865048,82.47667322841353,58.22824332308008]","[77.7965163743032,52.61857012306483,43.53607505099421]","[227.42307807768063,-20.786356687584806,125.29422692958559]","[484.2867973568445,156.88663741201637,269.2299235010352]","[true,true,true]",0.0034448040061581513
low,78,Raw-data NPE,"[0.25,0.25,0.25]","[234.0640775763408,-10.052372427314284,130.1041446427431]","[0.5006627963574802,0.505362177684225,0.4949438156694756]","[341.203470769927,66.77981691686107,190.94212629516394]","[107.13939319358619,76.83218934417535,60.83798165242084]","[77.96436699205339,53.32815035473602,43.73732979537752]","[226.0408598400291,-22.87773520528397,126.7291969797828]","[485.789719430072,152.5145726074845,272.72557811736505]","[true,true,true]",0.0035133984744526443
low,79,Raw-data NPE,"[0.25,0.25,0.25]","[234.0640775763408,-10.052372427314284,130.1041446427431]","[0.5023901281459893,0.5055357879552665,0.5048848716867446]","[342.10844719433584,70.08182104686314,190.9719899591083]","[108.04436961799505,80.13419347417742,60.86784531636519]","[78.47537517394113,53.565532123681145,43.62341143548595]","[226.78814906198468,-20.688476769380383,126.36727012684393]","[486.69769196749075,155.69384970186593,271.1970288932705]","[true,true,true]",0.0035753433886829
low,80,Raw-data NPE,"[0.25,0.25,0.25]","[234.0640775763408,-10.052372427314284,130.1041446427431]","[0.5002756551905805,0.49766357672128714,0.4893370070828096]","[341.1327714049343,64.90991714039212,188.7878442222591]","[107.06869382859352,74.9622895677064,58.683699579516]","[78.24942733523596,53.449993124484706,42.93269154475618]","[224.87673592707424,-24.571341142187123,126.18680730081198]","[485.9969633877519,151.7526518713086,269.44682718049944]","[true,true,true]",0.0033908356702318627
low,81,Raw-data NPE,"[0.25,0.25,0.25]","[234.0640775763408,-10.052372427314284,130.1041446427431]","[0.5049994176737723,0.49254611322701813,0.48581909744056956]","[343.6442640912984,63.48994423045512,187.52402430629704]","[109.5801865149576,73.5423166577694,57.41987966355393]","[80.06939338813244,53.6093921309872,42.95791182429811]","[227.96434642261602,-25.54225098059235,125.37347295331573]","[491.7333563605787,150.23273251712158,268.9285954174401]","[true,true,true]",0.00334939429232874
low,82,Raw-data NPE,"[0.25,0.25,0.25]","[234.0640775763408,-10.052372427314284,130.1041446427431]","[0.49226098861946294,0.529786365877505,0.5089610619398671]","[337.34003963969474,71.71738521954563,197.16874650491712]","[103.27596206335394,81.76975764685992,67.06460186217402]","[77.98960021436373,53.84091902966,42.85854267023666]","[224.93890684402731,-18.375019851632715,130.9013990757832]","[485.10434506822924,157.0113088935867,274.37680881506293]","[true,true,false]",0.0037796352898968513
low,83,Raw-data NPE,"[0.25,0.25,0.25]","[234.0640775763408,-10.052372427314284,130.1041446427431]","[0.49060337919047886,0.49028196152228454,0.5184082889483216]","[336.1685013775945,72.48115293967648,187.08826365766433]","[102.10442380125372,82.53352536699076,56.98411901492122]","[75.89475985760912,51.73034517689209,43.66745618787306]","[225.0833794961324,-17.16468995463107,124.76811762094388]","[478.0082843395267,153.31677219690144,270.32368043070744]","[true,true,true]",0.003375205706462469
low,84,Raw-data NPE,"[0.25,0.25,0.25]","[234.0640775763408,-10.052372427314284,130.1041446427431]","[0.489119587017713,0.5086550875857865,0.5073095885375624]","[335.91225602677093,70.1279562574676,191.96736334183254]","[101.84817845043014,80.18032868478188,61.86321869908943]","[77.87362257071544,53.226370093728924,44.52757664278617]","[223.96333483358734,-19.750413110066834,127.10685078886343]","[479.9494908715719,156.54220145438427,275.56028884191704]","[true,true,true]",0.0034891572898171175
low,85,Raw-data NPE,"[0.25,0.25,0.25]","[234.0640775763408,-10.052372427314284,130.1041446427431]","[0.4950750432466094,0.4935925216956436,0.543948587497787]","[338.42563258871235,80.67662465631587,187.65733094883942]","[104.36155501237155,90.72899708363015,57.55318630609631]","[76.85752151705576,51.47283253310885,42.32647082670758]","[224.76167958115673,-11.227446433995189,125.4813699790968]","[481.91823315897716,158.63425102935898,266.13375817677155]","[true,true,true]",0.003609111271511352
low,86,Raw-data NPE,"[0.25,0.25,0.25]","[234.0640775763408,-10.052372427314284,130.1041446427431]","[0.5289341913264644,0.4914201906850258,0.4919921793098954]","[354.97985934605884,66.50475257470902,187.24789271961205]","[120.91578176971805,76.5571250020233,57.143748076868945]","[80.21588034031727,53.387708171043286,43.116826032676485]","[231.54728597360554,-23.67952515963381,125.18514913873742]","[498.68978669870376,152.84881127844588,268.3148417644153]","[true,true,true]",0.0036381728909153244
low,87,Raw-data NPE,"[0.25,0.25,0.25]","[234.0640775763408,-10.052372427314284,130.1041446427431]","[0.5114777943016867,0.5071654945607464,0.4887569260773876]","[346.4990712293212,65.60526345754897,191.4098857721429]","[112.43499365298041,75.65763588486325,61.30574112939979]","[79.2840445971022,53.428725270217036,43.65476245591977]","[229.31260454406112,-25.542580304335754,126.97256513804894]","[490.73960575910303,152.6632320892068,270.3073307258895]","[true,true,true]",0.0036276770076743986
low,88,Raw-data NPE,"[0.25,0.25,0.25]","[234.0640775763408,-10.052372427314284,130.1041446427431]","[0.4997584784429676,0.49653608186403114,0.49128024414386556]","[340.9554983848001,65.2173672935806,188.5415868639766]","[106.89142080845929,75.26973972089488,58.43744222123348]","[78.67961836887763,52.675606435332575,43.0627670124115]","[227.31076121585735,-22.396084721386387,126.47693328101614]","[485.07288905857763,150.37006067677254,269.1008179053835]","[true,true,true]",0.003388249923641876
low,89,Raw-data NPE,"[0.25,0.25,0.25]","[234.0640775763408,-10.052372427314284,130.1041446427431]","[0.47488519210617486,0.5003684019820946,0.525188828856901]","[329.0584417367728,74.26084264640814,189.6574235790772]","[94.99436416043201,84.31321507372242,59.553278936334095]","[75.72293896936209,52.33318811439416,43.617956156868395]","[221.75101165969824,-16.017413465863108,125.93306357716467]","[474.38181341649937,155.50629795893408,269.02005063974536]","[true,true,true]",0.0033615311976716426
low,90,Raw-data NPE,"[0.25,0.25,0.25]","[234.0640775763408,-10.052372427314284,130.1041446427431]","[0.5094700752961012,0.4994671023278452,0.5376487161436938]","[345.60534398974784,79.95808375658636,189.46210766271093]","[111.54126641340704,90.01045618390064,59.357963019967826]","[79.47715763318745,52.565589997244274,43.912922251494685]","[227.80480753988186,-13.511048431768476,126.18562639766317]","[491.3990873378697,160.85679204298827,271.85746827479596]","[true,true,true]",0.003748177641265869
low,91,Raw-data NPE,"[0.25,0.25,0.25]","[234.0640775763408,-10.052372427314284,130.1041446427431]","[0.4951076549126109,0.5060758637332822,0.5180989216832621]","[338.3846557757919,73.70967400984566,191.09708261611644]","[104.32057819945109,83.76204643715994,60.99293797337333]","[76.61374375389961,52.866098897490424,43.65372929926009]","[226.47845508144835,-17.990762860401997,127.93390306021905]","[480.55949539677704,156.43772217862372,271.2321641966247]","[true,true,true]",0.003584548699824768
low,92,Raw-data NPE,"[0.25,0.25,0.25]","[234.0640775763408,-10.052372427314284,130.1041446427431]","[0.48282571029195187,0.5128522465557388,0.5265114625682887]","[333.1460677456714,76.06206855562215,193.0047081795143]","[99.08199016933062,86.11444098293643,62.90056353677119]","[78.21855897521041,53.20863399297792,44.32194983160428]","[222.95864591144883,-17.303416967856215,127.6418668886269]","[480.86284857362716,158.72907126326524,274.9408872078431]","[true,true,true]",0.0035804742099847346
low,93,Raw-data NPE,"[0.25,0.25,0.25]","[234.0640775763408,-10.052372427314284,130.1041446427431]","[0.47633146500016293,0.5464158977109524,0.4950137832422477]","[329.53279772170976,67.34063096033289,201.92425612424879]","[95.46872014536896,77.39300338764717,71.82011148150568]","[74.95249816695613,54.63119535450109,44.1018083577137]","[222.37363345852253,-23.516814145442233,131.91524994941207]","[475.53646441313737,156.09329031152413,279.322009390995]","[true,true,false]",0.003763265558754647
low,94,Raw-data NPE,"[0.25,0.25,0.25]","[234.0640775763408,-10.052372427314284,130.1041446427431]","[0.523617329178464,0.4983006096428863,0.5341810772076657]","[352.2989286877651,79.76188267447836,189.0498295012125]","[118.23485111142432,89.81425510179264,58.945684858469406]","[79.95027235101122,52.68665957443166,43.39338557702232]","[233.39631550344347,-13.984785772161644,126.27614632457626]","[500.7592817771162,161.53314945039367,270.78699598880047]","[true,true,true]",0.0038753818265291687
low,95,Raw-data NPE,"[0.25,0.25,0.25]","[234.0640775763408,-10.052372427314284,130.1041446427431]","[0.5110774673562908,0.5390162815484439,0.5618219374997296]","[346.5449462950224,89.77829079798317,199.99309761073536]","[112.48086871868159,99.83066322529746,69.88895296799225]","[80.3454743803623,54.495667331039165,44.48944697495872]","[228.31817391020098,-8.423388672966537,131.23906340125845]","[495.6651965921416,171.7010186446537,278.6191767764956]","[true,false,false]",0.004353224226162519
low,96,Raw-data NPE,"[0.25,0.25,0.25]","[234.0640775763408,-10.052372427314284,130.1041446427431]","[0.4976373351809308,0.5145446762177885,0.49493629349720325]","[339.789499028876,66.93422977056206,193.40955109863324]","[105.72542145253519,76.98660219787634,63.305406455890136]","[77.92738135935653,53.520107417807964,44.19525246708472]","[227.52364188367767,-23.41984839292487,128.0468300085944]","[487.4171799901962,153.86119127004946,275.08966922907405]","[true,true,true]",0.0035904488897118437
low,97,Raw-data NPE,"[0.25,0.25,0.25]","[234.0640775763408,-10.052372427314284,130.1041446427431]","[0.5192622252403462,0.4985631300110015,0.5031911048606275]","[350.2619273513873,69.91394472247025,189.1343012527799]","[116.19784977504654,79.96631714978453,59.030156610036784]","[79.58661371813221,53.40898630915981,43.473856262521565]","[229.3204361464388,-20.051040271791887,126.66063081915901]","[493.5332271967595,156.35691625558528,272.1398491334994]","[true,true,true]",0.003669865385446372
low,98,Raw-data NPE,"[0.25,0.25,0.25]","[234.0640775763408,-10.052372427314284,130.1041446427431]","[0.528004269579033,0.49585978996191504,0.48827977217509777]","[354.38671595513097,65.41093600686305,188.42302718414038]","[120.32263837879017,75.46330843417734,58.31888254139727]","[79.66694902013425,53.75779861830721,43.31120472661359]","[234.84390843163337,-23.690572076055517,125.9958026297198]","[497.28515246063324,152.14459342384342,268.7589765841171]","[false,true,true]",0.0036616536481714652
low,99,Raw-data NPE,"[0.25,0.25,0.25]","[234.0640775763408,-10.052372427314284,130.1041446427431]","[0.5163781892694338,0.48204126639979056,0.48612664487801105]","[348.81413648685424,63.73320791319872,184.86758720458482]","[114.75005891051345,73.78558034051301,54.763442561841714]","[79.38231746329626,53.5658988539845,42.9295652530577]","[231.1870573371105,-25.595865314594292,123.7757349549804]","[494.00443807734575,148.9408944738225,266.275156063827]","[true,true,true]",0.003353063295488553
low,0,Raw-data FSM,"[0.25,0.25,0.25]","[234.0640775763408,-10.052372427314284,130.1041446427431]","[0.24608653712391843,0.2546175167207428,0.24406057344935142]","[233.46414615280057,-11.376867154141399,131.39268005606908]","[-0.5999314235402267,-1.3244947268271154,1.2885354133259739]","[18.092893533518737,11.836224080584177,11.179026658182151]","[208.47803007861964,-29.00690512845114,116.12051350132727]","[266.2379281235302,9.13541330095129,150.18422026379676]","[true,true,true]",1.5967149888712075e-06
low,1,Raw-data FSM,"[0.25,0.25,0.25]","[234.0640775763408,-10.052372427314284,130.1041446427431]","[0.2415676856754629,0.2970410525108801,0.2714852857498362]","[231.8689919822234,-4.832792556118616,139.5089278271433]","[-2.195085594117387,5.219579871195668,9.404783184400202]","[16.16126059861699,11.033035128578552,12.558667490536708]","[207.99530349855362,-22.232227915091098,120.84249154235964]","[260.57270797294854,13.898117856668058,161.8657111484229]","[true,true,true]",5.1232226403822536e-05
low,2,Raw-data FSM,"[0.25,0.25,0.25]","[234.0640775763408,-10.052372427314284,130.1041446427431]","[0.23108520925068324,0.32238160295957385,0.27173113940471866]","[228.52992367239733,-4.773373033464674,144.70661212255686]","[-5.534153903943462,5.27899939384961,14.602467479813754]","[16.612113253224134,12.933692986328193,14.746932612854364]","[206.56347532548304,-25.285057346092156,122.94105887479718]","[259.6692492619242,17.44757711242642,170.42002532494485]","[true,true,true]",0.0001034543944441655
low,3,Raw-data FSM,"[0.25,0.25,0.25]","[234.0640775763408,-10.052372427314284,130.1041446427431]","[0.30187135026826895,0.4518728499487041,0.28747628676360704]","[252.8843954714478,-1.0112920705034485,173.67993389225734]","[18.820317895106996,9.041080356810834,43.57578924951423]","[24.936878017462682,13.741434617989999,19.54258293746687]","[216.5123051174938,-23.254538807136534,144.2141588645068]","[297.81116976275734,21.780965207021005,207.57726947503446]","[true,true,false]",0.0010638983077227834
low,4,Raw-data FSM,"[0.25,0.25,0.25]","[234.0640775763408,-10.052372427314284,130.1041446427431]","[0.31405871815672004,0.3187185202177732,0.23895296525296714]","[257.24571210490393,-13.95421648798821,143.94720586822132]","[23.181634528563137,-3.901844060673927,13.843061225478209]","[25.299945125631982,11.071349735677797,14.434573996805819]","[218.72784827651066,-31.23254976075087,122.23224889078219]","[301.6233499397434,5.254773248437333,168.39151800377772]","[true,true,true]",0.00021268766544709056
low,5,Raw-data FSM,"[0.25,0.25,0.25]","[234.0640775763408,-10.052372427314284,130.1041446427431]","[0.30093787975981073,0.25048135850794473,0.22829695195140584]","[252.45682236262508,-15.880362388274454,130.61850004197186]","[18.392744786284283,-5.827989960960171,0.514355399228748]","[23.689790135745564,9.98431598116981,10.855548271738597]","[215.847453645606,-31.1819420002551,115.70406999221696]","[293.53295342726983,0.9155511414113248,149.0285335831378]","[true,true,true]",4.950937573012583e-05
low,6,Raw-data FSM,"[0.25,0.25,0.25]","[234.0640775763408,-10.052372427314284,130.1041446427431]","[0.24629453202541923,0.23808907720477737,0.28181482570486105]","[233.58057080538086,-2.158939754468719,128.31038631401734]","[-0.48350677095993433,7.893432672845565,-1.7937583287257723]","[18.749094642897248,11.127959166849294,9.866103851815982]","[207.46837299533848,-19.40900552259908,115.0901814773101]","[267.94302969755825,17.363583740575574,145.5117428084324]","[true,true,true]",2.917190802495741e-05
low,7,Raw-data FSM,"[0.25,0.25,0.25]","[234.0640775763408,-10.052372427314284,130.1041446427431]","[0.29638562046170747,0.29032114045460117,0.27756207468151617]","[250.71405816446594,-3.452348572599352,138.22106314654616]","[16.649980588125146,6.600023854714932,8.11691850380305]","[22.00548365894448,11.35860575715257,12.744907916712219]","[218.07513817203437,-21.456311962226334,119.66953099413185]","[289.8676962800248,15.95576621851311,159.9583197532104]","[true,true,true]",0.00011133424088101368
low,8,Raw-data FSM,"[0.25,0.25,0.25]","[234.0640775763408,-10.052372427314284,130.1041446427431]","[0.34917302899030733,0.33466536285479104,0.2570979769315131]","[270.35447513467125,-9.361783795565227,147.16391004872034]","[36.290397558330454,0.6905886317490566,17.05976540597723]","[28.0746635560598,11.432484756124824,14.400680815049165]","[228.63323069871416,-27.993369724019228,125.11597444749329]","[320.96720804759883,9.645287673604054,171.94018980444594]","[true,true,true]",0.000422056139252418
low,9,Raw-data FSM,"[0.25,0.25,0.25]","[234.0640775763408,-10.052372427314284,130.1041446427431]","[0.3789830205358496,0.262894747641336,0.20718075534264607]","[281.77012168186747,-22.63415991255739,132.95940647133736]","[47.70604410552667,-12.581787485243106,2.8552618285942515]","[28.085941642672456,9.34647025000229,11.551059351438248]","[239.12690530459918,-36.317202305258775,116.3645480412656]","[330.36867336073004,-6.530504494067785,153.18202607931522]","[false,true,true]",0.0003239855716935872
low,10,Raw-data FSM,"[0.25,0.25,0.25]","[234.0640775763408,-10.052372427314284,130.1041446427431]","[0.30828677536939,0.25089549626804275,0.22180369910484893]","[255.03052738448275,-17.601819748749,130.69510383077778]","[20.96644980814196,-7.549447321434718,0.5909591880346738]","[23.48047135198376,9.766499286454266,10.86421645243231]","[218.6507078581873,-32.09306889879912,115.63396509712224]","[295.91616095719974,-0.6588175381160227,149.51004302309116]","[true,true,true]",6.894666977958226e-05
low,11,Raw-data FSM,"[0.25,0.25,0.25]","[234.0640775763408,-10.052372427314284,130.1041446427431]","[0.24754760724538905,0.26141257244733074,0.317928484273032]","[233.92350837525157,6.687769275900652,132.6663846757099]","[-0.140569201089221,16.740141703214935,2.5622400329667983]","[17.842555117037225,10.940362157277802,11.403169272594372]","[208.38027007949464,-9.860816799414025,116.54314000915562]","[266.553911378281,26.174586727187908,151.82347102071046]","[true,false,true]",0.00011605452148999805
low,12,Raw-data FSM,"[0.25,0.25,0.25]","[234.0640775763408,-10.052372427314284,130.1041446427431]","[0.2354881426527204,0.33350159975512794,0.25558689565853393]","[230.07450060001207,-9.042114120127783,147.0017057208008]","[-3.9895769763287205,1.0102583071865006,16.89756107805769]","[18.61092193387462,11.547527201522739,15.287085685533395]","[206.18199947765643,-27.07113491725602,124.46889797543221]","[265.28559176622764,10.729365036296596,172.05472987128772]","[true,true,true]",0.00012505183836709742
low,13,Raw-data FSM,"[0.25,0.25,0.25]","[234.0640775763408,-10.052372427314284,130.1041446427431]","[0.24552189835418736,0.2567910882966913,0.27468832678196625]","[233.28338127824023,-3.95460309383253,131.80238684917413]","[-0.7806962981005654,6.097769333481754,1.6982422064310185]","[18.119468597897367,11.284730546877414,11.226428103340902]","[207.7175765105165,-21.56723025547408,116.3005508178054]","[265.44415194691453,15.768057150645074,151.39678653300663]","[true,true,true]",1.6117007729877175e-05
low,14,Raw-data FSM,"[0.25,0.25,0.25]","[234.0640775763408,-10.052372427314284,130.1041446427431]","[0.2564171871485884,0.36699305971580254,0.26133872388170615]","[236.9054122028672,-7.861587311612364,153.94532297267062]","[2.841334626526418,2.19078511570192,23.841178329927516]","[18.813520108422203,11.293676394591946,14.646396555456748]","[209.0758917322335,-25.661814837496085,131.05564204031765]","[269.94207682365294,10.982231634713106,178.50067407086354]","[true,true,false]",0.0002862507726541911
low,15,Raw-data FSM,"[0.25,0.25,0.25]","[234.0640775763408,-10.052372427314284,130.1041446427431]","[0.2472644385456141,0.2582811491278093,0.2540567996532209]","[233.8811149603484,-9.031120904539915,132.05846530784237]","[-0.1829626159923805,1.021251522774369,1.9543206650992602]","[18.544412386936575,10.689115623475532,10.940228877970359]","[208.01757146031738,-25.722248994260035,116.40937757224766]","[267.7146826250656,9.309378563659415,151.5475203759662]","[true,true,true]",1.4487651340474215e-06
low,16,Raw-data FSM,"[0.25,0.25,0.25]","[234.0640775763408,-10.052372427314284,130.1041446427431]","[0.25674958113394475,0.24044848662028148,0.26491165845992987]","[237.09190611018877,-6.3013980575501956,128.7338690513068]","[3.0278285338479805,3.750974369764088,-1.3702755914362967]","[19.863687129480915,10.495044391936666,9.887598382499364]","[209.24506711319177,-22.707397294623075,115.39064917977106]","[273.26197843211435,11.663622205595871,145.87927732105933]","[true,true,true]",7.671196468610542e-06
low,17,Raw-data FSM,"[0.25,0.25,0.25]","[234.0640775763408,-10.052372427314284,130.1041446427431]","[0.31740377739859243,0.396864051416071,0.22035422109445785]","[258.3187052433805,-20.05871199471082,160.56446228327474]","[24.254627667039728,-10.006339567396536,30.460317640531628]","[23.883892249136874,10.663530349656908,15.733101765577418]","[221.38034970758196,-36.41697520289272,136.16198339571494]","[299.6129093627909,-1.6029159021995434,187.6005993507517]","[true,true,false]",0.0006357904148731758
low,18,Raw-data FSM,"[0.25,0.25,0.25]","[234.0640775763408,-10.052372427314284,130.1041446427431]","[0.3168437143387215,0.3423582860037543,0.21393791395555437]","[258.0889970374942,-21.00089023303328,148.72757912185645]","[24.024919461153416,-10.948517805718998,18.623434479113342]","[23.536685970858926,10.149168633793135,14.185698807556172]","[220.79326776670868,-35.63588145277229,126.97163565742392]","[298.45114305791986,-2.7535954043256137,172.6931047652545]","[true,true,true]",0.0003285646160576215
low,19,Raw-data FSM,"[0.25,0.25,0.25]","[234.0640775763408,-10.052372427314284,130.1041446427431]","[0.2685617572989397,0.27139685752960774,0.24498922045862587]","[241.1351359291282,-11.561694865885585,134.57236769761505]","[7.071058352787418,-1.509322438571301,4.468223054871942]","[21.25274926875561,10.374355457997899,11.997611359389245]","[209.9376133074347,-27.862666316367196,117.38393290677007]","[279.28118619877864,5.869051869172863,155.0256881936789]","[true,true,true]",1.7293531809480407e-05
low,20,Raw-data FSM,"[0.25,0.25,0.25]","[234.0640775763408,-10.052372427314284,130.1041446427431]","[0.20654148093491045,0.19651749368658758,0.2600038394927188]","[220.58460738347705,-7.056325583114094,120.90579732508803]","[-13.479470192863744,2.9960468442001895,-9.198347317655077]","[12.423953897180374,10.950204641931721,7.16871538097871]","[205.0454793119568,-22.691640228527962,113.65611975172523]","[243.89310993298807,12.978882632218175,132.79977207259208]","[true,true,true]",0.00012512753376413234
low,21,Raw-data FSM,"[0.25,0.25,0.25]","[234.0640775763408,-10.052372427314284,130.1041446427431]","[0.37197808240376046,0.2779121995838991,0.20506369370328292]","[279.02828062975334,-23.29416360373634,135.8199180535701]","[44.96420305341255,-13.241791176422057,5.7157734108269835]","[27.87810043849276,9.00100098327539,12.157679824345204]","[235.76904035462886,-36.35572889475898,117.93171173557185]","[326.917368379983,-7.557338899787265,157.23397527868312]","[false,true,true]",0.00032959274584287414
low,22,Raw-data FSM,"[0.25,0.25,0.25]","[234.0640775763408,-10.052372427314284,130.1041446427431]","[0.27570753491506556,0.31848828364319937,0.23810068237705873]","[243.64834517022572,-13.76486704814937,143.88826796047286]","[9.584267593884931,-3.712494620835086,13.784123317729751]","[22.447803766248516,11.058821486550665,14.324314602769764]","[210.56993694827403,-30.771490498514073,122.22283347401195]","[283.3117987623481,5.438040685268449,168.70477717681788]","[true,true,true]",0.00012092190136019933
low,23,Raw-data FSM,"[0.25,0.25,0.25]","[234.0640775763408,-10.052372427314284,130.1041446427431]","[0.22941728746610687,0.236593532573264,0.2440037531229589]","[227.94128111483934,-11.113684548035334,128.0334830116897]","[-6.122796461501451,-1.06131212072105,-2.0706616310534116]","[15.726338315574498,12.452160436402062,9.681103391625097]","[206.4606938792822,-29.190166948142192,115.28673171651074]","[257.6485891840668,10.047463434442399,145.75012650960528]","[true,true,true]",2.0398961981328567e-05
low,24,Raw-data FSM,"[0.25,0.25,0.25]","[234.0640775763408,-10.052372427314284,130.1041446427431]","[0.32942144784934063,0.2826018163385199,0.24835989491246427]","[262.91029804035935,-11.298904011378932,136.76086195353085]","[28.846220464018558,-1.2465315840646483,6.656717310787741]","[26.55242607011013,11.411537457294804,12.888708240442034]","[222.33402485218653,-29.22801008017606,118.14174171709638]","[309.52320475364576,8.003266848198173,159.02108972467076]","[true,true,true]",0.00015528203808151084
low,25,Raw-data FSM,"[0.25,0.25,0.25]","[234.0640775763408,-10.052372427314284,130.1041446427431]","[0.24090044719650228,0.2839542513950289,0.21236933205916303]","[231.78611796995915,-19.495907500267442,136.9983438880659]","[-2.2779596063816427,-9.443535072953159,6.894199245322795]","[18.148135730931287,8.862653344465537,12.625522209710795]","[207.13327048667955,-32.13985065033051,118.13224856900037]","[265.33607532874254,-3.7813610880128383,158.58892054302663]","[true,true,true]",5.0268884952797695e-05
low,26,Raw-data FSM,"[0.25,0.25,0.25]","[234.0640775763408,-10.052372427314284,130.1041446427431]","[0.1970694443012504,0.2877021140019679,0.21903894445227373]","[217.63273082035454,-17.311713617174586,137.71778513289522]","[-16.431346755986254,-7.259341189860303,7.6136404901521075]","[11.395034049492732,10.857763036965132,12.727960800205995]","[204.49512234824365,-31.822814310662938,119.50504130340063]","[239.45145290550124,3.126838427291852,160.05694986649036]","[true,true,true]",7.991449445912105e-05
low,27,Raw-data FSM,"[0.25,0.25,0.25]","[234.0640775763408,-10.052372427314284,130.1041446427431]","[0.22574593081710123,0.27073036167336756,0.23507926947044067]","[226.71817685737028,-13.537379832666039,134.39435646163724]","[-7.345900718970512,-3.4850074053517552,4.290211818894136]","[14.789308546344303,10.038929707775106,11.278892379730378]","[206.54924666526153,-28.85019120707026,117.8694460878023]","[253.73789933626972,4.0628180882127864,154.4332518113953]","[true,true,true]",1.8667760101324888e-05
low,28,Raw-data FSM,"[0.25,0.25,0.25]","[234.0640775763408,-10.052372427314284,130.1041446427431]","[0.2664693016685387,0.333407707513616,0.27117249358848633]","[240.32103355633444,-5.1591218699334105,146.91160721372756]","[6.2569559799936485,4.893250557380873,16.807462570984455]","[19.82902744607851,11.087681508235045,14.435820774387903]","[211.0895631119816,-22.705851377129395,124.96083089032456]","[276.2111733453295,14.009903600573603,171.34745969571324]","[true,true,true]",0.00017259697188820589
low,29,Raw-data FSM,"[0.25,0.25,0.25]","[234.0640775763408,-10.052372427314284,130.1041446427431]","[0.35139977540072953,0.41010469384558546,0.22896055050704303]","[271.01251674167804,-18.206061869281232,163.5662854263209]","[36.94843916533725,-8.153689441966948,33.46214078357778]","[26.12174314443119,11.247357418001547,16.017689200831093]","[230.30497581800424,-35.79669382877928,138.9936380361537]","[316.4771750558765,0.9618422752112158,191.06070554977933]","[true,true,false]",0.000905622561321559
low,30,Raw-data FSM,"[0.25,0.25,0.25]","[234.0640775763408,-10.052372427314284,130.1041446427431]","[0.3047956652278448,0.32173285764100584,0.31416788635443765]","[253.84558629996116,6.211707758154139,144.5689923040612]","[19.781508723620362,16.264080185468423,14.464847661318089]","[24.065494265635017,12.567476836268098,14.6170902796183]","[216.9256694602435,-13.9726806020705,122.3168597282192]","[296.1511960909722,27.983841166860227,169.685566913695]","[true,true,true]",0.0003058333999863547
low,31,Raw-data FSM,"[0.25,0.25,0.25]","[234.0640775763408,-10.052372427314284,130.1041446427431]","[0.25986303380271036,0.38074233407050445,0.2753658050747159]","[238.17312437155914,-4.181454592931039,157.0517583650928]","[4.109046795218347,5.870917834383245,26.9476137223497]","[20.506313517758965,12.006245458354417,16.177077530042343]","[208.79402103205285,-23.213042747505952,132.59614642501197]","[274.49971980220994,15.799381587933386,185.12102354810682]","[true,true,false]",0.0003795196757622091
low,32,Raw-data FSM,"[0.25,0.25,0.25]","[234.0640775763408,-10.052372427314284,130.1041446427431]","[0.2593378800951886,0.23527412958235985,0.22064028798717758]","[237.85200429135114,-16.99040473961473,127.81178273167482]","[3.787926715010343,-6.938032312300445,-2.2923619110682836]","[18.595406752173417,10.621746327802702,9.97653984317976]","[210.6689703273326,-31.664834555944793,115.05359907331287]","[271.61182529260685,1.1048970025373186,145.29394099199362]","[true,true,true]",2.7355132735034103e-05
low,33,Raw-data FSM,"[0.25,0.25,0.25]","[234.0640775763408,-10.052372427314284,130.1041446427431]","[0.21999951848018395,0.2551575512297445,0.2485721322869282]","[224.89006028143234,-10.120827162614521,131.46724218937177]","[-9.174017294908452,-0.0684547353002376,1.3630975466286657]","[14.525511208241195,10.81898199050321,10.747450158335516]","[205.81560090173252,-26.37250553392192,116.29999506509989]","[252.0668919109966,9.06308961210472,150.50250806021683]","[true,true,true]",1.6789448231393074e-05
low,34,Raw-data FSM,"[0.25,0.25,0.25]","[234.0640775763408,-10.052372427314284,130.1041446427431]","[0.24162229374741456,0.28714612840921816,0.2793387400432794]","[232.00525421683724,-2.8400463339714643,137.6258219673666]","[-2.058823359503549,7.212326093342819,7.521677324623482]","[17.90609653500832,11.5009181871456,12.910583428148094]","[207.21618724572508,-20.96344175705944,118.83242208668548]","[264.53060748443085,17.071350817603996,159.26755206507266]","[true,true,true]",4.591416461058508e-05
low,35,Raw-data FSM,"[0.25,0.25,0.25]","[234.0640775763408,-10.052372427314284,130.1041446427431]","[0.2711142176224414,0.277219874189582,0.23365855368950716]","[242.04454177905015,-14.484761510802354,135.6740560850855]","[7.980464202709356,-4.43238908348807,5.569911442342402]","[21.903187473301163,9.783409708532735,12.021527633098431]","[211.09359088438964,-29.480861579970938,118.20757654648473]","[281.80044694608785,1.782666386456667,156.4198354432445]","[true,true,true]",3.0218547534283217e-05
low,36,Raw-data FSM,"[0.25,0.25,0.25]","[234.0640775763408,-10.052372427314284,130.1041446427431]","[0.2684749939135707,0.34570334511495293,0.20876063065098482]","[241.11810501302747,-21.73071335891819,149.4405181895517]","[7.054027436686681,-11.678340931603907,19.336373546808602]","[21.357599178288844,9.071015519301481,14.467218733733887]","[210.31534464322215,-35.154088246517375,127.25485953283145]","[279.13150811456836,-5.9614614609449275,173.69761379368077]","[true,true,true]",0.00022743795402039454
low,37,Raw-data FSM,"[0.25,0.25,0.25]","[234.0640775763408,-10.052372427314284,130.1041446427431]","[0.260923045277266,0.2697843302154401,0.2993352815061997]","[238.5642375735501,2.1164155919303704,134.310109700422]","[4.500159997209295,12.168788019244655,4.205965057678895]","[20.9786671321916,11.412934697631936,12.586929423252272]","[208.7743556352127,-15.708919718929584,117.08510569417908]","[275.9584882492529,22.028402418904285,155.416140181624]","[true,true,true]",7.243225354882273e-05
low,38,Raw-data FSM,"[0.25,0.25,0.25]","[234.0640775763408,-10.052372427314284,130.1041446427431]","[0.36059535343547905,0.3649657045599842,0.2569344474672521]","[274.71168468594453,-9.811913730909458,153.63609332850686]","[40.64760710960374,0.24045869640482564,23.53194868576375]","[28.392761780913826,12.123103823831059,16.00097524966562]","[230.6829456403566,-29.0224665296914,129.4967076002062]","[323.9213695173477,10.972967787904029,181.52243645368765]","[true,true,true]",0.0006482676539682467
low,39,Raw-data FSM,"[0.25,0.25,0.25]","[234.0640775763408,-10.052372427314284,130.1041446427431]","[0.3768604087825871,0.24268935475075637,0.21597642024545993]","[280.8877324124676,-19.924433726225118,129.14284350505562]","[46.82365483612679,-9.872061298910834,-0.9613011376874852]","[27.510751556374476,9.222766434825486,9.875841533184088]","[238.83893977558395,-33.92461322920446,115.51535646737564]","[328.53479209092455,-3.9492892221149227,147.23527966218217]","[false,true,true]",0.00027344999855129427
low,40,Raw-data FSM,"[0.25,0.25,0.25]","[234.0640775763408,-10.052372427314284,130.1041446427431]","[0.33471481548551857,0.3088573193094403,0.2539582613871285]","[264.6969049975974,-9.990953331588024,141.88612483149814]","[30.63282742125662,0.0614190957262597,11.781980188755028]","[24.910790575249067,11.307713195095875,13.31061086607426]","[226.00901442942444,-27.435418222794688,121.6962238987553]","[307.789987831516,9.644808021077631,164.51792018303345]","[true,true,true]",0.00025245727404035924
low,41,Raw-data FSM,"[0.25,0.25,0.25]","[234.0640775763408,-10.052372427314284,130.1041446427431]","[0.35648795249755516,0.2843112304830039,0.27139038604376986]","[273.13740157020675,-5.331541172720003,137.1164582572994]","[39.073323993865955,4.72083125459428,7.012313614556291]","[28.243416866011295,12.215362196609016,13.179753268869618]","[229.34131752925975,-24.920670604746732,118.24204134998519]","[321.7782980008268,15.339691286854476,159.98894201297176]","[true,true,true]",0.00027599619448851755
low,42,Raw-data FSM,"[0.25,0.25,0.25]","[234.0640775763408,-10.052372427314284,130.1041446427431]","[0.33617342738662864,0.30099652536907745,0.22149447041625722]","[265.2114025178746,-18.667498003839107,140.28938907069295]","[31.14732494153381,-8.615125576524823,10.18524442794984]","[24.7161570765459,9.949764922081636,12.639942152101373]","[227.17386848427938,-33.654302784946815,120.85044405402289]","[308.233441666075,-1.6978703176691814,162.50041817390493]","[true,true,true]",0.0002343386865628948
low,43,Raw-data FSM,"[0.25,0.25,0.25]","[234.0640775763408,-10.052372427314284,130.1041446427431]","[0.26165960208678823,0.2517119588867616,0.2584150522144176]","[238.7445212764332,-7.965435722899561,130.8300941584251]","[4.680443700092411,2.0869367044147227,0.7259495156820037]","[20.180193416791234,10.956310336692587,10.655897629465349]","[209.99834952498335,-25.468163709857972,116.10387261363869]","[276.7926784562393,10.889645344039197,149.50111855037764]","[true,true,true]",3.855789619614156e-06
low,44,Raw-data FSM,"[0.25,0.25,0.25]","[234.0640775763408,-10.052372427314284,130.1041446427431]","[0.2511668224652954,0.2826939337673071,0.19939490291374945]","[235.11144683135362,-22.7793492209915,136.6511693723862]","[1.0473692550128249,-12.726976793677215,6.547024729643084]","[17.91095208618855,8.013261014380765,11.243561810850151]","[209.42314760312885,-33.70724556321413,119.93695068479776]","[267.62670338976534,-8.693618814283674,157.09925350669147]","[true,true,true]",7.537585734128107e-05
low,45,Raw-data FSM,"[0.25,0.25,0.25]","[234.0640775763408,-10.052372427314284,130.1041446427431]","[0.28870179130514023,0.25987953072239617,0.28915146272299797]","[247.99678100900144,-0.3864138783634562,132.37515295714272]","[13.932703432660645,9.665958548950828,2.2710083143996087]","[21.338852304041204,11.527331494293461,11.276978808788394]","[215.9693829529144,-18.624246190952444,116.57949186709139]","[285.4403759792988,19.231991295353353,151.67349101783344]","[true,true,true]",6.996425590440504e-05
low,46,Raw-data FSM,"[0.25,0.25,0.25]","[234.0640775763408,-10.052372427314284,130.1041446427431]","[0.3242016818307143,0.22754046987746807,0.33475760527134]","[260.7797991783908,11.160973795302809,126.41502511156297]","[26.715721602050024,21.21334622261709,-3.6891195311801397]","[24.10194870573953,12.368441266402815,9.577188676394055]","[224.4308469123126,-8.639620498289522,114.43631936680144]","[303.7033850057814,32.36860250465299,142.90262927798128]","[true,false,true]",0.0002569321126667114
low,47,Raw-data FSM,"[0.25,0.25,0.25]","[234.0640775763408,-10.052372427314284,130.1041446427431]","[0.2974663341095261,0.2705854246648302,0.26579085267825936]","[251.25979400595347,-6.471441943288476,134.4515484128624]","[17.195716429612673,3.5809304840258074,4.347403770119286]","[23.915622162454568,11.178004989296307,12.408354292195504]","[214.85944837155174,-23.858018235110077,116.97701358794086]","[293.4337449830849,12.57822125283004,155.4953881231679]","[true,true,true]",6.371488979783697e-05
low,48,Raw-data FSM,"[0.25,0.25,0.25]","[234.0640775763408,-10.052372427314284,130.1041446427431]","[0.2003896511333627,0.2384006576834984,0.2407509744648757]","[218.66340519940405,-11.732214247406592,128.3654042879596]","[-15.40067237693674,-1.6798418200923084,-1.7387403547835163]","[11.763058692813269,12.17002477223757,9.847576174205102]","[204.6943608221009,-28.79899040716087,115.11939462974475]","[241.06024010450528,10.732723498608157,145.84947060980377]","[true,true,true]",6.365671601104008e-05
low,49,Raw-data FSM,"[0.25,0.25,0.25]","[234.0640775763408,-10.052372427314284,130.1041446427431]","[0.3409537936984944,0.31641404473275514,0.3012084328551453]","[267.14257276905107,2.8098095546938833,143.46982229012877]","[33.07849519271028,12.862181982008167,13.365677647385667]","[26.442687556273967,12.527955380947013,14.281167202207165]","[225.57392929216724,-17.101739335523263,122.144254656334]","[311.7359982093975,24.11753642378311,167.90992923271034]","[true,true,true]",0.0003767682838247375
low,50,Raw-data FSM,"[0.25,0.25,0.25]","[234.0640775763408,-10.052372427314284,130.1041446427431]","[0.33126648185218677,0.37101148445563475,0.24571868859666268]","[263.56900606707893,-12.688948808252425,154.92294989938327]","[29.504928490738138,-2.6365763809381413,24.81880525664016]","[26.486854381583527,11.454620468771196,15.926631049022886]","[224.7366409439419,-30.925573097253572,130.85149267663064]","[311.0660970681235,6.280997539354387,182.33849676558668]","[true,true,false]",0.0005304589421310661
low,51,Raw-data FSM,"[0.25,0.25,0.25]","[234.0640775763408,-10.052372427314284,130.1041446427431]","[0.3589373628576231,0.3882877880552508,0.23708016831063397]","[273.8996766244536,-15.698620349578594,158.6731974553509]","[39.83559904811281,-5.64624792226431,28.569052812607794]","[26.470084215285322,11.404664667195565,15.798159684068413]","[232.05921114422233,-34.053294630849685,133.91019193139627]","[319.37935108810865,3.7437013481156125,185.76584802657965]","[true,true,false]",0.0007850499719427896
low,52,Raw-data FSM,"[0.25,0.25,0.25]","[234.0640775763408,-10.052372427314284,130.1041446427431]","[0.2822902375008419,0.3151376882633426,0.26843488607378685]","[245.9392226374465,-5.890316568744816,143.23967145616547]","[11.875145061105712,4.162055858569468,13.13552681342236]","[23.0363134301026,11.696268387097884,14.517372578132338]","[211.59804398252322,-24.313926669133263,121.2362555714339]","[287.690104423272,14.03905912559082,167.74714640205414]","[true,true,true]",0.0001360528835297005
low,53,Raw-data FSM,"[0.25,0.25,0.25]","[234.0640775763408,-10.052372427314284,130.1041446427431]","[0.18756313040833658,0.21779184880933375,0.2549151169251104]","[214.67013146975617,-8.199763388793151,124.65036000938194]","[-19.39394610658462,1.8526090385211322,-5.453784633361167]","[9.410808912383008,13.695851055853757,8.819867547108613]","[204.26952596901296,-26.63702580174182,114.27862947740343]","[232.93792883500342,17.69021578888832,139.22401654023122]","[false,true,true]",0.0001250585084419855
low,54,Raw-data FSM,"[0.25,0.25,0.25]","[234.0640775763408,-10.052372427314284,130.1041446427431]","[0.3156710429672471,0.21286680010774423,0.19187523222010072]","[257.6051362388005,-24.63172891238098,123.7318643710502]","[23.541058662459733,-14.579356485066695,-6.372280271692915]","[22.815024989070828,7.132733177704298,7.504118254776023]","[221.78546510934382,-34.543928466836896,114.11584786989026]","[296.86154037527484,-11.761213837915404,137.4150256767869]","[true,false,true]",0.00014900336390372265
low,55,Raw-data FSM,"[0.25,0.25,0.25]","[234.0640775763408,-10.052372427314284,130.1041446427431]","[0.21137808473277392,0.32650012759857305,0.2178176989470971]","[222.12221031403965,-18.222966896158464,145.42872751103292]","[-11.941867262301145,-8.17059446884418,15.32458286828981]","[13.167491906590303,10.345074518532163,13.608642261351568]","[205.3144649454705,-32.64899363554857,125.58324249336438]","[247.0305412231574,0.22191113534675902,169.25476805274036]","[true,true,true]",0.00012347084505760019
low,56,Raw-data FSM,"[0.25,0.25,0.25]","[234.0640775763408,-10.052372427314284,130.1041446427431]","[0.2935554977352709,0.26252961117517165,0.2916247231627255]","[249.79202957752833,0.20287769448665974,132.88995565243542]","[15.727952001187532,10.255250121800943,2.78581100969231]","[22.706871104179477,11.020573839777175,11.607289893490263]","[215.5980003995524,-16.603026640738822,116.56572177300593]","[289.9620026311723,18.66235521169833,153.65830425092486]","[true,true,true]",8.55470070275906e-05
low,57,Raw-data FSM,"[0.25,0.25,0.25]","[234.0640775763408,-10.052372427314284,130.1041446427431]","[0.3297419052307002,0.26543816220535565,0.29554750873580526]","[263.0095558560461,1.168918271705709,133.47886725700562]","[28.945478279705327,11.221290699019992,3.3747226142625095]","[26.372690695990986,11.548684788987783,12.22636491560631]","[222.68788695954348,-17.266563394247832,116.40037554412116]","[309.22737576016465,20.6034250951038,154.2273229882643]","[true,true,true]",0.0001815041605023719
low,58,Raw-data FSM,"[0.25,0.25,0.25]","[234.0640775763408,-10.052372427314284,130.1041446427431]","[0.2781136834795068,0.2806834840169066,0.3603592421559988]","[244.26847075161905,17.65245532151101,136.34866750406042]","[10.204393175278256,27.704827748825295,6.244522861317307]","[20.059648132874504,11.92631474704206,12.318730419766895]","[213.611702482032,-1.1776264766285365,118.48134897971977]","[280.04308599715125,37.89130750266262,157.50413877809447]","[true,false,true]",0.0003332870420554418
low,59,Raw-data FSM,"[0.25,0.25,0.25]","[234.0640775763408,-10.052372427314284,130.1041446427431]","[0.2679725217908288,0.33303887284196837,0.2707007655258093]","[240.9577157962437,-5.302121239721329,146.95267471911268]","[6.893638219902897,4.750251187592955,16.84853007636957]","[21.470986871823783,12.098127156438807,15.67754670181185]","[209.93016156071158,-24.20947572834965,123.2744592619119]","[279.7604467247847,15.28950803639782,173.46617426102904]","[true,true,true]",0.00017155617104132497
low,60,Raw-data FSM,"[0.25,0.25,0.25]","[234.0640775763408,-10.052372427314284,130.1041446427431]","[0.2434955835559721,0.2869580382811009,0.2707174918033311]","[232.72148616561262,-5.028813360500578,137.6119105486918]","[-1.3425914107281756,5.023559066813705,7.507765905948702]","[19.448597127230165,11.165546844802241,13.156620259997249]","[206.75604502261677,-22.553327072360947,118.70884890704194]","[267.99466977518716,14.392399917098931,159.68781050920225]","[true,true,true]",3.511879860506098e-05
low,61,Raw-data FSM,"[0.25,0.25,0.25]","[234.0640775763408,-10.052372427314284,130.1041446427431]","[0.2559481209008957,0.258665543300391,0.23375221494564927]","[236.73984092855054,-13.96610533994465,132.12436096180068]","[2.675763352209742,-3.9137329126303673,2.0202163190575675]","[18.674488822679642,12.316723866735229,10.884015258987713]","[209.86047081001644,-31.302087990057316,116.70182233764655]","[270.843832004102,8.034365918918537,151.82598480069532]","[true,true,true]",7.107546363956351e-06
low,62,Raw-data FSM,"[0.25,0.25,0.25]","[234.0640775763408,-10.052372427314284,130.1041446427431]","[0.3513658480400034,0.2669557786430648,0.22165430016085874]","[271.07966552613004,-18.379210879901983,133.70590443414835]","[37.01558794978925,-8.3268384525877,3.601759791405243]","[26.98820383386863,9.505963875483866,11.477184230390998]","[229.92115609610443,-32.86507728629536,117.12738359298984]","[318.05500445087506,-1.8146643717109345,153.27999096895505]","[true,true,true]",0.00020565070387814366
low,63,Raw-data FSM,"[0.25,0.25,0.25]","[234.0640775763408,-10.052372427314284,130.1041446427431]","[0.2467305040163757,0.3693461958861224,0.19926431131879924]","[233.75458929224905,-24.192085267288203,154.4738411498638]","[-0.3094882840917421,-14.13971283997392,24.369696507120693]","[19.20055424640374,8.815992233240294,14.951762635347396]","[207.63702560852036,-35.958466207032465,131.9911877263235]","[269.8669842693642,-8.295542740014383,179.7826149331358]","[true,true,false]",0.0003103838781849252
low,64,Raw-data FSM,"[0.25,0.25,0.25]","[234.0640775763408,-10.052372427314284,130.1041446427431]","[0.2420728526269329,0.2638136764129894,0.24541437297043275]","[232.1872570841439,-11.129636402113752,133.14094332149764]","[-1.8768204921968845,-1.0772639747994681,3.0367986787545362]","[18.446058336364754,10.894167364987961,11.879319744177439]","[207.16078636553505,-27.600319668362676,116.73026430920827]","[266.0644920775654,8.088151831478173,153.41791667751485]","[true,true,true]",3.698433767618245e-06
low,65,Raw-data FSM,"[0.25,0.25,0.25]","[234.0640775763408,-10.052372427314284,130.1041446427431]","[0.24999144636634665,0.28119814103302176,0.2663323342151948]","[234.63770856209652,-6.102760488060312,136.35893777100543]","[0.5736309857557274,3.9496119392539715,6.254793128262321]","[16.63777412696205,9.333304846274086,11.180740143614827]","[210.20731657986934,-20.278397782344594,119.95397578703168]","[264.166431273157,10.2940333036766,156.20220699274822]","[true,true,true]",2.5785160035863835e-05
low,66,Raw-data FSM,"[0.25,0.25,0.25]","[234.0640775763408,-10.052372427314284,130.1041446427431]","[0.2546057232716882,0.3014903173222065,0.250033866169972]","[236.4359841674366,-10.38978109574326,140.4631499438191]","[2.371906591095808,-0.3374086684289761,10.359005301075996]","[20.500854184990512,10.83432860767995,13.504425267785058]","[207.89744704993254,-27.05767263434412,119.73176190078328]","[273.86610505055484,8.092798928815606,164.0324263987628]","[true,true,true]",5.2434996328534743e-05
low,67,Raw-data FSM,"[0.25,0.25,0.25]","[234.0640775763408,-10.052372427314284,130.1041446427431]","[0.30197796716915926,0.2910968405555601,0.26480156554427]","[252.86334811630337,-6.852975120386307,138.43976069141058]","[18.799270539962578,3.1993973069279766,8.335616048667475]","[24.13385840747337,11.377138124998599,13.490649108568904]","[215.4715685598895,-25.003480726416253,118.58725709706904]","[296.37933923029465,12.220637041821092,161.13578480595584]","[true,true,true]",0.00011050568082908835
low,68,Raw-data FSM,"[0.25,0.25,0.25]","[234.0640775763408,-10.052372427314284,130.1041446427431]","[0.36514173136001304,0.3492586570886153,0.23077830640213082]","[276.42396167009997,-17.121851048173077,150.24684142581654]","[42.35988409375918,-7.069478620858794,20.142696783073433]","[28.148416710353416,11.221866945452602,15.16382132119571]","[232.33311400092552,-34.60638792845678,127.48636382585312]","[323.9332702153008,1.8332967756951781,176.530635559599]","[true,true,true]",0.0005664400329832877
low,69,Raw-data FSM,"[0.25,0.25,0.25]","[234.0640775763408,-10.052372427314284,130.1041446427431]","[0.2455254188448509,0.36815105718938695,0.2547282606237722]","[233.38003438712744,-9.564613623887807,154.36133113528592]","[-0.6840431892133552,0.4877588034264768,24.257186492542814]","[19.422241836607515,11.305403814485334,16.410259021996676]","[207.15979187707413,-27.579153902579435,128.9075379012988]","[270.0409419644534,9.988176012764454,182.28997612082597]","[true,true,true]",0.0002700311321844335
low,70,Raw-data FSM,"[0.25,0.25,0.25]","[234.0640775763408,-10.052372427314284,130.1041446427431]","[0.2676688724732203,0.44325353787966104,0.30583736635208086]","[240.72007038147282,4.194157330237961,171.39074616014915]","[6.65599280513203,14.246529757552246,41.28660151740604]","[19.781488407615964,12.357318420363478,17.27265175624145]","[211.1060755907698,-15.839611772788322,144.59620845967657]","[275.68012394889087,24.682943246545545,201.36719860408]","[true,true,false]",0.0008949598910978461
low,71,Raw-data FSM,"[0.25,0.25,0.25]","[234.0640775763408,-10.052372427314284,130.1041446427431]","[0.2541451744347961,0.2838978284531096,0.30617000305518566]","[236.11469291048823,3.8721934014377237,136.97502413211362]","[2.0506153341474374,13.924565828752007,6.870879489370509]","[18.29967293597108,11.776539071963544,12.536494990213106]","[209.74117524829933,-14.51930052736882,118.98407997060353]","[269.74023912470136,24.268296495438193,158.53894630751873]","[true,true,true]",0.00010218466105466009
low,72,Raw-data FSM,"[0.25,0.25,0.25]","[234.0640775763408,-10.052372427314284,130.1041446427431]","[0.23510918278822032,0.32856369150089504,0.2104187543913761]","[229.8679704842844,-20.529108312899332,145.8880429383374]","[-4.196107092056394,-10.476735885585049,15.783898295594298]","[17.357815490955062,9.209094006890766,13.962631507441868]","[206.58952609266936,-33.643245871238726,124.0816223556949]","[261.8875414200469,-3.980941921422979,170.04389046913872]","[true,true,true]",0.00013641427905654473
low,73,Raw-data FSM,"[0.25,0.25,0.25]","[234.0640775763408,-10.052372427314284,130.1041446427431]","[0.34493187188943775,0.2543775065364474,0.284701100988509]","[268.63771836742075,-1.6380672246966552,131.36416171800425]","[34.57364079107995,8.414305202617628,1.2600170752611461]","[26.65909665397218,11.34854587361936,11.220331226047522]","[227.7100498347102,-20.0198085606175,115.80318557752337]","[315.15616772315684,17.38726221769718,151.52260403508737]","[true,true,true]",0.00019088291040588403
low,74,Raw-data FSM,"[0.25,0.25,0.25]","[234.0640775763408,-10.052372427314284,130.1041446427431]","[0.27896889311915907,0.2922510289658411,0.2311169272101623]","[244.6833971190362,-15.348923004402288,138.59423996038498]","[10.619319542695393,-5.296550577088004,8.490095317641874]","[21.615051715329763,10.182948065986238,12.677503473307011]","[211.99063493977388,-30.754794572039764,119.45544409907484]","[283.22999995201826,2.0897804058055445,160.4497654524457]","[true,true,true]",6.466548288586593e-05
low,75,Raw-data FSM,"[0.25,0.25,0.25]","[234.0640775763408,-10.052372427314284,130.1041446427431]","[0.2626164222283101,0.26847879340550046,0.26200521626992934]","[239.0745139833274,-7.216494601013351,134.02222326209366]","[5.010436406986599,2.8358778263009325,3.9180786193505526]","[20.30167653052373,10.459351728270706,11.96889137226584]","[209.80509323461894,-23.28917034107025,116.8847577026988]","[275.6283522497191,10.441523720551391,154.5885840025911]","[true,true,true]",1.5042513691149531e-05
low,76,Raw-data FSM,"[0.25,0.25,0.25]","[234.0640775763408,-10.052372427314284,130.1041446427431]","[0.33742606511465634,0.3907933678155205,0.25828176117724627]","[266.0826761796255,-9.383921852283217,159.36873072373623]","[32.01859860328469,0.6684505750310663,29.264586080993126]","[29.029470039511672,12.371468093783776,17.238607013102044]","[223.3757987268805,-29.594963042265125,133.0045302663952]","[317.71407625696526,11.481048990146244,188.5652332298101]","[true,true,false]",0.0006994637966907337
low,77,Raw-data FSM,"[0.25,0.25,0.25]","[234.0640775763408,-10.052372427314284,130.1041446427431]","[0.2547395507793304,0.29395885214448264,0.26542519670718495]","[236.4277208375295,-6.420131035295093,138.96385298591755]","[2.363643261188713,3.632241392019191,8.859708343174447]","[19.824775589836175,11.513221319884783,13.079763133033522]","[208.3179296790996,-24.488935753434074,119.33980774784557]","[271.2666778903632,14.03062269207617,162.23874975104343]","[true,true,true]",4.571956913034178e-05
low,78,Raw-data FSM,"[0.25,0.25,0.25]","[234.0640775763408,-10.052372427314284,130.1041446427431]","[0.30705139638359913,0.26380797870250117,0.22845758511946956]","[254.66395092163506,-16.03517780284022,133.10134232661994]","[20.59987334529427,-5.9828053755259365,2.997197683876834]","[24.321355034434035,9.424128366371583,11.196837727556124]","[217.92278344664948,-30.7480995410883,116.7112889303253]","[297.71138861688263,-0.11404670703219413,153.03263182111152]","[true,true,true]",7.161163668451838e-05
low,79,Raw-data FSM,"[0.25,0.25,0.25]","[234.0640775763408,-10.052372427314284,130.1041446427431]","[0.33439555388355025,0.3447868037885225,0.19746909964532047]","[264.46554849941487,-25.851231714324342,149.17049831523437]","[30.401470923074072,-15.798859287010059,19.06635367249126]","[23.60446223707106,8.488887267294357,13.496233479384944]","[227.56454519668412,-37.96173830676427,127.97849161387056]","[305.16406769755037,-10.488796563236276,172.14991986504373]","[true,false,true]",0.0004252053014881976
low,80,Raw-data FSM,"[0.25,0.25,0.25]","[234.0640775763408,-10.052372427314284,130.1041446427431]","[0.2494535990341055,0.2836948358498307,0.25331874445916425]","[234.61714536340503,-9.329360214686501,136.93899590604477]","[0.5530677870642364,0.7230122126277827,6.834851263301658]","[18.836232567524583,11.522417548386624,12.519917949348704]","[208.20014340317476,-27.22185171471805,118.82154731086057]","[268.6177668593836,10.70888767353838,159.35978767193262]","[true,true,true]",2.03278876970203e-05
low,81,Raw-data FSM,"[0.25,0.25,0.25]","[234.0640775763408,-10.052372427314284,130.1041446427431]","[0.21907319264947073,0.2909686573440818,0.22645126304321347]","[224.61653849840596,-15.792373731069581,138.3413458092181]","[-9.447539077934834,-5.740001303755298,8.23720116647499]","[14.798042972581667,10.917087274391548,12.646678586166779]","[205.383430815939,-31.451696199220322,119.88212261208396]","[252.0978142825715,3.618407723194458,160.70793280665853]","[true,true,true]",4.6459602544756186e-05
low,82,Raw-data FSM,"[0.25,0.25,0.25]","[234.0640775763408,-10.052372427314284,130.1041446427431]","[0.24192291400412322,0.29859495146252246,0.20139181269597517]","[232.14083807729602,-22.418982443934905,139.8614448402578]","[-1.9232394990447688,-12.366610016620621,9.757300197514695]","[18.485688918623648,8.80521508245763,13.200676597854788]","[207.21945053876362,-34.13957142930908,119.88500378675344]","[266.61505612070914,-6.527959870783677,161.93649761737308]","[true,true,true]",9.029141934493029e-05
low,83,Raw-data FSM,"[0.25,0.25,0.25]","[234.0640775763408,-10.052372427314284,130.1041446427431]","[0.3067059354970662,0.2866059234862609,0.20132320098396211]","[254.50098286418267,-23.35010181538232,137.51847485986914]","[20.43690528784188,-13.297729388068037,7.414330217126036]","[23.86880320455526,8.386100680158028,12.750927034474365]","[217.54311291687316,-35.20359999785286,118.38683573015825]","[296.97192851590125,-8.412511042112463,159.40253177856798]","[true,true,true]",0.00014162332024652855
low,84,Raw-data FSM,"[0.25,0.25,0.25]","[234.0640775763408,-10.052372427314284,130.1041446427431]","[0.2461365937319154,0.40567311238182635,0.24780127599617457]","[233.5578323355387,-11.756339149236036,162.6771432401289]","[-0.5062452408020874,-1.703966721921752,32.572998597385805]","[19.11741548812237,11.386176951889855,17.14909479099334]","[207.24150416525433,-29.770478075574974,136.38070680162483]","[268.58721734538983,7.495142357368578,191.5482076143627]","[true,true,false]",0.00047372126374555667
low,85,Raw-data FSM,"[0.25,0.25,0.25]","[234.0640775763408,-10.052372427314284,130.1041446427431]","[0.24502375383933805,0.266175666363381,0.2421564911822863]","[233.1620890841261,-11.890878073870622,133.56168058663545]","[-0.9019884922146844,-1.8385056465563387,3.4575359438923385]","[18.726227846422354,12.611671170836853,11.591759144370451]","[207.78626238627282,-30.308240178620668,117.26732068418893]","[267.59729998368334,9.926739783857638,154.1507397063154]","[true,true,true]",4.866374073216618e-06
low,86,Raw-data FSM,"[0.25,0.25,0.25]","[234.0640775763408,-10.052372427314284,130.1041446427431]","[0.45210342521101354,0.3221786428551629,0.23709671774444327]","[312.07652633606165,-15.958695433754169,144.61530389261574]","[78.01244875972085,-5.9063230064398855,14.511159249872634]","[30.26598188717893,12.051547853873327,14.214794993728251]","[264.1928082076826,-35.131698064617474,123.20323767870251]","[363.269943532951,4.320135117913207,168.22312143295315]","[false,true,true]",0.000995512705976263
low,87,Raw-data FSM,"[0.25,0.25,0.25]","[234.0640775763408,-10.052372427314284,130.1041446427431]","[0.3818021676522869,0.31641320873932166,0.23110668769113268]","[283.0365141341723,-16.833529529193797,143.4903881958245]","[48.972436557831514,-6.781157101879513,13.386243553081385]","[29.677189092346797,11.183802532181915,14.510154370081988]","[237.14496995373915,-34.26430908561975,121.90057608327642]","[334.2254003936109,2.36498592665779,167.93467647598237]","[false,true,true]",0.0004911948840179945
low,88,Raw-data FSM,"[0.25,0.25,0.25]","[234.0640775763408,-10.052372427314284,130.1041446427431]","[0.2896536114162989,0.2822270423207024,0.21420606293435962]","[248.48875871684342,-19.71339167005227,136.6609547932688]","[14.424681140502628,-9.661019242737988,6.556810150525678]","[23.21677807207564,9.475710582472267,12.498327558464066]","[213.36344164852733,-33.595181959743165,118.43867798604956]","[290.1597160563188,-2.75490588717119,157.8299331054386]","[true,true,true]",8.041785663658686e-05
low,89,Raw-data FSM,"[0.25,0.25,0.25]","[234.0640775763408,-10.052372427314284,130.1041446427431]","[0.31616161471206455,0.34344660127332405,0.22502360872626168]","[257.7199957821315,-18.00950887773701,148.91073940973348]","[23.655918205790698,-7.957136450422725,18.806594766990372]","[22.154727796557292,9.767808006906346,13.776384971223006]","[223.42892497026543,-32.99961988655154,127.78888708476603]","[295.9942022411283,-1.1666791301442607,172.0524611663835]","[true,true,true]",0.0003252751784790921
low,90,Raw-data FSM,"[0.25,0.25,0.25]","[234.0640775763408,-10.052372427314284,130.1041446427431]","[0.38116984625311645,0.31797406771943026,0.22012781179320587]","[282.65157226238574,-19.84476931916931,143.76505920880354]","[48.58749468604495,-9.792396891855025,13.660914566060427]","[28.347067825097195,10.744217726440342,14.078763407518958]","[238.89834033481435,-35.81314125221386,122.5310671788075]","[331.67595532389464,-1.1056300237164451,167.9534670684278]","[false,true,true]",0.0004973353081015492
low,91,Raw-data FSM,"[0.25,0.25,0.25]","[234.0640775763408,-10.052372427314284,130.1041446427431]","[0.23711246281401172,0.22743466855585612,0.25989084038509375]","[230.42314056030517,-7.409219923323667,126.3992983703484]","[-3.640937016035622,2.643152503990617,-3.704846272394704]","[16.044255000787764,10.022237192849488,9.641161230962076]","[207.6029030552381,-22.843293450107453,114.51230061553647]","[259.21437891239935,9.45104312679054,143.22681724971403]","[true,true,true]",2.0767547542067224e-05
low,92,Raw-data FSM,"[0.25,0.25,0.25]","[234.0640775763408,-10.052372427314284,130.1041446427431]","[0.20088031680200671,0.21559533774931874,0.24290038855106869]","[218.80802793183966,-11.064840829564286,124.25415711101107]","[-15.256049644501132,-1.0124684022500023,-5.84998753173204]","[11.650562870917113,11.43879208598342,8.487286091542991]","[204.7347376950456,-27.269231829601633,114.25364048905922]","[241.0647369923936,10.194926998464545,139.2184451580516]","[true,true,true]",9.713594120636972e-05
low,93,Raw-data FSM,"[0.25,0.25,0.25]","[234.0640775763408,-10.052372427314284,130.1041446427431]","[0.214208280854154,0.25000941257615966,0.2605205479965984]","[223.07339410390477,-7.209931567102361,130.46821116100267]","[-10.990683472436018,2.842440860211923,0.3640665182595626]","[14.428968084274008,10.385102459293265,9.850380581806588]","[205.2844224622763,-23.398056083299945,115.9575670979963]","[251.11711661776678,10.633520744162867,148.20275422630223]","[true,true,true]",2.6842887497338337e-05
low,94,Raw-data FSM,"[0.25,0.25,0.25]","[234.0640775763408,-10.052372427314284,130.1041446427431]","[0.26492557169158504,0.300429672618831,0.23154571124427725]","[239.64466347327982,-15.111774184888414,140.12615857898012]","[5.580585896939027,-5.059401757574131,10.022013936237016]","[17.621041016861614,10.002602678531096,12.022744151449327]","[212.6923262976361,-30.534855621349685,121.96818802812794]","[271.15303987937733,2.053745645830524,161.41590925530957]","[true,true,true]",6.357450671154787e-05
low,95,Raw-data FSM,"[0.25,0.25,0.25]","[234.0640775763408,-10.052372427314284,130.1041446427431]","[0.4379757630624996,0.4355490419393399,0.2399225704750904]","[306.40453495573314,-16.319401949863437,169.66571024480666]","[72.34045737939235,-6.267029522549153,39.56156560206355]","[34.094857289190045,13.31851983956406,18.203450757218405]","[254.41589102391916,-38.06448906232679,140.7152443661421]","[365.0226997987984,6.190151783117374,200.78216043862315]","[false,true,false]",0.0018138026846412573
low,96,Raw-data FSM,"[0.25,0.25,0.25]","[234.0640775763408,-10.052372427314284,130.1041446427431]","[0.3075418210555663,0.33189757708000556,0.2801421686693423]","[254.72974594870388,-2.91743953904917,146.59623917127854]","[20.665668372363086,7.134932888265114,16.492094528535432]","[23.11916233005836,11.554995997806893,14.35020037044888]","[219.3342663494904,-21.79612786122948,124.55242312125455]","[295.7641387251896,16.05746877288127,171.18923070387666]","[true,true,true]",0.0002771743712671202
low,97,Raw-data FSM,"[0.25,0.25,0.25]","[234.0640775763408,-10.052372427314284,130.1041446427431]","[0.36975414473010687,0.39746665629014394,0.3184124395509126]","[278.4098703797013,8.149194092693955,160.91682777611288]","[44.345792803360524,18.20156652000824,30.812683133369774]","[30.31841528716009,14.931777217739036,17.994303578785715]","[232.4076109934518,-15.554077029029617,134.2905814805215]","[331.3463525493435,33.2639265121738,192.177508954687]","[true,true,false]",0.0010479146146550546
low,98,Raw-data FSM,"[0.25,0.25,0.25]","[234.0640775763408,-10.052372427314284,130.1041446427431]","[0.2851488697786649,0.3050621083894839,0.21609735588130166]","[246.88853450176268,-19.47115260920118,141.15480570869698]","[12.824456925421885,-9.418780181886897,11.050661065953875]","[22.70158683459835,9.90503098272877,13.529540131478635]","[212.58620021294612,-33.922837177533204,120.94606630855831]","[287.77659745339776,-1.8818749981645924,164.07262330300142]","[true,true,true]",0.00011637494659384474
low,99,Raw-data FSM,"[0.25,0.25,0.25]","[234.0640775763408,-10.052372427314284,130.1041446427431]","[0.24390722989858682,0.27180570596230036,0.23727623202590317]","[232.71400657312452,-13.185182402717304,134.64269535007392]","[-1.3500710032162715,-3.1328099754030205,4.538550707330813]","[17.490865488375583,10.461922078952465,11.974048279052314]","[208.28611500889636,-29.438387142478962,117.82495764278359]","[264.7488579343602,4.368125984716664,155.71346170131434]","[true,true,true]",1.0634928040975419e-05
center,0,Raw-data NPE,"[0.5,0.5,0.5]","[332.15273677999994,70.39821371,184.62656960000004]","[0.5065535948498421,0.5099629906714261,0.5058320895792893]","[343.89650142903633,70.31866979028709,192.14118986817192]","[11.743764649036393,-0.0795439197129042,7.514620268171882]","[77.87926731979101,53.81719244139407,43.73833320751629]","[229.26357541806595,-22.683353520024674,126.68322119800006]","[489.5621485380483,155.60773884540305,272.9814185638877]","[true,true,true]",3.241997172833163e-05
center,1,Raw-data NPE,"[0.5,0.5,0.5]","[332.15273677999994,70.39821371,184.62656960000004]","[0.4882788394421832,0.5132812122546314,0.510191033671535]","[335.4246375435848,71.09951745320006,192.9998145507107]","[3.271900763584881,0.7013037432000715,8.37324495071067]","[77.18896941947467,52.64261464679047,43.86252646152619]","[224.0588915651269,-20.158331370624357,128.77492175012515]","[478.96348655077514,153.96901370349323,275.1531664368336]","[true,true,true]",5.584433899809591e-05
center,2,Raw-data NPE,"[0.5,0.5,0.5]","[332.15273677999994,70.39821371,184.62656960000004]","[0.5090670805403096,0.502344607665513,0.4944358505875891]","[345.2239844830003,66.67680819745547,190.1048535172095]","[13.071247703000381,-3.7214055125445213,5.478283917209467]","[78.45311722329403,53.956395244209276,43.4572329992039]","[228.34559765744842,-24.391243909302403,126.90066160156886]","[487.41919612124144,152.10012888024158,270.41504983370857]","[true,true,true]",3.474858111278656e-05
center,3,Raw-data NPE,"[0.5,0.5,0.5]","[332.15273677999994,70.39821371,184.62656960000004]","[0.532154168747088,0.48265614632631115,0.5063748573184635]","[356.0738715355387,70.83923949133988,185.17975891223293]","[23.92113475553873,0.44102578133988857,0.5531893122328881]","[78.45166484205407,53.47890089200192,43.64540531386969]","[237.73300618076004,-20.477762876942222,123.52069752327436]","[497.9164202691711,155.10386091690643,266.90797556925776]","[true,true,true]",5.419289266959168e-05
center,4,Raw-data NPE,"[0.5,0.5,0.5]","[332.15273677999994,70.39821371,184.62656960000004]","[0.49218638416545146,0.5004818793217076,0.5067686441247837]","[337.4361331376714,69.82406965520907,189.7296397617603]","[5.2833963576714496,-0.5741440547909207,5.103070161760257]","[78.27638507906767,52.93244659145522,44.02764127926809]","[224.19989630140392,-20.33707480014205,126.07771997562465]","[484.5780990404122,153.79598564492312,273.4754076049941]","[true,true,true]",6.407320182919841e-05
center,5,Raw-data NPE,"[0.5,0.5,0.5]","[332.15273677999994,70.39821371,184.62656960000004]","[0.5320190873861906,0.5317621288837179,0.4902153806043489]","[356.57734757966443,67.95750405875403,198.01953508253007]","[24.424610799664492,-2.4407096512459674,13.39296548253003]","[80.77807095018882,55.2201915094481,44.50700071098747]","[232.44739109489498,-23.445189645191846,130.33114568731853]","[503.52869213346366,158.0440686926286,279.62680419953114]","[true,true,true]",2.9940427199363535e-05
center,6,Raw-data NPE,"[0.5,0.5,0.5]","[332.15273677999994,70.39821371,184.62656960000004]","[0.5061363482236545,0.5131574530343798,0.48902216336813353]","[343.94362631056316,65.41261952257472,192.80239929549984]","[11.79088953056322,-4.985594187425278,8.1758296954998]","[78.8459538682845,54.148977161896156,42.94779997199981]","[228.53222628468086,-24.926931520749488,128.5293016153937]","[488.2132859768441,153.0765472950077,271.45047809413916]","[true,true,true]",2.945329443582031e-05
center,7,Raw-data NPE,"[0.5,0.5,0.5]","[332.15273677999994,70.39821371,184.62656960000004]","[0.5161802700979198,0.5094888022643494,0.4883641772806113]","[348.7605385421349,65.39347980198346,191.92181112477897]","[16.607801762134955,-5.004733908016533,7.29524152477893]","[79.59559930586077,53.94841205733662,43.38969810425319]","[230.78692467908385,-26.475682701379032,128.25513138614755]","[496.0155772534446,151.97718839816991,271.16014324377676]","[true,true,true]",2.665261709234412e-05
center,8,Raw-data NPE,"[0.5,0.5,0.5]","[332.15273677999994,70.39821371,184.62656960000004]","[0.48197447608545607,0.5078941648643339,0.5088586317063891]","[332.1012964051359,69.926146155902,191.53723189184657]","[-0.0514403748640575,-0.47206755409798973,6.910662291846535]","[75.12531141132996,52.71254218738348,43.41245711437515]","[224.57621140667942,-18.730630842455184,127.38639139589436]","[473.132940947858,152.17452723625857,270.95934374807416]","[true,true,true]",7.486019874047399e-05
center,9,Raw-data NPE,"[0.5,0.5,0.5]","[332.15273677999994,70.39821371,184.62656960000004]","[0.49807527781043764,0.5051237263708914,0.49429763585504305]","[340.0310327087025,66.36903375847403,190.9151293474461]","[7.878295928702585,-4.029179951525961,6.288559747446072]","[78.03225006801057,53.599943838754214,43.8303006805212]","[226.35950964334688,-22.06715352848382,126.31178633478594]","[483.12275850920014,154.1270514711402,272.2747267018382]","[true,true,true]",4.25892402826677e-05
center,10,Raw-data NPE,"[0.5,0.5,0.5]","[332.15273677999994,70.39821371,184.62656960000004]","[0.5107891816654053,0.4836624163462772,0.5093717814888578]","[346.1361796065851,70.56061793197881,185.32568440951272]","[13.983442826585133,0.162404221978818,0.6991148095126789]","[79.28681505860666,52.84231564794564,43.282855673235886]","[230.8224055345119,-18.6245086068565,124.67479430463362]","[493.4315321881015,154.57496246585833,267.3268519722898]","[true,true,true]",7.27552888290911e-05
center,11,Raw-data NPE,"[0.5,0.5,0.5]","[332.15273677999994,70.39821371,184.62656960000004]","[0.48723822092656066,0.5349729331154531,0.5113023789651691]","[334.7880037002521,72.35650863029258,198.77661841370744]","[2.6352669202521497,1.9582949202925874,14.1500488137074]","[76.64247009599167,54.445216442758245,43.962251776450366]","[225.1500143176579,-22.230997321716742,131.01341978878628]","[480.15159319117976,157.88475322222746,277.41627611540355]","[true,true,true]",4.71764330968053e-05
center,12,Raw-data NPE,"[0.5,0.5,0.5]","[332.15273677999994,70.39821371,184.62656960000004]","[0.49013548923142186,0.5072658375878792,0.5396512096997917]","[336.1183926241522,79.8594309259386,191.34677957593684]","[3.965655844152252,9.461217215938603,6.720209975936797]","[76.73221260780427,52.740871509711006,43.35981011442608]","[225.05072693166645,-12.856328555184382,128.19057739218542]","[480.7656624521173,160.8733685940936,271.5150860106035]","[true,true,true]",0.00013098972021794765
center,13,Raw-data NPE,"[0.5,0.5,0.5]","[332.15273677999994,70.39821371,184.62656960000004]","[0.4807050998527081,0.5109153184182839,0.5042115460251206]","[331.60299847766333,68.9495575236265,192.37691881537316]","[-0.5497383023366069,-1.4486561863734977,7.75034921537312]","[75.30122166670763,52.940989672493025,43.75175604690353]","[223.94879408095412,-19.90729674015638,127.41098919832709]","[471.37334504751607,154.79679624708936,273.62172860552477]","[true,true,true]",6.671002347061131e-05
center,14,Raw-data NPE,"[0.5,0.5,0.5]","[332.15273677999994,70.39821371,184.62656960000004]","[0.5223178780979228,0.500040327648898,0.49415005131148254]","[351.82532629082243,67.05543922899442,189.49919479212755]","[19.67258951082249,-3.342774481005577,4.872625192127515]","[80.18274088983249,54.35225619359957,43.31352369982277]","[231.17300480088062,-23.723621286756693,125.58485398493934]","[497.27517010478147,155.7597456109025,271.1434459068124]","[true,true,true]",3.0020098330034423e-05
center,15,Raw-data NPE,"[0.5,0.5,0.5]","[332.15273677999994,70.39821371,184.62656960000004]","[0.4810210821389488,0.49738922905131533,0.5099542214199627]","[331.8762248842244,69.63483626436651,188.95039724649908]","[-0.2765118957755135,-0.7633774456334805,4.323827646499041]","[75.91278144347648,52.45232543253446,43.83765097865908]","[222.83612531648666,-20.102433403316812,125.23093236210542]","[474.7769994823263,153.5331432307753,269.6540717349314]","[true,true,true]",9.796192543875934e-05
center,16,Raw-data NPE,"[0.5,0.5,0.5]","[332.15273677999994,70.39821371,184.62656960000004]","[0.5201412078321384,0.4938806464939006,0.5048353027961944]","[350.74249548039484,70.22405339478442,187.89745483301465]","[18.589758700394896,-0.1741603152155733,3.27088523301461]","[80.13297578493952,53.553077218526546,43.13708384392998]","[232.732399972386,-21.73918167454328,125.53518885356794]","[496.38494853018574,155.88683010819267,267.49644475102633]","[true,true,true]",4.0456387379367353e-05
center,17,Raw-data NPE,"[0.5,0.5,0.5]","[332.15273677999994,70.39821371,184.62656960000004]","[0.5097426729643949,0.498237479013975,0.4877235705718295]","[345.55744582897,64.6312562562946,189.10947873877228]","[13.404709048970062,-5.766957453705388,4.482909138772243]","[78.61944253257911,53.94042818585605,43.67208518732859]","[230.214084987797,-26.84121468941388,125.18570351712887]","[489.9844523786434,151.40667638363104,271.39752791647646]","[true,true,true]",3.976272329554368e-05
center,18,Raw-data NPE,"[0.5,0.5,0.5]","[332.15273677999994,70.39821371,184.62656960000004]","[0.4997331879759842,0.5153917589442443,0.4902535840968937]","[340.8143577126378,65.59857782533432,193.59892496705012]","[8.661620932637845,-4.799635884665676,8.972355367050085]","[78.14162336977257,53.63694339337046,44.010446026750024]","[225.5850930289094,-25.3101603030006,128.47913022296356]","[487.0838226224467,152.66826213130366,273.28863616437246]","[true,true,true]",3.2318676038901615e-05
center,19,Raw-data NPE,"[0.5,0.5,0.5]","[332.15273677999994,70.39821371,184.62656960000004]","[0.4967641494140215,0.5052874083402042,0.5141228960673716]","[339.4022251072638,72.20805382024908,190.80581741968973]","[7.249488327263862,1.809840110249084,6.179247819689692]","[77.9328495102717,52.84548364235897,43.156931611541985]","[224.89070894467258,-18.917959052531682,126.68265044289187]","[485.4927334590205,155.58968762244191,271.035546036582]","[true,true,true]",5.815896491360769e-05
center,20,Raw-data NPE,"[0.5,0.5,0.5]","[332.15273677999994,70.39821371,184.62656960000004]","[0.4742571786338766,0.5518618412482975,0.49441904008470094]","[328.89792064817294,67.4075164183631,203.41046449730564]","[-3.254816131826999,-2.9906972916368915,18.7838948973056]","[76.27734412063695,53.76783544332823,44.14717001715479]","[222.02210473627426,-21.668677834304653,134.05668779363702]","[474.52410495846476,153.70665837648207,280.84149076429355]","[true,true,true]",6.87222484978908e-05
center,21,Raw-data NPE,"[0.5,0.5,0.5]","[332.15273677999994,70.39821371,184.62656960000004]","[0.4718219085314601,0.5120928433488499,0.5723758953010222]","[327.8639113855861,88.7124369309895,192.85430492493634]","[-4.288825394413834,18.314223220989504,8.227735324936305]","[76.34103495856033,49.656406658943595,44.52213689772694]","[221.8256477080992,-1.080731689423912,127.65188494798325]","[469.95919907096015,164.1084372033433,275.0782920248719]","[true,true,true]",0.0003234742698891271
center,22,Raw-data NPE,"[0.5,0.5,0.5]","[332.15273677999994,70.39821371,184.62656960000004]","[0.4982434400709801,0.5124089826080376,0.5132043475513302]","[340.42922915537514,72.25581541096746,192.7382618068896]","[8.276492375375199,1.8576017009674644,8.111692206889558]","[79.28408231271479,53.64966033648122,43.49814983280226]","[224.75822646386743,-20.52437164970499,127.27292450084076]","[488.78557006501165,156.4029612527369,271.3883093885843]","[true,true,true]",4.6945554190732664e-05
center,23,Raw-data NPE,"[0.5,0.5,0.5]","[332.15273677999994,70.39821371,184.62656960000004]","[0.49623273229286236,0.4821266204449541,0.5217962314032247]","[339.08647430442073,73.40278459335534,184.79685929481607]","[6.933737524420792,3.004570883355342,0.1702896948160344]","[77.56423345437358,52.68795337998571,42.48585431131915]","[225.8515053514239,-18.752027212206578,124.23587961732213]","[485.54422737177345,154.73142298099415,264.1960259875073]","[true,true,true]",0.00012645529713675846
center,24,Raw-data NPE,"[0.5,0.5,0.5]","[332.15273677999994,70.39821371,184.62656960000004]","[0.5137542745041596,0.5041755015606534,0.48538455841697853]","[347.69515188537645,64.43959350809794,190.63695493601213]","[15.542415105376506,-5.95862020190205,6.010385336012092]","[79.86817281296616,54.74261626474132,43.61019447300491]","[229.956465398884,-28.43577778404182,125.7967324935024]","[493.6885422776358,154.36662919070778,270.7903064836916]","[true,true,true]",3.3695637715485496e-05
center,25,Raw-data NPE,"[0.5,0.5,0.5]","[332.15273677999994,70.39821371,184.62656960000004]","[0.48286359039382853,0.5069061407651285,0.516566959411101]","[332.7808989418604,72.46046159038207,191.28307510385443]","[0.6281621618604731,2.062247880382074,6.65650550385439]","[76.41465061677614,52.433878584529744,43.36199199712723]","[224.97852347331047,-17.024730031389026,126.5391357434613]","[476.7468135006186,154.52989588611348,270.86236108246646]","[true,true,true]",8.569961892799804e-05
center,26,Raw-data NPE,"[0.5,0.5,0.5]","[332.15273677999994,70.39821371,184.62656960000004]","[0.4871289447397301,0.5033583064482565,0.5007622756760708]","[334.9154093184195,67.57698837470096,190.34707803237148]","[2.762672538419565,-2.821225335299033,5.720508432371446]","[77.47620613870286,53.21880042599872,43.3731250200162]","[223.3426047935826,-22.871365967860356,126.96073777794017]","[480.94600762877326,153.37054491853078,271.59679647311617]","[true,true,true]",6.443578877069226e-05
center,27,Raw-data NPE,"[0.5,0.5,0.5]","[332.15273677999994,70.39821371,184.62656960000004]","[0.5072521642123408,0.4847719010105092,0.5321203880493257]","[344.58972585885834,77.24960058936425,185.51190593908288]","[12.436989078858403,6.851386879364256,0.8853363390828406]","[79.46673775305258,51.76375842982002,42.88444393707932]","[227.1780016714472,-12.443029875156117,125.02959488967032]","[489.80921840581243,157.13304578858313,268.41862230416825]","[true,true,true]",0.0001223181089119935
center,28,Raw-data NPE,"[0.5,0.5,0.5]","[332.15273677999994,70.39821371,184.62656960000004]","[0.5179476522491772,0.488352132497771,0.5349328409826482]","[348.95110931981395,79.10151292065807,186.60248021002363]","[16.79837253981401,8.703299210658074,1.9759106100235897]","[76.66220132358819,52.483506307525225,43.53159948121702]","[234.9082629790576,-13.703497704471213,124.40384486729205]","[489.1534587756241,160.64850966679148,265.9941994703487]","[true,true,true]",0.00010491520676882192
center,29,Raw-data NPE,"[0.5,0.5,0.5]","[332.15273677999994,70.39821371,184.62656960000004]","[0.5290739272546259,0.4809596363681167,0.48775778340602727]","[354.80920800701233,64.82630218428402,184.60164158790792]","[22.65647122701239,-5.571911525715976,-0.02492801209211848]","[79.17758899823676,53.07540557779698,42.91112326264692]","[233.88036838539898,-23.5514161343982,124.01104277759507]","[495.9416553058997,152.2058005488662,264.8476434431669]","[true,true,true]",5.433251913089765e-05
center,30,Raw-data NPE,"[0.5,0.5,0.5]","[332.15273677999994,70.39821371,184.62656960000004]","[0.5269015690072728,0.5013306844840033,0.4797971156838824]","[353.7440404455544,62.83718163837851,189.89589538293603]","[21.59130366555445,-7.561032071621483,5.269325782935994]","[79.14744824342249,54.28016841893164,43.64497222733108]","[233.91002566597732,-26.314500068473535,125.93379709534895]","[499.50904647806414,151.8392842816692,271.383102717107]","[true,true,true]",3.924221160088575e-05
center,31,Raw-data NPE,"[0.5,0.5,0.5]","[332.15273677999994,70.39821371,184.62656960000004]","[0.4901433270899814,0.5320616170225164,0.5090114616081826]","[336.33490579631996,72.10093842566353,198.08655913971955]","[4.182169016320017,1.7027247156635354,13.459989539719516]","[77.64608673826861,53.71555098965304,44.319825991519984]","[224.68608547187276,-18.56010453472563,129.22791340035556]","[481.2808516662551,158.7604765425539,277.67605450562144]","[true,true,true]",3.924350094287955e-05
center,32,Raw-data NPE,"[0.5,0.5,0.5]","[332.15273677999994,70.39821371,184.62656960000004]","[0.4967784842682692,0.49002635031879055,0.49494722635865573]","[339.27534987322696,65.99269337296818,186.96020807085247]","[7.122613093227017,-4.405520337031817,2.333638470852435]","[77.33288115359471,51.744280129918046,43.486480323063326]","[226.95865363832152,-21.43963986992479,124.9452040950966]","[484.60476651828606,149.0361685634696,270.0429341232318]","[true,true,true]",6.165454009517394e-05
center,33,Raw-data NPE,"[0.5,0.5,0.5]","[332.15273677999994,70.39821371,184.62656960000004]","[0.5157445621751378,0.49313173893209594,0.49090388950512615]","[348.48663591431364,65.42294126142899,187.72342592845092]","[16.333899134313697,-4.975272448571005,3.096856328450883]","[79.2612739941658,53.599170064289275,43.20458720262601]","[229.03787939393973,-24.58791566551145,125.4539665336919]","[494.38119744422227,151.51240059688817,268.0577828390305]","[true,true,true]",4.173306134106486e-05
center,34,Raw-data NPE,"[0.5,0.5,0.5]","[332.15273677999994,70.39821371,184.62656960000004]","[0.511788932896421,0.48355801819839817,0.5282012674255852]","[346.76733681516794,76.24798735809789,185.20258674691596]","[14.614600035167996,5.849773648097894,0.5760171469159161]","[79.78872529299657,52.10486064780339,42.77536243702458]","[229.13078707757415,-16.561322360836854,124.32013834561522]","[492.6863408849123,157.56485635621667,266.16865354921384]","[true,true,true]",0.00010773778109384477
center,35,Raw-data NPE,"[0.5,0.5,0.5]","[332.15273677999994,70.39821371,184.62656960000004]","[0.4877671696721657,0.520362233853225,0.5004168050149006]","[335.0616320943001,68.15269716370881,194.85334890431443]","[2.908895314300139,-2.245516546291185,10.226779304314391]","[76.66927153109702,53.368318211918776,43.80682693686996]","[224.13051392299283,-22.51617850610169,129.33651162270078]","[477.34594370282366,154.8091515513767,275.06453103597437]","[true,true,true]",4.476965197734547e-05
center,36,Raw-data NPE,"[0.5,0.5,0.5]","[332.15273677999994,70.39821371,184.62656960000004]","[0.5238307320056167,0.48261877402737147,0.4962104154491012]","[352.29910821234154,67.36675886602023,184.87353867008198]","[20.146371432341596,-3.031454843979759,0.24696907008194557]","[79.08586076375248,53.82256436817976,42.348121330986345]","[233.33424043064505,-23.214585489372134,124.75892393081662]","[495.15263560332374,154.99899962946375,266.31934288303006]","[true,true,true]",5.3227638001960565e-05
center,37,Raw-data NPE,"[0.5,0.5,0.5]","[332.15273677999994,70.39821371,184.62656960000004]","[0.5153352604809832,0.4948968900384959,0.4910094589768766]","[348.4539786847182,65.34015454857125,188.12395790229039]","[16.301241904718268,-5.058059161428744,3.4973883022903465]","[80.01185044574719,54.49814924573549,43.12198191701026]","[230.55746344615042,-26.455646543806058,126.98560500200851]","[496.6111329878187,153.39311512611823,268.60782210799704]","[true,true,true]",4.182860494514842e-05
center,38,Raw-data NPE,"[0.5,0.5,0.5]","[332.15273677999994,70.39821371,184.62656960000004]","[0.5098506436036456,0.510707396003368,0.4896626524559073]","[345.71987369878843,65.98643539159025,192.2739503963374]","[13.567136918788492,-4.411778318409745,7.647380796337359]","[79.09727232020278,53.68506702311205,43.4208670083961]","[229.0277317964161,-20.971786341770134,127.71167332172578]","[489.4163912446432,153.64647497784307,272.2833803850092]","[true,true,true]",2.671497758354573e-05
center,39,Raw-data NPE,"[0.5,0.5,0.5]","[332.15273677999994,70.39821371,184.62656960000004]","[0.47768865193823223,0.5079080497770326,0.5168508873682152]","[330.41253692325495,72.51229730002935,191.43726241364487]","[-1.7401998567449937,2.1140835900293524,6.810692813644835]","[76.18380329406014,52.9393096483171,42.99029192232737]","[223.28749283428073,-19.57609818245104,128.06336237903005]","[476.17748197557256,155.9469239806489,271.593294557418]","[true,true,true]",9.72374972558846e-05
center,40,Raw-data NPE,"[0.5,0.5,0.5]","[332.15273677999994,70.39821371,184.62656960000004]","[0.5106485122003726,0.4892295580510252,0.5102962667353823]","[346.29863797434393,71.32872231265492,186.66525090790498]","[14.145901194343992,0.9305086026549247,2.0386813079049375]","[79.97171419708675,53.30496276404184,42.91030679550255]","[226.786606655161,-17.50419995668959,124.86650913257378]","[493.99333484794585,156.91930105285812,266.55128040165806]","[true,true,true]",6.194694302808224e-05
center,41,Raw-data NPE,"[0.5,0.5,0.5]","[332.15273677999994,70.39821371,184.62656960000004]","[0.50674246974756,0.5007022101683223,0.4840430472180892]","[344.2591420536776,63.122562444352326,189.71303915424386]","[12.106405273677638,-7.275651265647667,5.08646955424382]","[78.908616705137,53.10650680092449,43.56988254740918]","[227.26011887201057,-25.33969397269887,126.7322618776475]","[488.83338197524944,149.43160343073598,271.44183829256514]","[true,true,true]",4.113970038621759e-05
center,42,Raw-data NPE,"[0.5,0.5,0.5]","[332.15273677999994,70.39821371,184.62656960000004]","[0.4732064535077949,0.5182735676315238,0.4999130394742718]","[328.3133012265883,67.43651752061872,194.24337986456837]","[-3.839435553411647,-2.9616961893812714,9.616810264568329]","[75.87265836122359,52.94769762827258,43.5231793319601]","[223.56128276262152,-21.246840185704894,129.52538192379728]","[473.9733882822653,152.6793704858761,273.82283701615694]","[true,true,true]",7.18161174852523e-05
center,43,Raw-data NPE,"[0.5,0.5,0.5]","[332.15273677999994,70.39821371,184.62656960000004]","[0.49459754950681645,0.508697611332119,0.4941946974290403]","[338.29293525141105,66.11894121705237,191.73465894365552]","[6.140198471411111,-4.2792724929476265,7.108089343655479]","[77.3234193041158,53.25778001746202,43.403997443941215]","[226.40561866119606,-24.44539255022593,127.99276927567098]","[482.56420007578305,152.16880071451888,272.5141731103758]","[true,true,true]",4.2431074580140736e-05
center,44,Raw-data NPE,"[0.5,0.5,0.5]","[332.15273677999994,70.39821371,184.62656960000004]","[0.5220726995117828,0.48511334471342527,0.5260788749461397]","[351.37701054329756,76.49318154699252,185.56294378322514]","[19.224273763297617,6.094967836992524,0.936374183225098]","[78.833442449276,53.16651802690919,42.71548664529169]","[232.69386975920486,-16.27039519743158,125.37855376303213]","[493.73231496460073,160.88246892536816,268.4003918989205]","[true,true,true]",8.630045040987858e-05
center,45,Raw-data NPE,"[0.5,0.5,0.5]","[332.15273677999994,70.39821371,184.62656960000004]","[0.5278504421340814,0.4865159923617417,0.5208647585292284]","[354.28263031586965,75.22506254390336,185.9463487924269]","[22.129893535869712,4.8268488339033695,1.3197791924268643]","[79.53465569435275,53.11576533168253,42.80256689627031]","[232.94572125086472,-17.1931330320313,125.17598379628707]","[500.55220925186416,157.99817426208293,267.4243210166884]","[true,true,true]",6.630980863162641e-05
center,46,Raw-data NPE,"[0.5,0.5,0.5]","[332.15273677999994,70.39821371,184.62656960000004]","[0.5086244109707307,0.479353154820351,0.5296104579925073]","[344.9971352691155,76.65384464861287,184.18213441706678]","[12.844398489115576,6.255630938612882,-0.4444351829332618]","[78.4073916542684,53.15395442352702,42.96510126866186]","[228.37160504143134,-17.04779170876724,124.71913639910922]","[489.01818446121536,160.41058918200898,266.60424970818957]","[true,true,true]",0.00013173281719589954
center,47,Raw-data NPE,"[0.5,0.5,0.5]","[332.15273677999994,70.39821371,184.62656960000004]","[0.497226947920448,0.5094440958914687,0.5091820232915156]","[339.5436986446945,71.26094783727474,192.05026000209105]","[7.390961864694532,0.8627341272747486,7.423690402091012]","[77.54839003606871,52.3980205306162,44.00334300058359]","[225.38744037027482,-18.861731996824705,127.34724997727096]","[482.8357106412249,153.68636893803136,273.25203022511727]","[true,true,true]",4.351219685207429e-05
center,48,Raw-data NPE,"[0.5,0.5,0.5]","[332.15273677999994,70.39821371,184.62656960000004]","[0.49487499398875334,0.497777638875796,0.4986048599575999]","[338.70306284842945,67.35936137261567,189.01034778098972]","[6.550326068429513,-3.038852337384327,4.38377818098968]","[78.71576353750369,53.930838126614034,43.80247973694095]","[225.382240570396,-23.325377662065748,126.05950151784276]","[487.45805778357084,154.46831117046733,271.3606912513787]","[true,true,true]",5.929838056999452e-05
center,49,Raw-data NPE,"[0.5,0.5,0.5]","[332.15273677999994,70.39821371,184.62656960000004]","[0.5111852071520714,0.48444348881119975,0.49617032366606056]","[346.43996726542235,66.5505092602197,185.51311641536955]","[14.287230485422413,-3.847704449780295,0.8865468153695133]","[79.37590562602095,53.11794257198025,43.10845277567329]","[227.0794569045416,-23.266698834630386,123.5627093520861]","[490.541634109737,151.7447936224007,266.67792468189106]","[true,true,true]",5.99722579819342e-05
center,50,Raw-data NPE,"[0.5,0.5,0.5]","[332.15273677999994,70.39821371,184.62656960000004]","[0.49679569273819424,0.5086484139258916,0.5088215825963351]","[339.22979228971803,71.2542720017462,191.84225722507955]","[7.077055509718093,0.8560582917462085,7.215687625079511]","[76.95385220051564,53.550973528984855,44.04316050434966]","[226.97405603931145,-20.10928640371299,127.01167626812652]","[483.4065206014471,156.3314466008659,273.91318892554676]","[true,true,true]",4.650745420562488e-05
center,51,Raw-data NPE,"[0.5,0.5,0.5]","[332.15273677999994,70.39821371,184.62656960000004]","[0.491898573458611,0.5074861626985007,0.4953118986459708]","[337.1763901486593,66.3619094966359,191.62740865132338]","[5.023653368659382,-4.03630421336409,7.000839051323339]","[77.75717015504338,52.86216595940957,44.30156962382422]","[223.67831182917075,-21.209021213600153,126.46715421867471]","[482.42072817578946,152.71010040198087,273.15635012520244]","[true,true,true]",4.806999904204028e-05
center,52,Raw-data NPE,"[0.5,0.5,0.5]","[332.15273677999994,70.39821371,184.62656960000004]","[0.4940304215533024,0.49321469202891105,0.5263674004776021]","[337.92162315455613,75.3756364441943,187.657457791152]","[5.768886374556189,4.977422734194306,3.0308881911519734]","[76.71532782495929,52.72661659924189,42.81998961896938]","[225.26121187151568,-17.01886583067273,125.25121076429353]","[481.6142433238206,158.90201653354055,268.2542745748419]","[true,true,true]",0.00011282769678088319
center,53,Raw-data NPE,"[0.5,0.5,0.5]","[332.15273677999994,70.39821371,184.62656960000004]","[0.49512677340009625,0.5022420574322626,0.5036955141078544]","[338.6137613822991,69.0126149227835,189.90987676609953]","[6.461024602299176,-1.3855987872164945,5.28330716609949]","[77.82196385995488,52.690883020894596,42.618728003490105]","[226.1348865505366,-20.065316544116968,125.96667192380488]","[484.6919633959859,154.2043845899133,269.68463290760945]","[true,true,true]",5.19164529563331e-05
center,54,Raw-data NPE,"[0.5,0.5,0.5]","[332.15273677999994,70.39821371,184.62656960000004]","[0.5038835124859449,0.48178511541733876,0.511611610000587]","[342.80055571078555,70.95163799847383,184.8086292239403]","[10.647818930785604,0.5534242884738347,0.18205962394026187]","[78.48566063834808,52.82741615335972,42.8295987601551]","[229.20673082264358,-19.729111254581476,123.43384443084047]","[487.080397029933,155.92750631228125,265.03165694889015]","[true,true,true]",9.085781601084376e-05
center,55,Raw-data NPE,"[0.5,0.5,0.5]","[332.15273677999994,70.39821371,184.62656960000004]","[0.49265590870356346,0.5009123335132728,0.5055808195693077]","[337.4829488969844,69.66671671864704,189.76533459557075]","[5.330212116984455,-0.7314969913529552,5.13876499557071]","[77.66480473755297,52.6136032209455,43.54329278194602]","[225.11131576048362,-19.476122569721337,126.09858672561647]","[480.32916842132784,153.71386003633802,271.5082536031995]","[true,true,true]",5.9268014732594555e-05
center,56,Raw-data NPE,"[0.5,0.5,0.5]","[332.15273677999994,70.39821371,184.62656960000004]","[0.46889912409806467,0.5179223782036511,0.5330230887682699]","[326.71306228372123,77.46595392464161,194.23928043744874]","[-5.4396744962787125,7.067740214641617,9.612710837448702]","[77.19658977983967,52.21962542913115,43.91255360711233]","[220.51620738865222,-15.777556504870677,129.76995965180382]","[475.93202903163075,157.61047484627423,274.8297494575962]","[true,true,true]",0.0001451652719560835
center,57,Raw-data NPE,"[0.5,0.5,0.5]","[332.15273677999994,70.39821371,184.62656960000004]","[0.4954565852158318,0.4903325828772852,0.5373077222060773]","[338.51520844685535,78.62622170981932,186.97724457802124]","[6.362471666855413,8.228007999819326,2.3506749780212033]","[76.55754418055604,51.58414406994441,43.077715273869416]","[227.5960138742801,-14.113419176657123,125.47911615681419]","[480.822104431319,158.8367836439648,268.2174301367663]","[true,true,true]",0.00014670424955028693
center,58,Raw-data NPE,"[0.5,0.5,0.5]","[332.15273677999994,70.39821371,184.62656960000004]","[0.5298444803391211,0.5035226442621062,0.49718211198887063]","[355.26277941011836,68.98053169781333,190.4174457611254]","[23.110042630118414,-1.4176820121866598,5.790876161125368]","[79.58062683019087,54.08231984930113,43.47776079637851]","[234.45837462257418,-23.33466260295058,126.63486010757835]","[499.17962833588683,157.41536396573323,270.91360991356066]","[true,true,true]",2.256880890793424e-05
center,59,Raw-data NPE,"[0.5,0.5,0.5]","[332.15273677999994,70.39821371,184.62656960000004]","[0.49463939166965404,0.49365082625071793,0.5147244547049995]","[338.2547139708929,72.19496807035492,187.9700745540337]","[6.101977190892967,1.7967543603549245,3.343504954033648]","[77.16589937073124,53.23845986705928,43.8263833718855]","[225.76571772950598,-17.474035090193283,124.88087156544759]","[483.36819682101486,158.4973571879969,270.68114730898174]","[true,true,true]",8.412412785215104e-05
center,60,Raw-data NPE,"[0.5,0.5,0.5]","[332.15273677999994,70.39821371,184.62656960000004]","[0.49604846872099845,0.5187431411892359,0.48197453675808855]","[339.1353444616198,63.10808312968148,194.38479056942026]","[6.982607681619868,-7.290130580318511,9.758220969420222]","[78.1645210653921,53.613299145507334,43.5580228036113]","[225.77320067681256,-26.21732305148224,129.0355039337909]","[485.58436205179174,151.82744099670208,274.37009128059094]","[true,true,true]",3.970696171294832e-05
center,61,Raw-data NPE,"[0.5,0.5,0.5]","[332.15273677999994,70.39821371,184.62656960000004]","[0.49192795387737376,0.5074284967972181,0.5002937844900823]","[337.359365462635,68.0439810861585,191.45849444441316]","[5.206628682635085,-2.3542326238414972,6.831924844413123]","[78.72550251133079,52.55066299100379,43.606170012653756]","[223.83790026057713,-19.754704204076898,126.47808742754764]","[487.6039847264382,152.43555725762104,271.67641082604234]","[true,true,true]",4.8231636581431515e-05
center,62,Raw-data NPE,"[0.5,0.5,0.5]","[332.15273677999994,70.39821371,184.62656960000004]","[0.505962107240036,0.5109308999779957,0.5142765180515133]","[343.9626084402724,73.49492813992791,192.41609518445935]","[11.80987166027245,3.096714429927914,7.789525584459312]","[79.2160236356806,53.202038931804324,43.91070682245258]","[226.93712193186337,-18.786916334627925,127.67928704755914]","[487.7546178068964,158.4444559626298,273.7536303486777]","[true,true,true]",3.675157476971911e-05
center,63,Raw-data NPE,"[0.5,0.5,0.5]","[332.15273677999994,70.39821371,184.62656960000004]","[0.4946647420077788,0.49730581728585393,0.5214317159830496]","[338.2585993941186,74.13817729372582,188.7502615667778]","[6.105862614118678,3.7399635837258245,4.123691966777756]","[77.15417335136162,52.16509265160258,43.12078319819474]","[225.60544057668756,-16.474876370873154,125.76850106422776]","[484.2917962891457,156.1911225414264,268.90229468090547]","[true,true,true]",8.788767279095673e-05
center,64,Raw-data NPE,"[0.5,0.5,0.5]","[332.15273677999994,70.39821371,184.62656960000004]","[0.49730346342833853,0.49436736175145607,0.502911719414528]","[339.73689405007053,68.73891954816017,187.95502144474403]","[7.584157270070591,-1.6592941618398243,3.328451844743995]","[78.30855708095076,52.6745103820163,42.867992522641856]","[227.56196114645886,-20.084686922446554,125.58357204431547]","[485.95555027424103,153.31255773319486,267.86406067505976]","[true,true,true]",6.06103487687979e-05
center,65,Raw-data NPE,"[0.5,0.5,0.5]","[332.15273677999994,70.39821371,184.62656960000004]","[0.49763791096374854,0.509305353912471,0.5049573989642652]","[339.85840406547686,69.99406618694672,192.0005346867134]","[7.70566728547692,-0.4041475230532683,7.373965086713355]","[78.34997986890737,53.06756825225178,43.84207395637271]","[227.12842605517625,-20.386506183792285,127.11724548325157]","[486.44959846041155,155.1462105756542,271.95819842927426]","[true,true,true]",4.0384120054480766e-05
center,66,Raw-data NPE,"[0.5,0.5,0.5]","[332.15273677999994,70.39821371,184.62656960000004]","[0.5000897103636905,0.49847259218142514,0.49627922058935126]","[341.13046827331425,66.76348327025151,189.09515207606853]","[8.977731493314309,-3.6347304397484805,4.468582476068491]","[78.85223722620093,52.86916260918272,43.23422856961927]","[226.62549602580737,-22.791694237424384,124.94017055787783]","[488.2671924249969,150.9396017659752,270.05865936128714]","[true,true,true]",4.794722125831385e-05
center,67,Raw-data NPE,"[0.5,0.5,0.5]","[332.15273677999994,70.39821371,184.62656960000004]","[0.5012601675910967,0.49863237858326737,0.495622023001009]","[341.42012193276014,66.52840811166357,189.33912738808806]","[9.267385152760198,-3.869805598336427,4.71255778808802]","[77.48552804495287,53.103885681133605,44.2598442215248]","[226.27123506958824,-22.16113227303283,125.18607622457336]","[482.02514513470163,150.93358694090693,271.2684741420409]","[true,true,true]",4.6501436945048165e-05
center,68,Raw-data NPE,"[0.5,0.5,0.5]","[332.15273677999994,70.39821371,184.62656960000004]","[0.4810568244338169,0.5247922979141073,0.48540076075306016]","[331.7362084147165,63.62274104189962,196.0761001364462]","[-0.4165283652834546,-6.77547266810037,11.449530536446161]","[75.23452955835549,54.23329047361316,44.04720419713759]","[224.54427578571904,-25.762719051749777,130.04769004050917]","[471.58245314518695,151.48368435788308,276.2084122165618]","[true,true,true]",5.5951563696124934e-05
center,69,Raw-data NPE,"[0.5,0.5,0.5]","[332.15273677999994,70.39821371,184.62656960000004]","[0.5283982198060647,0.49564998350917167,0.4830452469826599]","[354.5749188529043,63.93293403380386,188.28895819579867]","[22.422182072904377,-6.465279676196133,3.6623885957986317]","[79.67327345250162,53.75739101531276,42.882209036996905]","[235.58551741379,-25.655091388054505,126.12943187436684]","[497.350818678993,150.5960689122461,267.6334998179405]","[true,true,true]",3.8786993244486445e-05
center,70,Raw-data NPE,"[0.5,0.5,0.5]","[332.15273677999994,70.39821371,184.62656960000004]","[0.496253201835411,0.5067969959387364,0.4876955530556248]","[339.20082420601676,64.21999286567039,191.38561953078738]","[7.048087426016821,-6.178220844329601,6.7590499307873415]","[78.0426511795414,53.85707756726416,44.15069309271449]","[225.75063926142175,-25.69288343990009,127.42925753248485]","[486.09742009626586,149.4630447957491,273.3083892993976]","[true,true,true]",4.465989781910945e-05
center,71,Raw-data NPE,"[0.5,0.5,0.5]","[332.15273677999994,70.39821371,184.62656960000004]","[0.49220101443159747,0.4966520777844088,0.5207934317938224]","[337.12582323221665,73.761529063209,188.57965732162938]","[4.973086452216705,3.3633153532090034,3.9530877216293447]","[76.97425231016689,52.46603594207111,43.05096943613414]","[226.08370168290173,-15.33749094560111,125.56138947599096]","[479.558459784099,156.74284540556937,268.4127724825756]","[true,true,true]",9.396102953830663e-05
center,72,Raw-data NPE,"[0.5,0.5,0.5]","[332.15273677999994,70.39821371,184.62656960000004]","[0.4929437715313941,0.49323156360296727,0.5184023304773568]","[337.7498352023334,73.10057942126456,187.76862622799388]","[5.597098422333431,2.7023657112645623,3.1420566279938384]","[78.45353734241579,52.89299146264794,43.20353180432208]","[225.4256849808008,-17.67320663289715,125.05684313979624]","[487.14990625855717,157.61650808370908,267.87210474535084]","[true,true,true]",9.627343887641831e-05
center,73,Raw-data NPE,"[0.5,0.5,0.5]","[332.15273677999994,70.39821371,184.62656960000004]","[0.5161031523709495,0.4927126627618395,0.5003818073392603]","[348.8030571025115,68.69996776997712,187.7781535793288]","[16.65032032251156,-1.698245940022872,3.1515839793287626]","[80.12587212551244,53.01604228263688,44.02023325457968]","[231.4062684278488,-20.819760725353806,124.6007862944791]","[495.51655880501926,154.30313331952743,271.27710955358657]","[true,true,true]",4.052606434904343e-05
center,74,Raw-data NPE,"[0.5,0.5,0.5]","[332.15273677999994,70.39821371,184.62656960000004]","[0.506912447547827,0.5149027637440269,0.4910931792721585]","[343.84660376739765,66.1415478150068,193.2872809602728]","[11.693866987397712,-4.256665894993191,8.660711360272757]","[76.8368432222076,53.773140637683795,43.04478415012834]","[229.0726039562673,-24.44315827325751,128.41368813114065]","[487.71097017996897,151.12531420725415,271.2005241738493]","[true,true,true]",2.6273954664682512e-05
center,75,Raw-data NPE,"[0.5,0.5,0.5]","[332.15273677999994,70.39821371,184.62656960000004]","[0.5041426174716894,0.48603314891637,0.49576194844978855]","[342.61811949712376,66.3671530381255,185.7031625717661]","[10.465382717123816,-4.031060671874499,1.076592971766047]","[77.06108656500275,52.84402422659723,42.21617451080188]","[228.50750612593754,-19.195671581014718,125.1769010010833]","[484.2065732533053,152.76109082850488,266.2511221394174]","[true,true,true]",6.226519702848286e-05
center,76,Raw-data NPE,"[0.5,0.5,0.5]","[332.15273677999994,70.39821371,184.62656960000004]","[0.5002655745896019,0.49491826271949174,0.49196436056309684]","[341.16798157076005,65.4674362216162,188.324445836438]","[9.015244790760107,-4.9307774883837965,3.6978762364379634]","[78.6046431931437,52.96665751392063,43.89934309359907]","[225.4820344062653,-23.56873816354784,124.7915488714199]","[488.2220136908113,152.33660576104822,269.8954409047497]","[true,true,true]",5.098328572092171e-05
center,77,Raw-data NPE,"[0.5,0.5,0.5]","[332.15273677999994,70.39821371,184.62656960000004]","[0.5117134639968058,0.47924250526778533,0.5260602463036123]","[346.59082276852763,75.40890410495777,184.1733237825031]","[14.438085988527689,5.010690394957777,-0.45324581749693493]","[79.23933063799511,52.165424150801236,42.904328440564335]","[229.71693472024052,-16.546265964778406,123.28586607174422]","[491.04216376833773,158.07706127478752,265.7705582694721]","[true,true,true]",0.00011401437089417041
center,78,Raw-data NPE,"[0.5,0.5,0.5]","[332.15273677999994,70.39821371,184.62656960000004]","[0.5177739021863541,0.4967982438639967,0.5241958715194361]","[349.4400847140224,76.38418215743502,188.6972072525078]","[17.287347934022478,5.985968447435027,4.07063765250777]","[79.27445739270544,53.11173269473372,43.50604941875218]","[231.05923603558202,-15.779021655914578,125.85275845282312]","[493.8925153250262,159.7571808465732,270.70275567948266]","[true,true,true]",6.02992019695316e-05
center,79,Raw-data NPE,"[0.5,0.5,0.5]","[332.15273677999994,70.39821371,184.62656960000004]","[0.48804902165750674,0.49331452188352626,0.5102233572664887]","[335.16737736866503,70.27730018430894,187.8329533382353]","[3.014640588665088,-0.1209135256910514,3.2063837382352744]","[76.69020604834893,52.66558786903242,43.530526000404116]","[225.95588623467756,-19.10504544515766,124.55593346675852]","[477.77250246048834,154.45350275922385,269.0955598946436]","[true,true,true]",9.038331461307645e-05
center,80,Raw-data NPE,"[0.5,0.5,0.5]","[332.15273677999994,70.39821371,184.62656960000004]","[0.5116947817773015,0.5067028609655717,0.4899118068158098]","[346.6903573439015,66.06880352196477,191.21796805181728]","[14.537620563901555,-4.329410188035226,6.591398451817241]","[79.53767210974895,54.27167763407308,43.47559557134644]","[226.3381102352237,-22.601664248144733,127.36212524001805]","[494.0724079247811,154.5811444093476,271.62584910871993]","[true,true,true]",2.873201492801224e-05
center,81,Raw-data NPE,"[0.5,0.5,0.5]","[332.15273677999994,70.39821371,184.62656960000004]","[0.4923613511718444,0.5616965786225961,0.485894347751621]","[337.67424976272605,65.83338405140239,206.0418683634709]","[5.521512982726108,-4.564829658597603,21.415298763470872]","[79.06807690676425,56.108762497469144,43.81516494867299]","[225.15869738084496,-28.698705289013805,137.52486819138292]","[482.89647520499335,156.72694493796752,281.85576010159065]","[true,true,true]",7.09865835306975e-05
center,82,Raw-data NPE,"[0.5,0.5,0.5]","[332.15273677999994,70.39821371,184.62656960000004]","[0.5055380932350506,0.49012028027324495,0.5039707751692263]","[343.4581598197645,68.84572026663447,186.7953956877186]","[11.305423039764548,-1.5524934433655204,2.168826087718571]","[78.18584554288962,52.6199776910989,42.50640291478789]","[229.5887694952839,-19.230224782617473,124.99565676349728]","[489.45711917156876,152.9720963391313,265.90603389391214]","[true,true,true]",5.926737750979694e-05
center,83,Raw-data NPE,"[0.5,0.5,0.5]","[332.15273677999994,70.39821371,184.62656960000004]","[0.4827614870322401,0.5068158426881286,0.5236284067260537]","[332.5326653842373,74.56975195766336,191.43198541485015]","[0.37992860423736374,4.171538247663364,6.805415814850107]","[75.5546741236954,52.35336280007733,44.253564201056975]","[224.2918400777248,-15.715590886389057,126.89371481858895]","[475.21848903796587,155.67327529264023,273.8774082385534]","[true,true,true]",0.00010120820086818004
center,84,Raw-data NPE,"[0.5,0.5,0.5]","[332.15273677999994,70.39821371,184.62656960000004]","[0.5065762316202855,0.500027557789857,0.5102650773774806]","[344.02441516637487,71.34469500244447,189.64140216965433]","[11.871678386374924,0.9464812924444743,5.014832569654288]","[78.42203919636064,53.54017764781702,43.9710199078169]","[228.32463910939939,-20.123985148921086,125.52973468986585]","[488.42530667802527,157.81051684385898,272.9720181870768]","[true,true,true]",4.850873940630466e-05
center,85,Raw-data NPE,"[0.5,0.5,0.5]","[332.15273677999994,70.39821371,184.62656960000004]","[0.49877899529415265,0.5068122471155243,0.49447243754375586]","[340.1187898024278,66.43558069139819,191.19474075605947]","[7.966053022427843,-3.9626330186018066,6.568171156059435]","[76.67143251873509,53.40009877889853,43.113709798475085]","[225.86124203661154,-23.24275791639923,127.12712955554628]","[480.6644642519121,151.92949331200063,271.49819835753544]","[true,true,true]",3.9514139502267886e-05
center,86,Raw-data NPE,"[0.5,0.5,0.5]","[332.15273677999994,70.39821371,184.62656960000004]","[0.49211907956059114,0.4881263159517359,0.5152666528219244]","[337.2948902239615,71.70493056668774,186.45894323954025]","[5.142153443961547,1.3067168566877427,1.832373639540208]","[77.86980412701196,51.96563305639754,43.25591617396461]","[223.6073960405874,-18.102083094500966,124.565004336326]","[482.16645345455834,153.52541306862588,267.4914697208606]","[true,true,true]",0.00010116011955614221
center,87,Raw-data NPE,"[0.5,0.5,0.5]","[332.15273677999994,70.39821371,184.62656960000004]","[0.5177566375440216,0.4975192799704389,0.4880683072510736]","[349.5476633980055,65.1373276456614,188.8385811751027]","[17.39492661800557,-5.260886064338592,4.21201157510265]","[79.74810458452036,53.52219005530678,43.165847102854336]","[229.54905802769423,-24.76104091720166,125.18274020651154]","[494.0364468366542,152.53663649316974,267.6595249176462]","[true,true,true]",3.471030025956786e-05
center,88,Raw-data NPE,"[0.5,0.5,0.5]","[332.15273677999994,70.39821371,184.62656960000004]","[0.4932922299073716,0.5324129670157004,0.5484414416124566]","[338.296149758533,84.0351759899552,198.06381867134826]","[6.143412978533036,13.636962279955213,13.43724907134822]","[79.9356762063747,52.44915150441419,43.674809238714026]","[222.9495713544404,-9.66627240711079,130.9000855293484]","[487.66635594055754,165.42630456134987,276.231546921937]","[true,true,true]",0.00011313939515842344
center,89,Raw-data NPE,"[0.5,0.5,0.5]","[332.15273677999994,70.39821371,184.62656960000004]","[0.5206251768496326,0.4834550130409678,0.5189916500707422]","[350.7316770775274,74.17690183946773,185.1743415138252]","[18.57894029752748,3.7786881294677386,0.5477719138251587]","[79.06391806263808,53.12975970561963,42.62643065061959]","[230.86389027824342,-17.677285812228153,124.05406223062494]","[496.46359299681245,158.1515443104644,265.1660196265426]","[true,true,true]",7.718392319003838e-05
center,90,Raw-data NPE,"[0.5,0.5,0.5]","[332.15273677999994,70.39821371,184.62656960000004]","[0.4818520591521339,0.5077730125707406,0.5033359135918497]","[332.4372441531829,68.47108095188707,191.64080669761339]","[0.2845073731829757,-1.9271327581129185,7.014237097613346]","[76.8586767285449,53.19990489025248,44.15105286015224]","[223.85813905576555,-21.267220172228804,127.12410138312043]","[475.63096994797024,152.6173163312434,273.2911161293881]","[true,true,true]",7.093769855401055e-05
center,91,Raw-data NPE,"[0.5,0.5,0.5]","[332.15273677999994,70.39821371,184.62656960000004]","[0.4854758706774351,0.5023685838561327,0.5182526155211722]","[333.8365853784694,72.97897018976968,190.1286446629313]","[1.683848598469467,2.58075647976969,5.5020750629312545]","[75.70873802373538,52.626349842167045,43.541320446177146]","[224.6510795720346,-17.861289765485317,126.65210298644581]","[473.74523860022833,155.95285138758436,271.5162667167605]","[true,true,true]",9.176842493868228e-05
center,92,Raw-data NPE,"[0.5,0.5,0.5]","[332.15273677999994,70.39821371,184.62656960000004]","[0.4974288667000716,0.4973008612272494,0.5047127638651795]","[339.93971856325993,69.2715452945397,188.9817235630534]","[7.786981783259989,-1.126668415460287,4.355153963053368]","[79.08330155537762,53.24202144914691,44.21136780849346]","[226.0355453748503,-20.243954502798115,126.27041818458962]","[487.30014707872965,154.01787354797472,271.8564481399548]","[true,true,true]",5.999815910646997e-05
center,93,Raw-data NPE,"[0.5,0.5,0.5]","[332.15273677999994,70.39821371,184.62656960000004]","[0.5104554630678861,0.5150192092000284,0.48656720571244133]","[345.65383673366574,64.88197630071107,193.45835467365427]","[13.5010999536658,-5.5162374092889195,8.831785073654231]","[77.5335930046041,54.060370785651095,43.81108480823227]","[230.7870794779038,-25.293569058899696,128.43187336165602]","[488.33847314847367,153.62887619934025,275.13658347029184]","[true,true,true]",2.7803911853879555e-05
center,94,Raw-data NPE,"[0.5,0.5,0.5]","[332.15273677999994,70.39821371,184.62656960000004]","[0.4959851928239803,0.5346935320474477,0.4930061902826445]","[339.1231789858772,67.3256285649984,198.78694566639462]","[6.970442205877248,-3.0725851450015966,14.160376066394576]","[78.46616978409853,54.009808251025184,44.34968906587718]","[225.86879368905215,-23.02538398935145,130.61887800248962]","[486.5380942737585,154.79497059929358,277.6990448026984]","[true,true,true]",3.270227331651023e-05
center,95,Raw-data NPE,"[0.5,0.5,0.5]","[332.15273677999994,70.39821371,184.62656960000004]","[0.503574529983611,0.499314011866534,0.5367901147323441]","[342.6408640166068,79.36363113228407,189.30415589277692]","[10.488127236606886,8.965417422284077,4.67758629277688]","[78.34250099429136,52.6856510536967,43.25094679058101]","[228.01871898714995,-13.769558823058551,125.89323426140757]","[487.50521970958744,161.1616245610356,268.62487658817935]","[true,true,true]",0.00010951510871332759
center,96,Raw-data NPE,"[0.5,0.5,0.5]","[332.15273677999994,70.39821371,184.62656960000004]","[0.4765719992928578,0.5173591041765329,0.514453782704179]","[329.9319747241287,71.96514161573549,194.1655448524328]","[-2.220762055871262,1.566927905735497,9.53897525243275]","[76.3388861740581,52.740111996105036,44.3095052974079]","[222.744775408608,-19.083867580724874,128.63744003456057]","[475.50588801915825,156.21404537776235,275.98591627654736]","[true,true,true]",8.240721148798278e-05
center,97,Raw-data NPE,"[0.5,0.5,0.5]","[332.15273677999994,70.39821371,184.62656960000004]","[0.49599905728922206,0.5257028905973872,0.5173157755300379]","[339.1783683627149,74.661147623478,196.29361817647035]","[7.0256315827149365,4.262933913478008,11.667048576470307]","[78.38666403771457,53.17528069475545,43.88037627393517]","[223.97867757247926,-15.636110325125708,130.63404165512097]","[485.73259212851457,159.84339586996728,275.64170625206214]","[true,true,true]",4.024648959258028e-05
center,98,Raw-data NPE,"[0.5,0.5,0.5]","[332.15273677999994,70.39821371,184.62656960000004]","[0.48381255889583324,0.5159907404219266,0.4931287022914181]","[333.50623206769114,65.61704082150735,193.70092527844875]","[1.353495287691203,-4.781172888492648,9.074355678448711]","[77.76618523913747,53.52148078777346,43.72519358646233]","[223.01254833142514,-24.715440534365616,129.46746650893937]","[483.1576373764633,150.67911938823664,272.2550536880015]","[true,true,true]",5.3410211973394524e-05
center,99,Raw-data NPE,"[0.5,0.5,0.5]","[332.15273677999994,70.39821371,184.62656960000004]","[0.540931182805319,0.5610232836760303,0.48718333706705363]","[361.06247369093126,68.66396707118952,205.7357458675471]","[28.909736910931315,-1.7342466388104754,21.10917626754707]","[81.50347444351127,57.02687062933423,43.289357543122605]","[234.62337231549236,-26.378399752677982,137.4616159590062]","[504.08023767517153,161.03715326696206,282.28967666839776]","[true,true,true]",8.83584931311996e-05
center,0,Raw-data FSM,"[0.5,0.5,0.5]","[332.15273677999994,70.39821371,184.62656960000004]","[0.5557152727931736,0.33193777964521026,0.5286076338505743]","[360.775913575041,73.5837667317249,146.65620137076309]","[28.623176795041047,3.1855530217248997,-37.97036822923695]","[34.83347736853064,15.55005192422784,14.933451897370581]","[305.0586061939578,49.324601900145296,124.754137230426]","[419.593467243738,99.76820665113591,173.62774455160965]","[true,true,false]",0.0007470992983929038
center,1,Raw-data FSM,"[0.5,0.5,0.5]","[332.15273677999994,70.39821371,184.62656960000004]","[0.44374950533777474,0.2466288092922187,0.4593163376587614]","[308.334207872929,46.21229288592742,129.88746993279304]","[-23.818528907070913,-24.185920824072575,-54.739099667207]","[28.86140552834957,14.452520399244275,10.384368189851793]","[264.94970120485254,22.812637617735348,115.87288711304208]","[358.7886969325659,69.84163741409978,148.24365925732224]","[true,false,false]",0.0015954493952912627
center,2,Raw-data FSM,"[0.5,0.5,0.5]","[332.15273677999994,70.39821371,184.62656960000004]","[0.6440825141397124,0.6978353053694963,0.5381586138111357]","[408.2928744655835,105.02979542623619,244.73735113195582]","[76.14013768558357,34.6315817162362,60.11078153195578]","[39.274137036526206,21.971858949337115,23.817559378414664]","[345.97208902132445,68.64253052278126,203.96410651543366]","[474.75512289588784,140.8767107244897,283.42679471433365]","[false,true,false]",0.0015643930115414493
center,3,Raw-data FSM,"[0.5,0.5,0.5]","[332.15273677999994,70.39821371,184.62656960000004]","[0.33133417958126893,0.5851491386988763,0.5060124734237803]","[263.43964397595767,68.35192218880468,209.17926857926113]","[-68.71309280404228,-2.0462915211953145,24.552698979261095]","[24.85253886865275,16.363447193165527,22.169569590478044]","[226.4369648130856,42.097453689636524,173.75562476943924]","[307.54597189994956,95.40636243918195,246.61039611620765]","[false,true,true]",0.0005962999065662612
center,4,Raw-data FSM,"[0.5,0.5,0.5]","[332.15273677999994,70.39821371,184.62656960000004]","[0.3392462195925653,0.5198884296999859,0.5502028847199683]","[266.35145954200976,78.16628761842138,190.92757290753025]","[-65.80127723799018,7.7680739084213855,6.301003307530209]","[24.848642150949065,15.775897691759722,20.452669823817175]","[229.25439591486807,52.857085255783744,159.37032492254443]","[309.7430468258094,104.35215888382461,225.75602744640005]","[false,true,true]",0.0007507493691759438
center,5,Raw-data FSM,"[0.5,0.5,0.5]","[332.15273677999994,70.39821371,184.62656960000004]","[0.548864016394914,0.500000459429324,0.5065048940169808]","[357.44771018157644,75.24780236086292,185.63230638567836]","[25.2949734015765,4.849588650862927,1.005736785678323]","[35.65849349949293,18.048980310352327,19.370325713674386]","[301.151634823845,46.64505386314069,155.19822416040827]","[417.34396017299986,105.98619219891145,219.66520793088176]","[true,true,true]",3.928084555685008e-05
center,6,Raw-data FSM,"[0.5,0.5,0.5]","[332.15273677999994,70.39821371,184.62656960000004]","[0.47903321314282676,0.5310229964798674,0.562509734172821]","[324.0570538514121,90.7495407306957,193.93586261704527]","[-8.095682928587848,20.351327020695706,9.309293017045235]","[31.45028333620973,17.74834222081847,20.875939539419587]","[276.3703916350256,63.432196889687226,161.94692350083577]","[378.5218067213582,121.57339272492831,230.60392175560492]","[true,true,true]",0.00015475361119792085
center,7,Raw-data FSM,"[0.5,0.5,0.5]","[332.15273677999994,70.39821371,184.62656960000004]","[0.571939815745054,0.6165300769367815,0.46883081080705086]","[369.2967357104159,69.15127835810613,218.5466014911018]","[37.14399893041593,-1.2469353518938675,33.92003189110176]","[37.948801324764155,20.475837232178538,22.813137314251236]","[310.40703349276856,36.45306526567953,180.78597537025112]","[434.5579786798265,103.27574186986658,256.47384875018514]","[true,true,true]",0.0007005896858074618
center,8,Raw-data FSM,"[0.5,0.5,0.5]","[332.15273677999994,70.39821371,184.62656960000004]","[0.5874008849748966,0.5319140251156678,0.43344694389998983]","[377.28098685510855,53.18841730025836,194.23572578241976]","[45.12825007510861,-17.209796409741635,9.609156182419724]","[37.796008254240775,18.623910473514563,21.364547472778156]","[316.0201773878225,23.148524172149894,160.21749714928285]","[441.1582542276345,84.4891554662087,230.76568031784154]","[true,true,true]",0.0004997769971832876
center,9,Raw-data FSM,"[0.5,0.5,0.5]","[332.15273677999994,70.39821371,184.62656960000004]","[0.5093285480567822,0.3810939900790615,0.4706735842213026]","[338.14317017072807,56.65469685473343,157.17929026803313]","[5.990433390728128,-13.743516855266563,-27.44727933196691]","[33.32175814282587,15.980142687616922,16.69418952530747]","[287.710868019161,31.758466141466,132.42738380541337]","[396.10346932640806,83.65291680791346,187.1940571874071]","[true,true,true]",0.0003046499072540533
center,10,Raw-data FSM,"[0.5,0.5,0.5]","[332.15273677999994,70.39821371,184.62656960000004]","[0.4597492797815792,0.5440557846835228,0.5316060629206891]","[315.3532847062232,80.80093447681841,197.4398422936541]","[-16.799452073776763,10.402720766818419,12.813272693654056]","[29.85490227139007,17.060582903371685,20.62570238940063]","[269.41609348576213,53.726398940018136,165.88046839713422]","[366.8445168194872,109.72804057186002,232.61972813666316]","[true,true,true]",8.970546797841564e-05
center,11,Raw-data FSM,"[0.5,0.5,0.5]","[332.15273677999994,70.39821371,184.62656960000004]","[0.4785472004159542,0.3785377496527313,0.5382145528542993]","[323.85705022830916,74.76695416716905,156.60401434825312]","[-8.295686551690778,4.368740457169054,-28.022555251746923]","[31.657369091964586,15.649978200766956,16.544870143997795]","[274.8943926290767,50.22721665586824,132.3824591463051]","[378.06187995884943,101.96519901156275,185.62350997635244]","[true,true,true]",0.0005856970170581844
center,12,Raw-data FSM,"[0.5,0.5,0.5]","[332.15273677999994,70.39821371,184.62656960000004]","[0.5910066379022593,0.5915418442669507,0.4870556719234565]","[379.2873247089365,75.65565179676952,211.12205860248426]","[47.13458792893658,5.257438086769525,26.49548900248422]","[38.87678961209437,19.99271354823411,22.914252894025218]","[318.2224848227436,44.86169532039858,174.16063654204552]","[445.1587807366026,109.67622272814056,248.40539408302322]","[true,true,true]",0.000536108156328875
center,13,Raw-data FSM,"[0.5,0.5,0.5]","[332.15273677999994,70.39821371,184.62656960000004]","[0.4153991728952512,0.30797582123893724,0.5076056022578488]","[296.40430282481253,60.110421364377174,141.75734276147085]","[-35.74843395518741,-10.287792345622819,-42.86922683852919]","[28.50396435518001,14.053089022930306,13.865524045609735]","[253.53240602475046,37.90910859950374,121.51448988091472]","[345.97508539896495,84.23477511769279,166.44992915094898]","[true,true,false]",0.0012713083708809792
center,14,Raw-data FSM,"[0.5,0.5,0.5]","[332.15273677999994,70.39821371,184.62656960000004]","[0.3539391209028667,0.44709571848549073,0.47954207033395835]","[271.85103620239016,55.641059681727654,172.37237748710032]","[-60.30170057760978,-14.757154028272339,-12.254192112899716]","[24.920788201407223,14.6433355870283,18.060953043070707]","[233.63661447650486,32.030223495072235,145.67339544313782]","[315.3327943508663,80.21110599000546,204.65309557300282]","[false,true,true]",0.0005539478034608473
center,15,Raw-data FSM,"[0.5,0.5,0.5]","[332.15273677999994,70.39821371,184.62656960000004]","[0.46705041616216403,0.5993117856603863,0.4647566476824878]","[318.56854049253116,62.00425896091826,213.24463364792862]","[-13.584196287468785,-8.393954749081736,28.618064047928584]","[29.808314891453893,16.923747692685815,21.422355287601476]","[270.49190832483754,34.6505304449457,178.73642289873146]","[370.3521469362338,90.85318397712338,249.37936303481095]","[true,true,true]",0.00030784294113093556
center,16,Raw-data FSM,"[0.5,0.5,0.5]","[332.15273677999994,70.39821371,184.62656960000004]","[0.5809550620320447,0.7119107219612588,0.5440084051591159]","[373.9631380344322,103.665958371275,249.43542189144193]","[41.810401254432236,33.267744661275,64.8088522914419]","[38.096216229297895,21.939508869673023,22.507822402680638]","[313.9267788737882,68.19243347409018,209.8940921345489]","[438.1588155605705,140.5505717606336,285.3914583750404]","[true,true,false]",0.0012504041358896432
center,17,Raw-data FSM,"[0.5,0.5,0.5]","[332.15273677999994,70.39821371,184.62656960000004]","[0.47701386339962526,0.5376177945321796,0.5104572561645516]","[323.00946159492594,74.6869287427246,195.6297859020091]","[-9.143275185074003,4.28871503272461,11.003216302009065]","[29.913370098776806,16.76086225727285,20.03755405596433]","[276.17937681950474,48.10330564961172,164.24620885904253]","[374.49835009770334,103.37565791561914,230.0955410055892]","[true,true,true]",3.335080351700749e-05
center,18,Raw-data FSM,"[0.5,0.5,0.5]","[332.15273677999994,70.39821371,184.62656960000004]","[0.36844513865411277,0.583105817242862,0.49565680787086513]","[277.47308659754873,66.874257114546,208.51249609317435]","[-54.67965018245121,-3.5239565954539955,23.88592649317431]","[25.863526630811972,16.302171365405304,21.49365870171588]","[237.33237976046598,40.546496601643554,174.1743527107418]","[323.47422346473996,94.42825544622961,244.78059143336898]","[false,true,true]",0.0003836816905353415
center,19,Raw-data FSM,"[0.5,0.5,0.5]","[332.15273677999994,70.39821371,184.62656960000004]","[0.5104470249098535,0.46079769503131573,0.4921939948618401]","[338.6731282524003,66.78254197477361,175.74971944662397]","[6.520391472400377,-3.6156717352263854,-8.876850153376068]","[33.35818277875381,16.86205997360491,18.72113357782462]","[287.54169373532386,40.00162070735105,147.82152513597526]","[397.110080829723,95.32082020149268,209.58290302794958]","[true,true,true]",3.4893174370958515e-05
center,20,Raw-data FSM,"[0.5,0.5,0.5]","[332.15273677999994,70.39821371,184.62656960000004]","[0.5674178962244102,0.5194204654836669,0.5245457322007413]","[366.76193521020997,83.3717291124597,190.9069975928936]","[34.60919843021003,12.97351540245971,6.28042799289355]","[35.729269637489864,18.39667093707405,21.414191240516537]","[311.2258573206464,54.34791754912928,157.70321092498767]","[427.89096921123775,113.95486754004081,227.3402296106492]","[true,true,true]",8.942989634703345e-05
center,21,Raw-data FSM,"[0.5,0.5,0.5]","[332.15273677999994,70.39821371,184.62656960000004]","[0.46482477327376565,0.5386516600173715,0.5202939444500209]","[317.6389736979406,77.25598111322775,195.9960273374039]","[-14.513763082059313,6.857767403227754,11.369457737403849]","[30.510679555827235,17.210334275077177,20.91174825809736]","[271.2760151265451,50.054474237594434,164.12176013029128]","[370.329389183413,106.09040061843987,231.715057590441]","[true,true,true]",5.664686657940297e-05
center,22,Raw-data FSM,"[0.5,0.5,0.5]","[332.15273677999994,70.39821371,184.62656960000004]","[0.4385382640478014,0.40382290305076196,0.47985590308010434]","[306.25821708231393,57.39977061962664,162.27264245151173]","[-25.894519697686007,-12.99844309037335,-22.35392714848831]","[30.468509526524922,15.174786717832577,17.338114506021384]","[260.5108956723597,33.31659648893494,136.57567516865444]","[359.52037441036043,83.64236708045063,193.16687827430587]","[true,true,true]",0.00034110760398348166
center,23,Raw-data FSM,"[0.5,0.5,0.5]","[332.15273677999994,70.39821371,184.62656960000004]","[0.5658951071083547,0.500436514252721,0.45943241342753116]","[366.12739368123044,60.27379656643184,185.8511672675136]","[33.9746569012305,-10.124417143568152,1.2245976675135637]","[37.08237292424247,18.40790316909764,20.500372320025942]","[306.7222015526378,30.92243810818023,154.48015917288896]","[430.5902797989396,91.20990902578552,222.59740640844578]","[true,true,true]",0.000185541136892547
center,24,Raw-data FSM,"[0.5,0.5,0.5]","[332.15273677999994,70.39821371,184.62656960000004]","[0.46978768826097284,0.4675656021034708,0.5127104932540651]","[319.9455880333709,71.45732705451016,177.46884929772958]","[-12.20714874662906,1.0591133445101661,-7.157720302270462]","[31.64715113881023,16.657610617600596,19.347166202634682]","[271.0690713654626,44.962703230490185,148.20560662480122]","[374.99084947419914,99.94944832600873,211.74579685693004]","[true,true,true]",8.68459990096402e-05
center,25,Raw-data FSM,"[0.5,0.5,0.5]","[332.15273677999994,70.39821371,184.62656960000004]","[0.3868441029766952,0.5475431877309093,0.5041396392810339]","[284.7300506990101,68.6324907074737,198.4285782730938]","[-47.42268608098982,-1.7657230025262862,13.802008673093752]","[26.75471773537772,15.71305287677868,20.963097045881632]","[243.63786159247454,43.73676806407889,166.1853466390377]","[331.26773954168056,95.45829797147856,234.66936516803017]","[false,true,true]",0.0002607691651295585
center,26,Raw-data FSM,"[0.5,0.5,0.5]","[332.15273677999994,70.39821371,184.62656960000004]","[0.3067853573280196,0.5846319679313882,0.34898074878968155]","[254.64816567541104,18.569001190398964,209.09176899161335]","[-77.5045711045889,-51.82921251960103,24.46519939161331]","[25.234510426710372,15.617910469623803,22.76748089473224]","[217.32593848265208,-7.575813855739793,172.55479347979482]","[299.85145621486186,43.77999601837304,247.50953345062194]","[false,false,true]",0.0012582073889618713
center,27,Raw-data FSM,"[0.5,0.5,0.5]","[332.15273677999994,70.39821371,184.62656960000004]","[0.5673649462130652,0.5255157063120599,0.5127977681279177]","[366.73815758182803,79.76222364621856,192.44906751451342]","[34.58542080182809,9.364009936218565,7.822497914513377]","[35.66805536170598,18.814450696825894,20.73431289822708]","[310.5031580792206,50.144326380919914,160.24028492183007]","[427.0689128507854,111.32869100950535,228.6735733633481]","[true,true,true]",0.0001041675743268138
center,28,Raw-data FSM,"[0.5,0.5,0.5]","[332.15273677999994,70.39821371,184.62656960000004]","[0.45437761188167997,0.5406151572039735,0.3751030360499019]","[313.1886567346835,29.053615655202723,196.59032645018956]","[-18.96408004531645,-41.344598054797274,11.963756850189526]","[31.694685613588334,16.898323425734887,21.429605965414137]","[263.55290908664335,1.6862828821666291,163.4834407560123]","[368.3927981031219,57.26309623037875,233.74044192224454]","[true,false,true]",0.0005687122110234634
center,29,Raw-data FSM,"[0.5,0.5,0.5]","[332.15273677999994,70.39821371,184.62656960000004]","[0.4943352335184795,0.42083761044207557,0.4993845775428409]","[331.09640056639296,66.35943100672522,166.1594178884024]","[-1.0563362136069827,-4.0387827032747765,-18.467151711597637]","[32.32584968008313,15.975036876003255,17.502987342133807]","[280.3912588470667,40.853385836049114,140.18017395325907]","[385.9659189745535,93.32092086226112,198.15106654096198]","[true,true,true]",0.0001663859155552279
center,30,Raw-data FSM,"[0.5,0.5,0.5]","[332.15273677999994,70.39821371,184.62656960000004]","[0.5142920560471721,0.3481385268205735,0.4521029873234017]","[340.44376882029513,49.98651486926288,150.0320901475552]","[8.291032040295192,-20.411698840737117,-34.59447945244483]","[32.860616560930694,15.026829942152174,15.345153194988582]","[289.1596562033669,25.65425131969427,127.18408220247852]","[397.5759478810872,75.39025630271523,177.04260639312426]","[true,true,false]",0.0004933980974721456
center,31,Raw-data FSM,"[0.5,0.5,0.5]","[332.15273677999994,70.39821371,184.62656960000004]","[0.5251171391499042,0.4938818954223397,0.5644148071271174]","[345.70761225488485,91.88653634710377,184.12672815848552]","[13.55487547488491,21.488322637103778,-0.49984144151451915]","[34.07117538199289,17.75763864685805,20.052885705356967]","[293.0414808251268,64.2831513137067,153.3788098659667]","[403.472465879558,121.72474144539359,219.9049132883034]","[true,true,true]",0.00014480840434117023
center,32,Raw-data FSM,"[0.5,0.5,0.5]","[332.15273677999994,70.39821371,184.62656960000004]","[0.5223626654849938,0.5765835158348103,0.5005417705774303]","[344.4599986834151,75.94169166796857,206.6493213035578]","[12.307261903415167,5.543477957968577,22.02275170355776]","[34.685164511054126,18.861459148322318,21.605780265582005]","[289.1347265463547,45.27219836707365,172.24265786508758]","[403.79711869938467,107.47054729545914,243.38161781607923]","[true,true,true]",0.0001670420741056669
center,33,Raw-data FSM,"[0.5,0.5,0.5]","[332.15273677999994,70.39821371,184.62656960000004]","[0.38283751973992175,0.5003978657932563,0.5866298506033428]","[283.2011286276095,89.56923017660687,185.81504443596074]","[-48.95160815239046,19.171016466606872,1.1884748359607045]","[27.324751132167922,16.229989614923518,20.249551249524767]","[242.2033497094054,63.69427609916006,155.43395509848048]","[331.14822146112476,116.94834385910343,221.65245711163968]","[false,true,true]",0.0007982805333464851
center,34,Raw-data FSM,"[0.5,0.5,0.5]","[332.15273677999994,70.39821371,184.62656960000004]","[0.41648223341181945,0.42153287072189166,0.45238964224040584]","[296.9131674547382,49.18668096373947,166.30082920946148]","[-35.239569325261755,-21.211532746260524,-18.325740390538556]","[29.092906267426894,15.380245889895761,17.30373911965184]","[251.6749339198916,23.90459492293446,140.84431409730857]","[347.5658637776006,74.86001878630191,197.22378171536238]","[true,true,true]",0.0003291646394339392
center,35,Raw-data FSM,"[0.5,0.5,0.5]","[332.15273677999994,70.39821371,184.62656960000004]","[0.4610307529689363,0.5361934280198819,0.47377975616752954]","[315.8488144048385,62.00676111465733,195.23575151707507]","[-16.30392237516145,-8.391452595342663,10.609181917075034]","[29.17094789134169,16.12832790608486,19.949931704029122]","[271.2361268268943,36.43178595554038,164.4192434867647]","[366.7725363191568,88.52660922569252,230.07917986532865]","[true,true,true]",6.936856565864769e-05
center,36,Raw-data FSM,"[0.5,0.5,0.5]","[332.15273677999994,70.39821371,184.62656960000004]","[0.4149452738863223,0.3562198785333798,0.5018212315368661]","[296.22685812255787,60.615911512036995,151.75670088103467]","[-35.92587865744207,-9.782302197962998,-32.869868718965364]","[28.522464642982587,14.538769306443168,15.812126907186368]","[252.1668941481853,37.57237498480473,128.9945051342446]","[345.0730402554901,84.8052254545229,180.49881546896103]","[true,true,false]",0.0008132818548769373
center,37,Raw-data FSM,"[0.5,0.5,0.5]","[332.15273677999994,70.39821371,184.62656960000004]","[0.46511767847254826,0.5465130892607567,0.46489596202760985]","[317.9087768138417,59.76348415353604,198.15638858433286]","[-14.24395996615823,-10.634729556463952,13.52981898433282]","[31.878080813313257,17.30983353745664,21.01097672874208]","[269.1229194362427,32.128359148047394,166.13654860938428]","[372.85573115566433,88.81747661033222,233.62473654326206]","[true,true,true]",0.00010823272907627085
center,38,Raw-data FSM,"[0.5,0.5,0.5]","[332.15273677999994,70.39821371,184.62656960000004]","[0.473599017914535,0.4079642499956953,0.48995228778421906]","[321.6741055991136,62.03233419348378,163.229482190728]","[-10.478631180886339,-8.365879516516216,-21.397087409272046]","[31.98339406612742,15.60958240787467,17.578579045946693]","[272.37069385112903,37.53174116804143,137.48432898821656]","[376.82076737314173,88.85449558705167,194.38893901885882]","[true,true,true]",0.00024097654583649574
center,39,Raw-data FSM,"[0.5,0.5,0.5]","[332.15273677999994,70.39821371,184.62656960000004]","[0.5822517530399552,0.5374980045679213,0.46987819109171597]","[374.49854046509296,66.3214278730533,195.74526323615342]","[42.34580368509302,-4.076785836946698,11.118693636153381]","[36.78992864407084,18.695999456913746,21.434529789821088]","[317.1743406593687,36.75691131243756,162.39898468907302]","[437.4294933072286,98.17174182000608,232.50393630752671]","[true,true,true]",0.00030518817259763114
center,40,Raw-data FSM,"[0.5,0.5,0.5]","[332.15273677999994,70.39821371,184.62656960000004]","[0.40681837591625686,0.5350684570762504,0.5088132091361295]","[292.8942769990729,70.50582062124782,195.03485406192294]","[-39.25845978092707,0.10760691124782795,10.408284461922904]","[28.46554313287758,16.666670288287957,20.96927337601079]","[249.26853315173236,44.21748477710025,162.86922792192848]","[343.8457567095681,99.15915306110607,231.3832397181636]","[true,true,true]",0.00018486238410120944
center,41,Raw-data FSM,"[0.5,0.5,0.5]","[332.15273677999994,70.39821371,184.62656960000004]","[0.418457158137029,0.3899120534842463,0.44872993620485113]","[297.6603393578009,47.108373963999554,159.08237053754624]","[-34.49239742219902,-23.28983974600044,-25.5441990624538]","[28.437002101467,14.14774869779297,16.416366825173938]","[254.40767372125066,24.537906400435514,135.28064617312316]","[347.4766010848205,70.94666672392661,188.90046152593237]","[true,true,true]",0.00046777072256526045
center,42,Raw-data FSM,"[0.5,0.5,0.5]","[332.15273677999994,70.39821371,184.62656960000004]","[0.4946459449961783,0.3512985602754726,0.5161951342409825]","[331.27297153479293,67.9689724236752,150.70559689384652]","[-0.879765245207011,-2.429241286324796,-33.92097270615352]","[32.77778802347058,15.090311841126804,15.542981208795844]","[280.84169173539084,44.032706239655646,127.85245331677737]","[389.5318287647222,93.46494753356573,178.23450726966854]","[true,true,false]",0.0006201240729090157
center,43,Raw-data FSM,"[0.5,0.5,0.5]","[332.15273677999994,70.39821371,184.62656960000004]","[0.4505444592885673,0.6103785440927744,0.4815404728087775]","[311.4408634854769,67.55084042479002,216.70886658342388]","[-20.71187329452306,-2.8473732852099687,32.082296983423845]","[30.80701311837958,17.7016027654665,23.06838075507459]","[263.68109102435386,39.14677617948968,179.9769003725405]","[366.464183584957,97.62646885156964,255.90792504243154]","[true,true,true]",0.0003073259940144671
center,44,Raw-data FSM,"[0.5,0.5,0.5]","[332.15273677999994,70.39821371,184.62656960000004]","[0.4278211009066541,0.44929591668524854,0.5264290974402431]","[301.50554971345645,72.43708704152027,172.90510115548494]","[-30.647187066543495,2.0388733315202785,-11.721468444515097]","[27.987994449697855,15.665077040122798,18.139985586583823]","[259.66652862099755,47.652385870806405,146.2349796544039]","[350.95411395852534,99.36000380513747,204.70643188872015]","[true,true,true]",0.0003195759171499032
center,45,Raw-data FSM,"[0.5,0.5,0.5]","[332.15273677999994,70.39821371,184.62656960000004]","[0.4309783920547375,0.42227922282010394,0.4684309529966108]","[303.02395128319773,54.537339501564844,166.5492863702257]","[-29.12878549680221,-15.860874208435149,-18.077283229774338]","[29.963441549784605,15.471342836741004,18.074996409479382]","[255.9182560079328,29.73960624722148,140.33849179790872]","[355.4950947129991,80.90206902047338,198.2951997032845]","[true,true,true]",0.0002727302136599589
center,46,Raw-data FSM,"[0.5,0.5,0.5]","[332.15273677999994,70.39821371,184.62656960000004]","[0.5331433988118164,0.46532060163959765,0.5703457336890695]","[349.6876897628389,92.39094361882425,176.8868725122634]","[17.534952982838945,21.99272990882426,-7.73969708773663]","[35.227455508934526,18.464372260375765,19.04201338716965]","[295.1227426842681,62.97294535632592,148.4051266553326]","[410.3230276904376,124.1225201490003,210.34099686172783]","[true,true,true]",0.00023966358618237837
center,47,Raw-data FSM,"[0.5,0.5,0.5]","[332.15273677999994,70.39821371,184.62656960000004]","[0.2448734463880566,0.29951950390395904,0.5006594497895246]","[233.1173508184385,51.38364242397414,140.09008775991586]","[-99.03538596156145,-19.014571286025856,-44.53648184008418]","[18.791475513067052,12.470159336339071,13.71517143070186]","[207.90313515912536,32.15113394877234,120.33861367879751]","[268.32930451571224,72.82481648972686,164.4211856966954]","[false,true,false]",0.0027996024887593936
center,48,Raw-data FSM,"[0.5,0.5,0.5]","[332.15273677999994,70.39821371,184.62656960000004]","[0.49134606016755134,0.5564373074138173,0.5352527024793617]","[329.6943717690583,84.55431006266421,200.99136911187804]","[-2.458365010941634,14.156096352664221,16.364799511878005]","[32.063144395008976,18.002783894954057,21.880064133912597]","[279.97199934786875,55.9624972175907,167.51504793776084]","[385.77621428698876,115.05489263584874,239.57723851423395]","[true,true,true]",7.61465038673797e-05
center,49,Raw-data FSM,"[0.5,0.5,0.5]","[332.15273677999994,70.39821371,184.62656960000004]","[0.4617443678134661,0.5444003819918637,0.48575952244579873]","[316.2535339694277,66.32754699553736,197.5578805321189]","[-15.899202810572262,-4.070666714462632,12.931310932118862]","[30.119458654290117,16.350381117050464,20.841665564141103]","[269.60841831530985,39.71697880876728,165.15769920309114]","[368.6622661759371,93.71387658813019,233.69627078642256]","[true,true,true]",6.548826949791585e-05
center,50,Raw-data FSM,"[0.5,0.5,0.5]","[332.15273677999994,70.39821371,184.62656960000004]","[0.5523644603616011,0.4750513351082802,0.5247957925510416]","[359.0992115178472,80.01961633275488,179.31714416333725]","[26.946474737847268,9.621402622754886,-5.309425436662792]","[34.81234748676898,17.88854421170128,19.404521483620197]","[304.56557713449774,51.79569523811398,150.66500684790296]","[418.9436252106887,110.32690245310192,213.26913880395318]","[true,true,true]",6.329177514248218e-05
center,51,Raw-data FSM,"[0.5,0.5,0.5]","[332.15273677999994,70.39821371,184.62656960000004]","[0.32328775079347416,0.5103782245367756,0.4926937089777006]","[260.41340006892705,60.698607279325756,188.37470079747587]","[-71.7393367110729,-9.699606430674237,3.7481311974758285]","[23.66270980585898,14.694751102050793,19.948974880861968]","[224.44294662935158,37.181981114202465,157.90973784471961]","[301.90224740537974,85.89347611438664,223.3607899563349]","[false,true,true]",0.0006116980046861843
center,52,Raw-data FSM,"[0.5,0.5,0.5]","[332.15273677999994,70.39821371,184.62656960000004]","[0.4256684828460208,0.472212005475015,0.46985508873969445]","[300.7349673104736,56.68368427672778,178.59353797911896]","[-31.41776946952632,-13.714529433272212,-6.033031620881076]","[29.28741083356832,16.188556712076643,19.169221044248257]","[255.73276104387014,31.142202003345243,149.91718903315638]","[352.72096878471245,83.98057435246868,211.84450529062335]","[true,true,true]",0.0001440840318383953
center,53,Raw-data FSM,"[0.5,0.5,0.5]","[332.15273677999994,70.39821371,184.62656960000004]","[0.28695595522405387,0.5068756457592538,0.4932537678283469]","[247.46415291495697,59.17963798115099,187.44769262098734]","[-84.68858386504297,-11.218575728849004,2.821123020987301]","[22.20626559326617,14.80617763492036,19.71986667406696]","[214.6819868001108,35.49431474819658,156.57709079751234]","[287.0490072602894,84.32649162824045,221.38369535684228]","[false,true,true]",0.0009041324646900545
center,54,Raw-data FSM,"[0.5,0.5,0.5]","[332.15273677999994,70.39821371,184.62656960000004]","[0.39752263390880094,0.33561509180365584,0.43649304920733073]","[289.1177044310101,41.33429892423204,147.39247662619292]","[-43.03503234898983,-29.063914785767956,-37.23409297380712]","[28.21512284897489,13.876906676111787,14.801409377486133]","[245.83783917125953,19.747256816174467,125.48772948814623]","[338.6346169053332,65.01733857912696,173.77434375904988]","[true,false,false]",0.0009245336591131033
center,55,Raw-data FSM,"[0.5,0.5,0.5]","[332.15273677999994,70.39821371,184.62656960000004]","[0.3701815371422468,0.35256708697960765,0.5202456967294217]","[278.23622734322277,63.37971774756463,150.98418495696347]","[-53.916509436777176,-7.018495962435367,-33.642384643036564]","[26.96177992130556,14.077778637447933,15.686037424389273]","[237.35087674505903,41.09223195571108,128.0823074041415]","[326.92995287259157,87.30213477424401,178.52069326983496]","[false,true,false]",0.0012235711066872245
center,56,Raw-data FSM,"[0.5,0.5,0.5]","[332.15273677999994,70.39821371,184.62656960000004]","[0.5057803532016273,0.4621340301813195,0.47852725998699625]","[336.5250175593565,62.34642045982241,176.10182532024368]","[4.372280779356572,-8.051793250177582,-8.524744279756362]","[33.68888459428507,16.88673000348297,18.986229356114865]","[284.2340002275321,35.16745929184675,147.22856641335872]","[395.0472534996782,90.36780261380359,209.77478681973443]","[true,true,true]",3.759575982589107e-05
center,57,Raw-data FSM,"[0.5,0.5,0.5]","[332.15273677999994,70.39821371,184.62656960000004]","[0.3999653808931613,0.48996200519621536,0.4895391647273303]","[289.8928162432373,62.206642902126525,183.02498938981293]","[-42.25992053676265,-8.191570807873468,-1.6015802101871088]","[25.941788375830804,14.720383715951874,19.043269310376658]","[250.81988826604626,38.51619692893699,154.63471835859426]","[334.6606159693487,87.2205277502638,216.5949805339937]","[true,true,true]",0.00021185299259311968
center,58,Raw-data FSM,"[0.5,0.5,0.5]","[332.15273677999994,70.39821371,184.62656960000004]","[0.5402617929706004,0.5183681527367233,0.5445418650364873]","[353.1225839177585,88.21901330785057,190.53151952689362]","[20.969847137758563,17.82079959785058,5.904949926893579]","[34.75176688544606,18.444667437019884,20.520527794756028]","[298.48615646936247,58.69406766303847,158.75229940361226]","[411.2549372902854,120.13420762863574,226.25380407012136]","[true,true,true]",6.421842759644304e-05
center,59,Raw-data FSM,"[0.5,0.5,0.5]","[332.15273677999994,70.39821371,184.62656960000004]","[0.533984129772933,0.6239018242552874,0.5188371979743223]","[349.932802370899,85.5976498300722,220.7996273512007]","[17.780065590899085,15.199436120072207,36.17305775120067]","[33.41079633300888,18.638823980021417,22.957009177086604]","[298.4899898832898,56.11450154965584,182.86932363652608]","[407.1566221691018,117.83893508092986,259.0142822886724]","[true,true,true]",0.0003969910785404963
center,60,Raw-data FSM,"[0.5,0.5,0.5]","[332.15273677999994,70.39821371,184.62656960000004]","[0.48871754585981225,0.541644376179279,0.5115786572188125]","[328.67313817302414,75.99859542555788,196.87810730859593]","[-3.4795986069757987,5.600381715557887,12.25153770859589]","[33.96873657794738,18.47572557730636,21.496089111044828]","[277.43205525963896,47.08403592873721,163.1201368695472]","[388.21130203816455,107.56644691072096,234.07021985340302]","[true,true,true]",3.3087446851016235e-05
center,61,Raw-data FSM,"[0.5,0.5,0.5]","[332.15273677999994,70.39821371,184.62656960000004]","[0.4385179168781634,0.4974426366750919,0.5112649787944564]","[306.2359304685297,70.94968617695208,185.04964622651698]","[-25.916806311470225,0.5514724669520916,0.423076626516945]","[30.28054226818506,16.606151058140266,20.178738536069194]","[260.5519953178319,44.85813649773931,154.64941998399428]","[359.3291165088474,99.22300431361828,220.35353911725161]","[true,true,true]",0.00010595509170117225
center,62,Raw-data FSM,"[0.5,0.5,0.5]","[332.15273677999994,70.39821371,184.62656960000004]","[0.43187195144824625,0.4589837146445357,0.5317650633513918]","[303.4178352300175,74.6964437941014,175.3215510878518]","[-28.734901549982453,4.298230084101405,-9.305018512148251]","[30.191660560624857,16.139965831591084,18.89023246425241]","[257.01192773510985,48.60353903394562,147.48125516100492]","[356.1404038606676,101.7163185051487,209.1382927929169]","[true,true,true]",0.00029199885990194627
center,63,Raw-data FSM,"[0.5,0.5,0.5]","[332.15273677999994,70.39821371,184.62656960000004]","[0.5207084687051177,0.6345337011367086,0.48361438175141946]","[343.66622617987986,72.94730914294082,224.0044166607711]","[11.513489399879916,2.549095432940831,39.377847060771074]","[34.687870948876714,19.015634823736168,22.215944887277562]","[289.8187372736208,42.55581750209756,187.78962921177379]","[404.0412726076149,105.24751370778246,260.6637938620618]","[true,true,false]",0.0005482287099297737
center,64,Raw-data FSM,"[0.5,0.5,0.5]","[332.15273677999994,70.39821371,184.62656960000004]","[0.5828711191162466,0.5973345816513899,0.5759865999114517]","[374.79415001921467,106.84984647666772,212.82519497911417]","[42.64141323921473,36.45163276666773,28.198625379114134]","[36.512580205620615,20.496819825447936,22.99432203428059]","[317.73594292572784,74.29882757109903,175.8391932296875]","[438.29261958051336,142.37934596473872,251.4866932463916]","[true,false,true]",0.00035989697625863655
center,65,Raw-data FSM,"[0.5,0.5,0.5]","[332.15273677999994,70.39821371,184.62656960000004]","[0.40414120049342567,0.3429655791733325,0.4528042157769215]","[291.8375763867904,46.3037208087736,148.9516806357668]","[-40.31516039320957,-24.094492901226396,-35.67488896423325]","[28.785701446680473,13.934498613282443,15.308673997528429]","[248.059704711735,24.02065961987997,126.49570174920613]","[342.0588126908859,69.63358025285936,176.40611206980185]","[true,false,false]",0.0008368685418619072
center,66,Raw-data FSM,"[0.5,0.5,0.5]","[332.15273677999994,70.39821371,184.62656960000004]","[0.3993379089208693,0.4757825279763344,0.5143689735025161]","[289.7645394529338,68.87114550235684,179.49898254199113]","[-42.388197327066166,-1.527068207643154,-5.127587058008913]","[27.36153691674893,15.6115568924129,19.39352781852182]","[248.16177150987127,44.00163819364467,150.51107317020174]","[337.5793716503278,95.36991302766982,213.40884874196385]","[true,true,true]",0.0003071971326200932
center,67,Raw-data FSM,"[0.5,0.5,0.5]","[332.15273677999994,70.39821371,184.62656960000004]","[0.4858450794941178,0.5141344273611922,0.5410546168303491]","[327.13841831557073,83.52843713411572,189.42259890942168]","[-5.014318464429209,13.130223424115727,4.796029309421641]","[31.439772211487305,17.193791068551985,20.623049978288595]","[277.775276495552,56.42657207011538,157.92704224950916]","[381.2010402776626,112.34231654541256,225.52210100382032]","[true,true,true]",6.939904372624276e-05
center,68,Raw-data FSM,"[0.5,0.5,0.5]","[332.15273677999994,70.39821371,184.62656960000004]","[0.3543615109820293,0.3723843842083307,0.44489528201043615]","[272.082905879035,43.454571949809626,155.24735910430144]","[-60.06983090096492,-26.943641760190367,-29.3792104956986]","[25.69809070279098,13.794250032253132,16.269984988672118]","[232.7614118593531,21.09677541638959,131.57028676863558]","[315.73162766239204,66.39004167726961,183.99681822824735]","[false,false,false]",0.0009056636790129259
center,69,Raw-data FSM,"[0.5,0.5,0.5]","[332.15273677999994,70.39821371,184.62656960000004]","[0.44954263244867304,0.40447480580963185,0.5018980546256887]","[311.0964350758474,64.3421257042996,162.47532209624617]","[-21.05630170415253,-6.0560880057003885,-22.151247503753865]","[31.770312647590007,15.540008629933993,17.904309794124675]","[262.7594737796991,39.998366654378074,136.30604270342042]","[367.668947563014,90.92457985982121,194.977656626869]","[true,true,true]",0.0003519181357553587
center,70,Raw-data FSM,"[0.5,0.5,0.5]","[332.15273677999994,70.39821371,184.62656960000004]","[0.4121413703475898,0.5496763447794307,0.48908514756023913]","[294.9232725407316,65.26431061906933,198.94099343668978]","[-37.22946423926834,-5.133903090930659,14.314423836689741]","[26.894225920172424,15.963299147797471,20.15103375202947]","[253.45440308373847,39.838369892633565,167.31319421215792]","[341.75810618915295,91.76244971108898,233.40083607615964]","[true,true,true]",0.0001627102862597716
center,71,Raw-data FSM,"[0.5,0.5,0.5]","[332.15273677999994,70.39821371,184.62656960000004]","[0.4894638249188667,0.37957423090037096,0.5120899688798195]","[328.92938967675326,67.9519446168889,156.80839517762672]","[-3.223347103246681,-2.4462690931110984,-27.818174422373318]","[33.07384307188675,15.765223243867785,16.300792578003858]","[279.0722081540295,43.361096399971274,132.3389778096937]","[386.75544818012736,94.48807154212479,185.35958333620164]","[true,true,true]",0.0004212391306715076
center,72,Raw-data FSM,"[0.5,0.5,0.5]","[332.15273677999994,70.39821371,184.62656960000004]","[0.5525142166534073,0.5470721300974496,0.5082970488619796]","[359.23140913073803,78.57911380048617,198.31029027706057]","[27.07867235073809,8.180900090486176,13.683720677060535]","[35.408077375681415,18.76637352780434,20.96322925066615]","[304.7424645245336,48.93694793088639,164.48879053519823]","[418.86391933495383,110.22899921357411,233.52987167088625]","[true,true,true]",0.0001199334606146535
center,73,Raw-data FSM,"[0.5,0.5,0.5]","[332.15273677999994,70.39821371,184.62656960000004]","[0.6002212119030946,0.6437340354111799,0.5223519949126246]","[384.1773939075571,92.25104698535688,227.01700871716136]","[52.024657127557134,21.852833275356886,42.39043911716132]","[39.05494539456249,21.034582003695256,23.533682666930524]","[323.05637986535254,58.29006223568981,188.0382300497915]","[450.0321100524525,127.26592497430487,266.48336772560015]","[true,true,false]",0.0008059779911328172
center,74,Raw-data FSM,"[0.5,0.5,0.5]","[332.15273677999994,70.39821371,184.62656960000004]","[0.40554880513671804,0.4672537109284849,0.4510582907178995]","[292.2639000456918,49.99108956397562,177.26827952670254]","[-39.88883673430814,-20.407124146024373,-7.358290073297496]","[27.25250149997565,15.192068597252687,18.093363096890837]","[250.58998629819249,25.34976539834493,149.37021946879204]","[340.2796531495047,74.66084111233494,208.47412754331026]","[true,true,true]",0.00023301722647934667
center,75,Raw-data FSM,"[0.5,0.5,0.5]","[332.15273677999994,70.39821371,184.62656960000004]","[0.5472105827228719,0.5712529104873553,0.515961305482983]","[356.68403191319067,82.33688497240611,205.18650814374166]","[24.531295133190724,11.938671262406118,20.559938543741623]","[36.18342171475249,19.434530006719353,22.17645801572255]","[301.2158014209775,52.07908419954022,171.11292704224547]","[418.87748299961544,115.66541109883649,243.53570637338328]","[true,true,true]",0.00017391192909751185
center,76,Raw-data FSM,"[0.5,0.5,0.5]","[332.15273677999994,70.39821371,184.62656960000004]","[0.566222062255144,0.3956714433699487,0.5392688011908543]","[366.1333737568555,80.79917120566871,160.44838840783626]","[33.98063697685558,10.40095749566872,-24.178181192163777]","[35.51803995519559,16.823892715349814,17.309650045808368]","[311.33114851836024,54.37869284301579,134.81594630625338]","[427.6987051009274,109.42588909963361,191.83530607494063]","[true,true,true]",0.00037235100038267044
center,77,Raw-data FSM,"[0.5,0.5,0.5]","[332.15273677999994,70.39821371,184.62656960000004]","[0.43581031958550065,0.28288449138026867,0.5007217320936906]","[304.95204651066814,58.11611000758953,136.8008113791451]","[-27.2006902693318,-12.28210370241046,-47.82575822085494]","[28.842549442983938,13.680638387059416,12.681971818137164]","[260.84674992031944,36.9661717656331,118.53070871214288]","[355.77467684691146,81.55130877589473,159.32435344220576]","[true,true,false]",0.0013833884292396893
center,78,Raw-data FSM,"[0.5,0.5,0.5]","[332.15273677999994,70.39821371,184.62656960000004]","[0.6325798932427137,0.48934370833247903,0.5553993935382379]","[401.76429375835784,95.86357114058494,182.97437731310768]","[69.6115569783579,25.465357430584945,-1.6521922868923582]","[38.658220687418975,19.754437276107556,19.982894883002974]","[339.49343874763446,64.71615894069129,151.86498371744634]","[466.6615779616929,129.9786936050466,217.21218517167353]","[false,true,true]",0.00030433161872070756
center,79,Raw-data FSM,"[0.5,0.5,0.5]","[332.15273677999994,70.39821371,184.62656960000004]","[0.36972415779264217,0.37576949267093007,0.4977226092702165]","[277.93019873742594,58.42342895134163,155.97140083938282]","[-54.222538042574,-11.974784758658366,-28.655168760617215]","[25.52097839458885,13.734203246598906,16.18411356588246]","[238.50059984463653,36.688164015512235,132.16596599271392]","[322.61145151501916,81.35199071608473,183.7792607189587]","[false,true,false]",0.0009093452775190072
center,80,Raw-data FSM,"[0.5,0.5,0.5]","[332.15273677999994,70.39821371,184.62656960000004]","[0.4554353412305559,0.4847731633111831,0.45970299322694536]","[313.46087891423537,55.1870503586463,181.7938482239699]","[-18.691857865764575,-15.21116335135369,-2.8327213760301504]","[29.81859743783424,15.52244529613806,19.84446519263073]","[268.35507506646474,30.366161071787914,151.98653316693736]","[366.7680332996534,81.39548265043597,217.18562509440727]","[true,true,true]",7.328917950507451e-05
center,81,Raw-data FSM,"[0.5,0.5,0.5]","[332.15273677999994,70.39821371,184.62656960000004]","[0.47186099673092546,0.3938899989430228,0.47790025448977946]","[320.8584020877365,57.792028646680095,160.0400902501022]","[-11.29433469226342,-12.606185063319899,-24.586479349897843]","[31.564945716599965,15.532389208396074,17.227884946690775]","[272.5927360553385,33.136135478827015,135.078845334573]","[375.5004796420138,83.88113670323088,191.481623728983]","[true,true,true]",0.00029693459460912366
center,82,Raw-data FSM,"[0.5,0.5,0.5]","[332.15273677999994,70.39821371,184.62656960000004]","[0.6344661220824735,0.5313618879562633,0.5422689431381226]","[402.7621566636004,94.28500398961901,194.0598553609167]","[70.60941988360048,23.88679027961902,9.433285760916675]","[38.07194341100593,19.671906959749656,21.15281730284646]","[342.10982274790234,62.60880354402609,161.23273376350534]","[466.7257988510285,127.61276902918662,230.75689680003853]","[false,true,true]",0.0003507362847230385
center,83,Raw-data FSM,"[0.5,0.5,0.5]","[332.15273677999994,70.39821371,184.62656960000004]","[0.4280931172913316,0.41642994918204757,0.4722402390640973]","[301.7104150698026,55.26223042593454,165.15587074728035]","[-30.442321710197348,-15.135983284065453,-19.470698852719693]","[28.92126118900392,14.833082832940196,17.558066124434852]","[257.12761059665405,31.2951386235814,138.41773284439992]","[352.10553365540795,80.66678083385592,196.22894779694715]","[true,true,true]",0.0003085589051179658
center,84,Raw-data FSM,"[0.5,0.5,0.5]","[332.15273677999994,70.39821371,184.62656960000004]","[0.37264062786503493,0.4446961360148421,0.4756771136081212]","[279.1425086924818,55.192191142767776,171.8487537705567]","[-53.01022808751816,-15.206022567232218,-12.777815829443341]","[26.44289088223989,14.93452860222365,18.519048380007344]","[238.7195329457629,31.066403197288395,144.18364502437416]","[325.2046856745662,80.56973997178021,205.0897454482505]","[false,true,true]",0.00044710723438660515
center,85,Raw-data FSM,"[0.5,0.5,0.5]","[332.15273677999994,70.39821371,184.62656960000004]","[0.5290888646349323,0.31882819809917984,0.532984816110135]","[347.6823430568818,72.779996706791,143.91619056215802]","[15.52960627688185,2.381782996791003,-40.71037903784202]","[34.79205686915334,14.962724739308351,13.899568242654928]","[293.5157320761057,49.24395575293505,123.62591228663302]","[407.37418940107983,98.45920064217299,168.76618471176488]","[true,true,false]",0.0009116616181543096
center,86,Raw-data FSM,"[0.5,0.5,0.5]","[332.15273677999994,70.39821371,184.62656960000004]","[0.5475149528431884,0.4780215996225163,0.49780850828647644]","[356.67161347531516,71.20726316421822,180.0650449312401]","[24.518876695315214,0.8090494542182256,-4.561524668759944]","[34.57776640026166,17.75992930264703,19.423973302678903]","[301.76284954550505,43.0184452156158,149.99016143829314]","[415.5603016219148,101.30145150386696,214.92461127339533]","[true,true,true]",4.238611698680305e-05
center,87,Raw-data FSM,"[0.5,0.5,0.5]","[332.15273677999994,70.39821371,184.62656960000004]","[0.4945866308663793,0.6490639960259175,0.4897659515017291]","[331.30172797797087,74.52407044136534,228.6396696121666]","[-0.8510088020290709,4.125856731365346,44.013100012166575]","[33.166040745586294,18.74843580994676,22.99067285615784]","[279.3987770387859,44.244053189438155,190.7305016827777]","[388.0550467752587,106.2452842670347,267.18171768236954]","[true,true,false]",0.0005636924411852692
center,88,Raw-data FSM,"[0.5,0.5,0.5]","[332.15273677999994,70.39821371,184.62656960000004]","[0.507023164054454,0.5020783563210068,0.438962574141025]","[336.95484961990746,51.00090809085864,186.16401978210743]","[4.802112839907522,-19.397305619141356,1.537450182107392]","[32.04311755053029,16.28371845893533,19.39287256005038]","[286.4818085478783,24.842917507447797,156.3189739287534]","[392.7794486445841,78.60751655391401,219.64207133521631]","[true,true,true]",0.000137076782320725
center,89,Raw-data FSM,"[0.5,0.5,0.5]","[332.15273677999994,70.39821371,184.62656960000004]","[0.40808245444087393,0.38824580839790396,0.550626338070035]","[293.42675109405815,74.90695284839333,158.71130287227192]","[-38.725985685941794,4.508739138393338,-25.915266727728124]","[28.753997362300638,14.95749939439918,16.37613844439797]","[250.488146455524,51.11101315532403,134.63544292948475]","[344.8025934370673,100.00192623621304,187.58298916672197]","[true,true,true]",0.0009247084815615696
center,90,Raw-data FSM,"[0.5,0.5,0.5]","[332.15273677999994,70.39821371,184.62656960000004]","[0.3548336845323995,0.3350356533417293,0.4560221455255158]","[272.1959057405596,45.3229518906209,147.26681135825473]","[-59.95683103944032,-25.075261819379094,-37.35975824174531]","[25.045329329109965,13.551162950493365,14.729752552459715]","[234.5041576258696,23.662253635012906,125.53948923096506]","[316.8839790665705,68.1318916904348,173.01467228733503]","[false,false,false]",0.0011987745891820737
center,91,Raw-data FSM,"[0.5,0.5,0.5]","[332.15273677999994,70.39821371,184.62656960000004]","[0.41468474649123993,0.32535878331722257,0.5234878403854375]","[296.0221616850992,64.9925775785061,145.3260602056529]","[-36.130575094900735,-5.4056361314938925,-39.30050939434713]","[27.497253368254132,13.703919662712575,15.055875461149908]","[253.80964066897064,43.13330347968579,124.08684097165354]","[343.63525990621736,88.11015815065203,172.44274357689153]","[true,true,false]",0.0012060975101444527
center,92,Raw-data FSM,"[0.5,0.5,0.5]","[332.15273677999994,70.39821371,184.62656960000004]","[0.580996891320943,0.4223780106900642,0.41312932558953763]","[373.7480872199899,42.16780021107669,166.53548641807288]","[41.59535043998994,-28.230413498923305,-18.09108318192716]","[35.77867573159423,16.321710806404816,17.652999125517546]","[317.1116150289092,15.990804042209836,140.0784649896743]","[435.2478249949367,69.33856588809948,196.95400253192525]","[true,false,true]",0.0004312832001942386
center,93,Raw-data FSM,"[0.5,0.5,0.5]","[332.15273677999994,70.39821371,184.62656960000004]","[0.5589155532142508,0.5295268276065589,0.45022240510821293]","[362.5339852379452,57.958055534583956,193.4709961676611]","[30.381248457945276,-12.440158175416038,8.84442656766106]","[36.31817966156702,18.493166537629737,20.218879475601593]","[304.62095312574684,28.412552739678276,161.68402153089704]","[424.24153717630264,89.25123113011654,228.61508135941477]","[true,true,true]",0.0002728476542887709
center,94,Raw-data FSM,"[0.5,0.5,0.5]","[332.15273677999994,70.39821371,184.62656960000004]","[0.41286271140604813,0.3632288145991973,0.4701958793458338]","[295.28756897182507,52.101199278001424,153.280194693078]","[-36.865167808174874,-18.29701443199857,-31.34637490692205]","[27.649917415118367,14.007819887296751,16.206367006623566]","[252.78852255254122,30.514845603433145,129.74209348739524]","[344.0991405243375,76.47241940054477,182.26401902382244]","[true,true,false]",0.0006692999394189353
center,95,Raw-data FSM,"[0.5,0.5,0.5]","[332.15273677999994,70.39821371,184.62656960000004]","[0.6404516321367022,0.4328704721671723,0.48914057420224116]","[406.1104705088479,70.69509656055907,169.0157556955651]","[73.95773372884798,0.29688285055907215,-15.610813904434934]","[37.90129284169772,18.4644321558028,18.005441608278364]","[345.61252151992574,40.398629893290746,141.1836282140437]","[467.74163764574604,101.23496537913567,200.27088366911659]","[false,true,true]",0.00038822984069166437
center,96,Raw-data FSM,"[0.5,0.5,0.5]","[332.15273677999994,70.39821371,184.62656960000004]","[0.4718867900469888,0.35026212640015336,0.518462563586235]","[320.9001952103828,67.48771038385502,150.50901479057603]","[-11.252541569617165,-2.910503326144976,-34.11755480942401]","[31.965749726150364,15.340605622676483,15.737554590495204]","[272.81812180647455,42.90983417125742,127.37309025525367]","[377.601828979145,93.90164040570757,178.45379238920103]","[true,true,false]",0.0007047624612492462
center,97,Raw-data FSM,"[0.5,0.5,0.5]","[332.15273677999994,70.39821371,184.62656960000004]","[0.6173420935839402,0.49886893512725683,0.5185022779631626]","[393.2460698879224,83.06852610921727,185.4605524917762]","[61.09333310792243,12.67031239921728,0.8339828917761736]","[37.4811063315941,19.021005281355205,20.60415274172488]","[333.6323345670269,53.373195869579966,154.09748543876321]","[454.9616386144933,115.57997839835316,222.06300422636704]","[false,true,true]",0.00023666076802184333
center,98,Raw-data FSM,"[0.5,0.5,0.5]","[332.15273677999994,70.39821371,184.62656960000004]","[0.4673473444910341,0.5349999445998668,0.4923036407458795]","[318.81705206219704,68.28999474162826,195.00533808078075]","[-13.335684717802906,-2.1082189683717303,10.378768480780707]","[31.119235534756523,16.90011264830113,20.871434717482096]","[270.6451076960618,41.225705874157086,162.84157984043364]","[373.3506904406354,96.80471771957782,231.23890229592004]","[true,true,true]",3.9712317773966085e-05
center,99,Raw-data FSM,"[0.5,0.5,0.5]","[332.15273677999994,70.39821371,184.62656960000004]","[0.6171230355662098,0.636222006533741,0.6030743491214506]","[393.32209948780087,122.0139036691076,224.70425353954863]","[61.16936270780093,51.61568995910761,40.07768393954859]","[39.380045140463174,22.19109817610967,23.938348235565815]","[331.5597665429306,86.60890213909356,185.52758462874982]","[459.9546742339875,159.9087855844017,265.00003944747317]","[true,false,false]",0.0006929004834251164
high,0,Raw-data NPE,"[0.75,0.75,0.75]","[471.3471699409359,199.07081839552737,261.99757352745445]","[0.5617788003306653,0.4818713638381895,0.4657378782372503]","[370.87865911825435,58.90301766822601,184.9030113159094]","[-100.46851082268154,-140.16780072730137,-77.09456221154505]","[79.30297122282153,54.21519116406595,43.341978547946276]","[244.09678111481236,-30.208261528893228,124.10636072375785]","[506.57690303190964,146.6734290564886,267.02525025619616]","[true,false,true]",0.0031385628056398323
high,1,Raw-data NPE,"[0.75,0.75,0.75]","[471.3471699409359,199.07081839552737,261.99757352745445]","[0.5380977952708884,0.49637304751861067,0.5045216206178308]","[359.3495654829601,71.08095364332226,188.50301750795802]","[-111.9976044579758,-127.98986475220511,-73.49455601949643]","[80.12607744442505,53.608426480895076,43.081425387969304]","[236.25200503674174,-20.983904051312553,125.91610531236597]","[503.8317391285681,156.10812488646573,269.6450546579145]","[true,false,true]",0.0027040642937531966
high,2,Raw-data NPE,"[0.75,0.75,0.75]","[471.3471699409359,199.07081839552737,261.99757352745445]","[0.499487739687697,0.49655847747003234,0.5030785666101182]","[340.76485263901714,68.82308948327135,188.75073260434846]","[-130.58231730191875,-130.24772891225604,-73.24684092310599]","[78.35674478188629,53.632959273561966,44.02560165051336]","[225.91835088585944,-23.04479720004844,125.69746393411201]","[485.07824808267236,152.47915462404444,270.91664228140417]","[true,false,true]",0.002978300387343223
high,3,Raw-data NPE,"[0.75,0.75,0.75]","[471.3471699409359,199.07081839552737,261.99757352745445]","[0.5340065602141393,0.4961265641224977,0.4700766704164345]","[357.0353558094384,59.822069456455,188.57377576312462]","[-114.3118141314975,-139.24874893907236,-73.42379776432983]","[78.72995729316776,53.63733576766132,43.6585225504323]","[237.48976778492695,-28.18223063640525,125.48232252804755]","[498.70052190959046,146.57184351404484,270.45822292802075]","[true,false,true]",0.0031057870944024035
high,4,Raw-data NPE,"[0.75,0.75,0.75]","[471.3471699409359,199.07081839552737,261.99757352745445]","[0.5238564777072587,0.5152088733626643,0.4891904394440704]","[352.37446596714517,66.42335577189162,193.49323320455832]","[-118.97270397379071,-132.64746262363576,-68.50434032289613]","[79.41595741705,54.11167855668226,43.84237142210782]","[232.8969127743996,-23.53818682369295,128.51549569327966]","[495.9472809592455,153.6343010528491,274.8115282643238]","[true,false,true]",0.002799709842394348
high,5,Raw-data NPE,"[0.75,0.75,0.75]","[471.3471699409359,199.07081839552737,261.99757352745445]","[0.4979969198135763,0.5039917855063564,0.5167322247335492]","[339.9434575782222,73.19811093608511,190.5574713046166]","[-131.4037123627137,-125.87270745944225,-71.44010222283785]","[77.76035666881897,52.932029867085134,43.569689382833445]","[226.24416518107031,-17.666847777646744,126.79396590219213]","[484.9553481344982,157.34288692600927,272.1219735678575]","[true,false,true]",0.002809292473981109
high,6,Raw-data NPE,"[0.75,0.75,0.75]","[471.3471699409359,199.07081839552737,261.99757352745445]","[0.48555736292227103,0.5113844705202704,0.48917241997634064]","[334.1573223521076,64.17850831027664,192.34748549114403]","[-137.1898475888283,-134.89231008525073,-69.65008803631042]","[77.01848146526069,53.451463023630886,42.990961769988786]","[223.7701811946277,-25.629027347631315,128.11184085947463]","[477.3997081657022,149.14585378035736,271.3277979036522]","[true,false,true]",0.003097462355320239
high,7,Raw-data NPE,"[0.75,0.75,0.75]","[471.3471699409359,199.07081839552737,261.99757352745445]","[0.5115600898213989,0.5101889046855592,0.4813281222908745]","[346.62262684774066,63.04786294675224,192.13354641198154]","[-124.72454309319522,-136.02295544877512,-69.86402711547291]","[79.6447227396622,53.672522332220616,43.51954558877381]","[229.4248744514926,-26.40234476467582,127.7129436765116]","[491.3555469140668,149.3893181266671,271.8149431986561]","[true,false,true]",0.0030038176618285804
high,8,Raw-data NPE,"[0.75,0.75,0.75]","[471.3471699409359,199.07081839552737,261.99757352745445]","[0.49145279880077924,0.5024987274716035,0.5194271024131045]","[336.59543088453125,73.41705172978772,190.1582953421892]","[-134.75173905640463,-125.65376666573965,-71.83927818526524]","[76.11461741165935,52.224146268669706,43.426045621283755]","[225.46732894140547,-18.158431364184633,126.5852850371806]","[478.4098642188313,154.54442513936695,269.69555917171687]","[true,false,true]",0.0028491398090322115
high,9,Raw-data NPE,"[0.75,0.75,0.75]","[471.3471699409359,199.07081839552737,261.99757352745445]","[0.5104893240047969,0.5045600762356358,0.48404698568178756]","[345.9093275664798,63.55078223679688,190.69446682540485]","[-125.43784237445607,-135.52003615873048,-71.3031067020496]","[78.72049250240563,54.10877140639708,43.48972747066344]","[228.83639313209778,-24.491291339987228,126.40436523497853]","[490.33916765865587,152.3515477046499,271.6213291145441]","[true,false,true]",0.003029718472360519
high,10,Raw-data NPE,"[0.75,0.75,0.75]","[471.3471699409359,199.07081839552737,261.99757352745445]","[0.5199517313443647,0.5174773900774574,0.5444985853117085]","[350.429107527619,83.94785106687601,194.15325739900462]","[-120.91806241331687,-115.12296732865136,-67.84431612844983]","[79.27597591956535,52.81851473376667,44.066715825857]","[234.33440722468367,-9.713686419373301,128.28444226385358]","[496.038754060316,166.83340789732972,275.25829129749695]","[true,false,true]",0.0023360803038490296
high,11,Raw-data NPE,"[0.75,0.75,0.75]","[471.3471699409359,199.07081839552737,261.99757352745445]","[0.4948907958841315,0.49498854989106955,0.5190997910354292]","[338.38132356782626,73.33270620871251,188.15331821875486]","[-132.96584637310963,-125.73811218681486,-73.84425530869959]","[77.30519183750026,53.171152087992574,43.05054850127236]","[228.03493070511263,-18.957095162265727,124.81319665207471]","[483.22530499079437,156.88739073454448,268.6414006681231]","[true,false,true]",0.002897078974363795
high,12,Raw-data NPE,"[0.75,0.75,0.75]","[471.3471699409359,199.07081839552737,261.99757352745445]","[0.4958361801395852,0.4944338036019864,0.5143854012125342]","[338.7968766966194,71.86584200660559,188.0346021996151]","[-132.5502932443165,-127.20497638892178,-73.96297132783934]","[77.1685277427917,53.01144029993693,43.2272882625508]","[226.0166268080274,-19.29838975241694,126.23679551649252]","[486.0657130319278,154.73160637671805,269.7886860866264]","[true,false,true]",0.0029318053838950403
high,13,Raw-data NPE,"[0.75,0.75,0.75]","[471.3471699409359,199.07081839552737,261.99757352745445]","[0.5086833420674247,0.5361819343309571,0.4889155488801018]","[345.04348821886464,66.69505320660791,199.09774569347553]","[-126.30368172207125,-132.37576518891944,-62.89982783397892]","[78.59506119160159,54.65109860871228,43.91454624764685]","[229.9373784448571,-24.48398219319026,130.9382782960984]","[490.17635306411563,155.97273581930327,278.33497784676985]","[true,false,true]",0.002762679492111387
high,14,Raw-data NPE,"[0.75,0.75,0.75]","[471.3471699409359,199.07081839552737,261.99757352745445]","[0.5084824020456565,0.4826596883198241,0.5252721377463603]","[345.1003994378717,75.0065331010424,184.88497861586828]","[-126.24677050306417,-124.06428529448497,-77.11259491158617]","[79.10248092744658,52.987554439564306,42.23961030177245]","[228.6748977195927,-17.18628050787487,123.99010546042612]","[490.3193948876063,159.97054992660492,263.41031439029206]","[true,false,true]",0.002869612073233665
high,15,Raw-data NPE,"[0.75,0.75,0.75]","[471.3471699409359,199.07081839552737,261.99757352745445]","[0.5013584890376361,0.5092236763508894,0.5026929918635074]","[341.51904251586444,69.18965927682818,192.06008916622264]","[-129.82812742507144,-129.8811591186992,-69.93748436123181]","[77.93650691446946,53.748020406792605,44.17812149107969]","[227.20093859051605,-21.590475265968173,126.25045429664591]","[485.83671039920023,156.1335832618315,272.7041604096258]","[true,false,true]",0.00286647002375094
high,16,Raw-data NPE,"[0.75,0.75,0.75]","[471.3471699409359,199.07081839552737,261.99757352745445]","[0.5059376168819004,0.499880731936833,0.4941947815894011]","[343.8694962228013,66.42115723874979,189.46734861670893]","[-127.47767371813461,-132.6496611567776,-72.53022491074552]","[79.0368943888766,53.42845104570114,43.3883911629088]","[228.82113452495022,-23.62411714424289,126.24836000246255]","[489.0325486544162,153.23186617990515,269.5615836576671]","[true,false,true]",0.0029892922516810707
high,17,Raw-data NPE,"[0.75,0.75,0.75]","[471.3471699409359,199.07081839552737,261.99757352745445]","[0.4939079629929987,0.5009581598997384,0.5034423480262555]","[338.19667607516857,68.8284422316524,189.81677477403701]","[-133.15049386576732,-130.24237616387495,-72.18079875341743]","[78.3263857266192,53.69981948037265,43.735618753211256]","[225.66540282336177,-23.562792579756902,125.94334209670238]","[485.3480279367333,154.88552696354762,271.27918542786955]","[true,false,true]",0.0029807237935486797
high,18,Raw-data NPE,"[0.75,0.75,0.75]","[471.3471699409359,199.07081839552737,261.99757352745445]","[0.5127856982857135,0.4984849099513574,0.5155774303991784]","[346.98198752196674,73.27235089625142,189.1778590316616]","[-124.36518241896914,-125.79846749927594,-72.81971449579285]","[78.66268758642988,52.55414558288149,43.747326410087176]","[230.65545539084343,-17.319051342725416,126.41625766495561]","[492.5176182078715,156.92293228892353,270.02336434894386]","[true,false,true]",0.002757591904807399
high,19,Raw-data NPE,"[0.75,0.75,0.75]","[471.3471699409359,199.07081839552737,261.99757352745445]","[0.483510849461187,0.5010683683203231,0.4968779512301333]","[333.22477892328266,66.0480880232218,189.6741217235056]","[-138.12239101765323,-133.02273037230557,-72.32345180394884]","[77.10431695092693,52.57305455271326,42.92359775695746]","[221.2954127306441,-22.21730531993721,126.5200908332819]","[478.1668365016935,149.96422483845672,269.8506832036596]","[true,false,true]",0.00311203371522463
high,20,Raw-data NPE,"[0.75,0.75,0.75]","[471.3471699409359,199.07081839552737,261.99757352745445]","[0.5084305345217225,0.49425406400099176,0.4962705173061755]","[344.9710663558275,67.04352055146188,188.0639272043242]","[-126.37610358510841,-132.0272978440655,-73.93364632313026]","[78.7795625569435,52.76147185628172,43.46855166098952]","[228.24432567424972,-21.744894932652603,124.94418932126996]","[491.4592750610044,152.2695077633098,269.27125951004524]","[true,false,true]",0.002982109550671043
high,21,Raw-data NPE,"[0.75,0.75,0.75]","[471.3471699409359,199.07081839552737,261.99757352745445]","[0.5279178130640203,0.5295640640365418,0.49634935806513647]","[354.3135020049778,69.62962192072442,197.34854079702927]","[-117.03366793595808,-129.44119647480295,-64.64903273042518]","[79.49475464159933,55.61271410847231,44.01706246676664]","[232.77823981147955,-23.086205143692666,130.42515610659228]","[499.107920182021,160.3619257367374,277.5043545750714]","[true,false,true]",0.0026184793167046507
high,22,Raw-data NPE,"[0.75,0.75,0.75]","[471.3471699409359,199.07081839552737,261.99757352745445]","[0.49097236006269707,0.4965254687401426,0.505377131919387]","[336.89837017753564,68.73928732464566,188.63579182129513]","[-134.44879976340025,-130.3315310708817,-73.36178170615932]","[78.38661421939638,52.55238406896974,43.41660635780457]","[223.63103152997533,-21.234411007364535,125.23660966107552]","[482.0058601656503,151.80382837747098,267.9318974288911]","[true,false,true]",0.0030215276130973363
high,23,Raw-data NPE,"[0.75,0.75,0.75]","[471.3471699409359,199.07081839552737,261.99757352745445]","[0.5030851937037291,0.5066857376078198,0.49275705379934087]","[342.2759681078522,65.98937549952326,191.311239570984]","[-129.0712018330837,-133.0814428960041,-70.68633395647046]","[77.74286544406166,53.94115171393282,43.82549169817031]","[227.0193992107369,-25.30466941737261,126.7522140219504]","[488.26928253633463,152.3988706037922,271.07014485337515]","[true,false,true]",0.002973269297009782
high,24,Raw-data NPE,"[0.75,0.75,0.75]","[471.3471699409359,199.07081839552737,261.99757352745445]","[0.5101703089333742,0.5022049827957112,0.49115725551686845]","[345.923944285021,66.02283582815288,190.06633330484541]","[-125.4232256559149,-133.0479825673745,-71.93124022260903]","[79.3418274371188,54.05898421781226,43.345226951057285]","[229.80551690753222,-24.233703087303947,126.45202022509613]","[490.98739114127164,154.22102431264724,270.28444393040735]","[true,false,true]",0.0029679220713522293
high,25,Raw-data NPE,"[0.75,0.75,0.75]","[471.3471699409359,199.07081839552737,261.99757352745445]","[0.509062266738276,0.47904952570584153,0.5162252472414238]","[345.101116505124,72.2213019054002,184.0473316707922]","[-126.24605343581186,-126.84951649012717,-77.95024185666225]","[77.97650838566847,51.802976963919555,42.52507921331776]","[229.7674067719207,-17.160857436348074,123.251445711502]","[490.3491393478696,153.98204653278145,263.512494320606]","[true,false,true]",0.0029474811332647955
high,26,Raw-data NPE,"[0.75,0.75,0.75]","[471.3471699409359,199.07081839552737,261.99757352745445]","[0.49641739297274845,0.4986774179198729,0.5133309310822133]","[339.2951543077004,71.76219873010666,189.11766640968065]","[-132.0520156332355,-127.30861966542071,-72.8799071177738]","[78.25768458916475,53.14298706549765,43.214694295593624]","[225.20399064431277,-20.063385894429214,126.1121252806534]","[487.73035508327763,155.36174843631224,269.33867637716367]","[true,false,true]",0.0028960301495206797
high,27,Raw-data NPE,"[0.75,0.75,0.75]","[471.3471699409359,199.07081839552737,261.99757352745445]","[0.5226744764108464,0.503462023415613,0.503861004311603]","[352.2077223030305,70.73381047663916,190.3306714678908]","[-119.13944763790539,-128.33700791888822,-71.66690205956365]","[81.35281454147255,53.76165585350564,43.253504178575646]","[231.3138483064554,-20.646636217430668,127.26956360914718]","[499.98325037151574,156.08139952213867,270.8225319213372]","[true,false,true]",0.002741227117121492
high,28,Raw-data NPE,"[0.75,0.75,0.75]","[471.3471699409359,199.07081839552737,261.99757352745445]","[0.5090081470537708,0.4958107953876811,0.5027348059533808]","[344.8314872480298,69.01718555420294,188.50624987477863]","[-126.51568269290607,-130.05363284132443,-73.49132365267582]","[76.9337721242199,53.48072725263324,43.68074575743756]","[231.81900293820433,-23.53859740799723,125.2392071058179]","[487.26182137419084,153.89303261881798,268.99220587821804]","[true,false,true]",0.002919681644639845
high,29,Raw-data NPE,"[0.75,0.75,0.75]","[471.3471699409359,199.07081839552737,261.99757352745445]","[0.4682937795245105,0.5277546048466739,0.5390578735455294]","[325.87946781412137,79.72731604030771,196.84466120499735]","[-145.46770212681452,-119.34350235521966,-65.1529123224571]","[74.33612767077213,52.304168780456855,43.99002566944007]","[221.55283414521244,-12.518214571694939,130.6206751341394]","[466.98991521729715,161.85198966133635,276.9994936611937]","[false,false,true]",0.0027104496690954585
high,30,Raw-data NPE,"[0.75,0.75,0.75]","[471.3471699409359,199.07081839552737,261.99757352745445]","[0.522864377153104,0.5144508487694032,0.4975837012402101]","[351.8050071756811,68.91283705911304,193.3823168944142]","[-119.54216276525477,-130.1579813364143,-68.61525663304025]","[79.01177595446337,54.56944922016594,44.12826268881925]","[233.4022330575502,-23.240513389767656,127.6401374479046]","[496.09972012455023,156.65418569573762,274.9089773162662]","[true,false,true]",0.002736821609073082
high,31,Raw-data NPE,"[0.75,0.75,0.75]","[471.3471699409359,199.07081839552737,261.99757352745445]","[0.48680901281265104,0.5180824833203836,0.5213594180166192]","[334.65957821469414,74.9353306039141,194.3904955983803]","[-136.68759172624175,-124.13548779161327,-67.60707792907414]","[76.85530690743636,53.111066052388765,44.25062205919146]","[225.00445067262206,-16.03074140978642,126.76718299298844]","[479.9810632313378,159.6193092932333,273.79092466103]","[true,false,true]",0.0027435720838319693
high,32,Raw-data NPE,"[0.75,0.75,0.75]","[471.3471699409359,199.07081839552737,261.99757352745445]","[0.5022345377927457,0.504478884322746,0.49094381785500607]","[341.89702485710524,65.72108446601267,190.6543636599432]","[-129.45014508383065,-133.34973392951468,-71.34320986751126]","[77.90885255162581,52.92591398554281,43.564661156342865]","[228.69764836510325,-22.992764484336394,127.35409341319962]","[487.1475289819116,151.17557294935096,272.36352406608063]","[true,false,true]",0.0029913898268146277
high,33,Raw-data NPE,"[0.75,0.75,0.75]","[471.3471699409359,199.07081839552737,261.99757352745445]","[0.49186291260420767,0.5089776102898681,0.507216788170115]","[336.9633109145373,70.07008723036023,191.88433541423896]","[-134.38385902639857,-129.00073116516714,-70.11323811321549]","[76.9277824268112,53.24718336915781,43.6936857418961]","[224.24736921171768,-20.611539595045084,126.69805415546101]","[480.8838332566073,155.5485198405297,272.0002891365752]","[true,false,true]",0.002898128932058538
high,34,Raw-data NPE,"[0.75,0.75,0.75]","[471.3471699409359,199.07081839552737,261.99757352745445]","[0.5124565509328719,0.48735538736257256,0.49763524408803333]","[347.1737930330961,67.05659979985046,186.1706038038615]","[-124.17337690783978,-132.0142185956769,-75.82696972359295]","[80.25621638901337,52.87365879082717,42.81236907630374]","[228.41517919094127,-22.347335639262887,124.41884760853748]","[494.8150343940111,151.30386875414757,267.84874849351604]","[true,false,true]",0.0030139784157894264
high,35,Raw-data NPE,"[0.75,0.75,0.75]","[471.3471699409359,199.07081839552737,261.99757352745445]","[0.5184262363648184,0.5051513884364415,0.4858286181640196]","[349.65322095116005,64.40393903590272,190.8848473393666]","[-121.69394898977583,-134.66687935962466,-71.11272618808786]","[78.83070725981042,53.76764173032322,43.67420932002444]","[232.87273962999893,-25.858974599768587,126.76097690221873]","[493.2755185393522,151.91019656052507,271.2226800713897]","[true,false,true]",0.002948737924818446
high,36,Raw-data NPE,"[0.75,0.75,0.75]","[471.3471699409359,199.07081839552737,261.99757352745445]","[0.496832231969907,0.4964510793323734,0.5410017600817196]","[339.3760478399029,80.14837894361564,188.41034686799972]","[-131.97112210103296,-118.92243945191173,-73.58722665945473]","[77.64312556816233,53.173428513129366,42.571962246979794]","[226.85350337274394,-13.50459560926366,126.72767266451602]","[484.51247506607274,164.45272551060864,268.95463015198277]","[true,false,true]",0.0027362099080618005
high,37,Raw-data NPE,"[0.75,0.75,0.75]","[471.3471699409359,199.07081839552737,261.99757352745445]","[0.5023203143149052,0.4946316526803998,0.49690211531821205]","[342.25712294032434,66.76340924854566,188.117860190172]","[-129.09004700061155,-132.3074091469817,-73.87971333728245]","[79.3313785468348,54.06069990386303,43.36216591498641]","[226.5337416763239,-24.354645412613355,126.35873200669701]","[489.3483461324221,153.008065397205,268.97314096689007]","[true,false,true]",0.003040365886649665
high,38,Raw-data NPE,"[0.75,0.75,0.75]","[471.3471699409359,199.07081839552737,261.99757352745445]","[0.49135725515493334,0.4996042893976347,0.5002436589399908]","[336.8521058869199,67.97064014795679,189.32710729760706]","[-134.49506405401598,-131.10017824757057,-72.67046622984739]","[77.4195530362377,52.832683230690805,42.97403935294362]","[225.521463825327,-18.467813567185704,126.28009050134507]","[481.1469594689843,153.95164993512572,269.73185180578616]","[true,false,true]",0.0030237653558284595
high,39,Raw-data NPE,"[0.75,0.75,0.75]","[471.3471699409359,199.07081839552737,261.99757352745445]","[0.48417083191575255,0.5043174725134772,0.5066703737636532]","[333.3091673907875,69.44016308819235,190.44609499913173]","[-138.0380025501484,-129.63065530733502,-71.55147852832272]","[76.16168043248358,52.714735898828465,42.67725731356417]","[225.47218802696983,-22.829642942253354,127.79485299095518]","[477.08957329808874,152.7276426267649,269.0977869256172]","[true,false,true]",0.0029878162188211863
high,40,Raw-data NPE,"[0.75,0.75,0.75]","[471.3471699409359,199.07081839552737,261.99757352745445]","[0.5003898697873981,0.516408842080908,0.5082907115115353]","[341.41302644312213,71.60891159656168,193.7732489543559]","[-129.93414349781375,-127.46190679896569,-68.22432457309856]","[79.35475511770746,53.61345439065338,43.50740112262071]","[224.78766977049736,-19.410868264840808,128.34157374059117]","[488.8657241067861,157.53009438132844,272.9009898911711]","[true,false,true]",0.002755127989007233
high,41,Raw-data NPE,"[0.75,0.75,0.75]","[471.3471699409359,199.07081839552737,261.99757352745445]","[0.4781035316648992,0.5044188667149841,0.527723838450332]","[330.7586125048851,75.39180862251119,190.6429612641271]","[-140.5885574360508,-123.67900977301618,-71.35461226332734]","[76.94066507564473,52.29252310818904,43.51064899020224]","[222.32071768115276,-15.070104209227908,127.60911434042693]","[473.7688815360255,156.96441436055522,271.60328417256835]","[true,false,true]",0.0028834578969404935
high,42,Raw-data NPE,"[0.75,0.75,0.75]","[471.3471699409359,199.07081839552737,261.99757352745445]","[0.5326620916893374,0.5347227057847895,0.49329504150920284]","[356.8059946024607,69.08220767122366,198.75056657723886]","[-114.54117533847517,-129.98861072430373,-63.24700695021559]","[80.52925380662187,55.35941431396647,44.09773413841853]","[231.96868742446145,-24.879246311315526,130.0958108540005]","[502.34081659425624,158.29789928532776,278.35833780595544]","[true,false,true]",0.002589780849106208
high,43,Raw-data NPE,"[0.75,0.75,0.75]","[471.3471699409359,199.07081839552737,261.99757352745445]","[0.5090732952586038,0.4963132859836632,0.5052352278678696]","[345.26447248137504,69.8445031369446,188.53756525131107]","[-126.08269745956085,-129.22631525858276,-73.46000827614338]","[78.7248229977974,53.230383202765665,43.37054808186358]","[228.77992182002762,-20.751478272544972,125.928734563449]","[491.0149056728926,154.27058053887913,271.24853603334316]","[true,false,true]",0.0028838359183267132
high,44,Raw-data NPE,"[0.75,0.75,0.75]","[471.3471699409359,199.07081839552737,261.99757352745445]","[0.4995680108326948,0.5561866865829166,0.48235118417043704]","[340.73073113980774,64.96457906397109,204.44146221809712]","[-130.61643880112814,-134.10623933155628,-57.556111309357334]","[78.07874350674223,55.75857386000786,43.489699805262866]","[226.2103582789643,-28.063023750972626,135.54624985828957]","[484.65229392604874,157.35798798296068,281.0103301469427]","[true,false,true]",0.002789671497597455
high,45,Raw-data NPE,"[0.75,0.75,0.75]","[471.3471699409359,199.07081839552737,261.99757352745445]","[0.5232429776437868,0.5130930287444193,0.5274136363202387]","[352.183966517653,78.49970867316165,192.96249142411688]","[-119.16320342328288,-120.57110972236572,-69.03508210333757]","[79.90189521766287,53.61104547636617,43.79385990569386]","[230.48440998457323,-15.32823305781914,127.57447989043757]","[499.27086725759386,162.44697034535466,272.9120633938016]","[true,false,true]",0.0024721195884775927
high,46,Raw-data NPE,"[0.75,0.75,0.75]","[471.3471699409359,199.07081839552737,261.99757352745445]","[0.49050571701500983,0.538050385310098,0.5074549325162763]","[336.4742121580602,71.95009396109806,199.6389405479825]","[-134.8729577828757,-127.1207244344293,-62.35863297947196]","[77.53570851986115,54.92771427814018,44.16818373923004]","[224.5495558863712,-22.116537791807954,131.73006547106505]","[481.6532624059502,159.45648596558254,277.789622050546]","[true,false,true]",0.0026966780007870897
high,47,Raw-data NPE,"[0.75,0.75,0.75]","[471.3471699409359,199.07081839552737,261.99757352745445]","[0.51306456498063,0.4869896052397099,0.5163888821472679]","[347.13573209701246,73.35478707548913,186.13580960295462]","[-124.21143784392342,-125.71603132003824,-75.86176392449983]","[78.76850252739544,52.09561894462705,43.10403851406759]","[229.07788781633096,-16.55340548807494,124.91515289433241]","[490.295194129726,155.89868351689697,267.7299197252334]","[true,false,true]",0.0028328632547114773
high,48,Raw-data NPE,"[0.75,0.75,0.75]","[471.3471699409359,199.07081839552737,261.99757352745445]","[0.4953296624075075,0.49678711276446447,0.5131403598213654]","[338.88511186375416,71.87275895173704,188.81618782250573]","[-132.46205807718172,-127.19805944379033,-73.18138570494872]","[78.6156252106536,53.565816587934094,44.09675516303874]","[225.47645659248468,-19.075712447736652,125.99384045590772]","[487.3156121061664,157.92659682685385,271.0966967278917]","[true,false,true]",0.0029225055579496094
high,49,Raw-data NPE,"[0.75,0.75,0.75]","[471.3471699409359,199.07081839552737,261.99757352745445]","[0.49055381959886235,0.5018794265082948,0.5250298769701968]","[336.49749040224026,75.26651439074934,190.08224638806874]","[-134.84967953869563,-123.80430400477803,-71.91532713938571]","[77.4940503742355,52.612800653040736,43.846885193149966]","[224.52211114326508,-16.228644494337697,125.47571518781618]","[481.0647468281612,158.49018113770268,272.36277345606675]","[true,false,true]",0.002824935100212905
high,50,Raw-data NPE,"[0.75,0.75,0.75]","[471.3471699409359,199.07081839552737,261.99757352745445]","[0.4767967210380175,0.5066434520835466,0.5094482237441191]","[329.89909345661175,70.18658754475751,191.32879962732954]","[-141.44807648432413,-128.88423085076985,-70.6687739001249]","[75.63179385636562,52.9649298356336,44.040622832451106]","[223.46399118533316,-20.006322536331446,126.12608345102626]","[471.9456359667315,154.56001093351804,273.82687503353316]","[true,false,true]",0.0030123026246744213
high,51,Raw-data NPE,"[0.75,0.75,0.75]","[471.3471699409359,199.07081839552737,261.99757352745445]","[0.5129619203871992,0.4928425500137063,0.49166240448743165]","[347.23878052717413,65.60707072179889,187.7349206079656]","[-124.10838941376176,-133.46374767372848,-74.26265291948886]","[79.36790757869765,53.130481130684274,43.57781921490715]","[228.15736843412898,-23.232261071512987,125.06101566837532]","[495.9007622711602,152.05586861723805,268.137526556262]","[true,false,true]",0.0030197454808379895
high,52,Raw-data NPE,"[0.75,0.75,0.75]","[471.3471699409359,199.07081839552737,261.99757352745445]","[0.49735673193217644,0.5599318895092701,0.5327500548153503]","[339.6643363462154,80.92527222590114,205.47728910999578]","[-131.68283359472048,-118.14554616962623,-56.52028441745867]","[77.72761044775008,55.02817936185982,43.39939035673642]","[225.64162901970403,-16.346446932362383,134.8922508932694]","[483.53955170826424,167.6350363227382,280.8811168828165]","[true,false,true]",0.00229949549671823
high,53,Raw-data NPE,"[0.75,0.75,0.75]","[471.3471699409359,199.07081839552737,261.99757352745445]","[0.47931678781560194,0.5180736339970373,0.513859120077679]","[331.1955577782829,72.01158503039619,194.12628538296931]","[-140.151612162653,-127.05923336513118,-67.87128814448513]","[76.56916328010365,52.48039874661984,43.14296307117078]","[223.00439806451934,-18.01046525828068,128.00926986370658]","[480.3631932936101,155.79323722679587,272.75722862708494]","[true,false,true]",0.002860886686040171
high,54,Raw-data NPE,"[0.75,0.75,0.75]","[471.3471699409359,199.07081839552737,261.99757352745445]","[0.4731463768931425,0.5123632653560282,0.5130286682555281]","[328.5794639695553,71.299089423954,192.82940667686262]","[-142.76770597138056,-127.77172897157337,-69.16816685059183]","[76.94947187752032,53.09783793267578,43.93914854616546]","[220.49237669731772,-19.274013218697796,126.84721394159908]","[473.38767086123744,157.28711220201532,272.5247619363856]","[true,false,true]",0.0029731056009423104
high,55,Raw-data NPE,"[0.75,0.75,0.75]","[471.3471699409359,199.07081839552737,261.99757352745445]","[0.501218028278351,0.5125295669276949,0.4809465812167602]","[341.4286460104112,62.65241926575484,192.77072077190513]","[-129.91852393052466,-136.41839912977252,-69.22685275554932]","[77.821531886934,53.438005992412954,43.60255444206637]","[226.92656091214724,-25.104842692807935,128.27565060316203]","[483.8985617563151,148.30304480485202,274.21025293250153]","[true,false,true]",0.003051773954717602
high,56,Raw-data NPE,"[0.75,0.75,0.75]","[471.3471699409359,199.07081839552737,261.99757352745445]","[0.5116199386473281,0.5103018480861325,0.4717342440419493]","[346.5883103666767,60.199265655288784,192.25187836118053]","[-124.75885957425919,-138.8715527402386,-69.74569516627392]","[79.36274136045074,54.22169259781764,43.8457209404693]","[227.9759832619443,-28.745221417964377,127.86256831834778]","[492.78537548567624,148.11636171179975,272.8841802572684]","[true,false,true]",0.003115880373399845
high,57,Raw-data NPE,"[0.75,0.75,0.75]","[471.3471699409359,199.07081839552737,261.99757352745445]","[0.5205535912814263,0.4960084163263745,0.5182758533404437]","[350.682759663426,74.6448342032275,188.5784145473606]","[-120.66441027750989,-124.42598419229986,-73.41915898009384]","[78.9456813456603,53.14859076378092,43.87694678359163]","[233.28134963914633,-18.13736785194085,126.26215046079527]","[493.27280357382114,160.06797700383487,270.6454778272264]","[true,false,true]",0.0026993949104593307
high,58,Raw-data NPE,"[0.75,0.75,0.75]","[471.3471699409359,199.07081839552737,261.99757352745445]","[0.49554106558256117,0.4998954834410559,0.5534606933078821]","[338.89529032886276,84.0920254938091,189.4403153128833]","[-132.45187961207313,-114.97879290171826,-72.55725821457114]","[78.1081495238769,51.65328410697122,43.27494133198541]","[225.77536093601836,-9.200221648901648,126.45363955943374]","[486.5679898495908,163.7338700997537,269.7469879122659]","[true,false,true]",0.0026377370814800387
high,59,Raw-data NPE,"[0.75,0.75,0.75]","[471.3471699409359,199.07081839552737,261.99757352745445]","[0.4958721089301956,0.49489452061508565,0.515164526150529]","[338.8373132397214,72.3152075212777,188.3294569184447]","[-132.50985670121446,-126.75561087424967,-73.66811660900976]","[77.20620353596942,53.314131610352085,44.01494445060096]","[226.80253113261475,-18.100336337297946,125.21555065765372]","[482.4580239232465,158.53824175458308,270.8994657140264]","[true,false,true]",0.0029166075602617453
high,60,Raw-data NPE,"[0.75,0.75,0.75]","[471.3471699409359,199.07081839552737,261.99757352745445]","[0.45664468551264337,0.5653344686892985,0.4971447084419713]","[321.018983927276,68.11784262409589,207.14984814755007]","[-150.3281860136599,-130.95297577143148,-54.847725379904375]","[75.36370513070314,54.78587271780974,44.19652151409817]","[218.26634746379995,-23.793385915085118,136.96919103668367]","[467.6588142853512,157.90329675890092,284.02192979810866]","[false,false,true]",0.0029010959793135684
high,61,Raw-data NPE,"[0.75,0.75,0.75]","[471.3471699409359,199.07081839552737,261.99757352745445]","[0.5042043895255431,0.49286891436467434,0.5079380320010607]","[343.12144791793605,70.44045540080165,187.62749403124883]","[-128.22572202299983,-128.63036299472571,-74.37007949620562]","[79.47364142949712,52.191189204479876,43.073782107586325]","[228.01096656719665,-17.738714721394363,124.75618560163657]","[493.2934349044632,153.99440687198845,266.98912372657446]","[true,false,true]",0.0029158178206010904
high,62,Raw-data NPE,"[0.75,0.75,0.75]","[471.3471699409359,199.07081839552737,261.99757352745445]","[0.5196749822051595,0.49520472148057015,0.504923893334813]","[350.5233066082424,70.61985301796793,188.30579045677692]","[-120.82386333269346,-128.45096537755944,-73.69178307067753]","[79.87446735080665,53.22057290498062,43.54692349692907]","[230.7331683961906,-19.584909599315182,125.64196753148236]","[493.94693638504896,157.58375763583282,269.7637759406063]","[true,false,true]",0.002814201369184088
high,63,Raw-data NPE,"[0.75,0.75,0.75]","[471.3471699409359,199.07081839552737,261.99757352745445]","[0.4971424062867183,0.5024461065011508,0.5066578562627421]","[339.4318684661959,70.06239115748384,190.15197964787725]","[-131.91530147473998,-129.0084272380435,-71.8455938795772]","[77.37365447867394,52.95523888065113,43.5251770759797]","[227.6815258711063,-20.739490237342277,125.96029143166874]","[484.80111507726014,155.08585013109771,270.26500640188027]","[true,false,true]",0.0029069388988419743
high,64,Raw-data NPE,"[0.75,0.75,0.75]","[471.3471699409359,199.07081839552737,261.99757352745445]","[0.48456000518789194,0.49406596626496346,0.516358371802995]","[333.81154544001436,72.04675762324513,187.8762938964484]","[-137.53562450092153,-127.02406077228224,-74.12127963100605]","[77.67898844844436,52.13612019430094,42.853161218241596]","[224.13829651457365,-17.480443344801202,125.96013030974856]","[479.1762577626065,154.03843425273962,268.31534939364053]","[true,false,true]",0.0029983533620322207
high,65,Raw-data NPE,"[0.75,0.75,0.75]","[471.3471699409359,199.07081839552737,261.99757352745445]","[0.47491435670492554,0.5150117700321711,0.5213713777714072]","[329.10000708484984,73.90895931981139,193.41892753996294]","[-142.24716285608605,-125.16185907571598,-68.57864598749151]","[76.03618537341396,52.45383524765786,43.534044392341514]","[223.1403495053558,-18.353747526224836,127.86672328050254]","[474.7368994053095,157.2976005423712,272.0874874644622]","[true,false,true]",0.002870407990733964
high,66,Raw-data NPE,"[0.75,0.75,0.75]","[471.3471699409359,199.07081839552737,261.99757352745445]","[0.4773867067098594,0.5014341550223328,0.5382013474633623]","[330.4762982111144,78.35253339090389,189.86127132057007]","[-140.8708717298215,-120.71828500462348,-72.13630220688438]","[77.08488245394847,51.426179917350105,43.28308350865171]","[222.38474574707956,-13.720759471513123,125.35448454591142]","[476.8443871733414,157.82936637586613,270.04326669227913]","[true,false,true]",0.0028613657228678258
high,67,Raw-data NPE,"[0.75,0.75,0.75]","[471.3471699409359,199.07081839552737,261.99757352745445]","[0.5147534945898314,0.49509475720924156,0.5017958741303674]","[347.89858988597086,68.93362803775028,188.38997547247618]","[-123.44858005496502,-130.1371903577771,-73.60759805497827]","[78.55800569849765,53.64282988946012,44.03952757791751]","[229.39463689673175,-22.1311741610769,124.73972866364102]","[488.4971200931133,154.36723882269337,270.2659880820792]","[true,false,true]",0.00289231977413301
high,68,Raw-data NPE,"[0.75,0.75,0.75]","[471.3471699409359,199.07081839552737,261.99757352745445]","[0.5151007839801311,0.49151543462273484,0.5044643904116505]","[347.85900913161913,69.73124053745126,187.32839690968183]","[-123.48816080931675,-129.3395778580761,-74.66917661777262]","[77.62678090591606,53.95380583065902,43.38600751743086]","[231.40692787246238,-19.92868784980565,125.42338721478046]","[489.35966749583946,156.1885408524163,268.8699173193811]","[true,false,true]",0.002900505371220607
high,69,Raw-data NPE,"[0.75,0.75,0.75]","[471.3471699409359,199.07081839552737,261.99757352745445]","[0.5096824342288641,0.5282549959299377,0.5616403442868029]","[345.78317829386026,89.3525443189434,197.07434679723633]","[-125.56399164707562,-109.71827407658397,-64.92322673021812]","[79.81210529836014,52.76697427164975,44.346069527169796]","[229.66919599926877,-5.471690210554319,130.05824044301022]","[493.2961925646088,169.84054649872718,277.7121581211163]","[true,false,true]",0.0022383241453646763
high,70,Raw-data NPE,"[0.75,0.75,0.75]","[471.3471699409359,199.07081839552737,261.99757352745445]","[0.5125560398963488,0.4977619686562661,0.4922731395708969]","[347.02773780360457,65.962440458943,189.07045360609126]","[-124.31943213733132,-133.10837793658436,-72.92711992136319]","[79.38523808152783,53.860817634109004,44.103002492637124]","[228.74674708006518,-24.31839842418792,125.7279240178924]","[492.7778399138947,151.30677470793367,271.91274813933563]","[true,false,true]",0.0029807789616202902
high,71,Raw-data NPE,"[0.75,0.75,0.75]","[471.3471699409359,199.07081839552737,261.99757352745445]","[0.4862672249648128,0.5012141235228548,0.5188186218081887]","[334.41109031826954,73.08427683761886,189.8867820242925]","[-136.93607962266634,-125.98654155790851,-72.11079150316195]","[76.78570379987487,52.47315218844785,43.70157216029097]","[224.66039767899682,-15.53410523660925,126.20296280336137]","[478.33768561336035,156.12933553093166,271.2666261288258]","[true,false,true]",0.002912516790607045
high,72,Raw-data NPE,"[0.75,0.75,0.75]","[471.3471699409359,199.07081839552737,261.99757352745445]","[0.47830285759097835,0.4946324613989838,0.5272608991392582]","[330.9354133620014,74.88945191353176,188.05815851697884]","[-140.4117565789345,-124.18136648199561,-73.93941501047561]","[77.53104952247158,52.329849128404845,42.90822453765869]","[222.4873644229487,-15.623773202296983,125.00237667366646]","[481.57674196690994,157.6928293196532,267.0196273019396]","[true,false,true]",0.0029811556078301778
high,73,Raw-data NPE,"[0.75,0.75,0.75]","[471.3471699409359,199.07081839552737,261.99757352745445]","[0.5149445557187377,0.4935093796036729,0.4983664702877261]","[348.2030334226424,68.03921257270247,188.07011578670418]","[-123.14413651829346,-131.0316058228249,-73.92745774075027]","[79.7984822631854,53.38093712956042,44.423884187443456]","[231.43905130410334,-21.697067736643287,123.96509467422972]","[495.5536843601427,154.58888859460114,272.85785907350095]","[true,false,true]",0.002928171978457237
high,74,Raw-data NPE,"[0.75,0.75,0.75]","[471.3471699409359,199.07081839552737,261.99757352745445]","[0.520221034712815,0.5033820537677002,0.487652031603707]","[350.31960446695786,65.09624325339327,190.25826873480176]","[-121.02756547397803,-133.97457514213409,-71.73930479265269]","[77.93169552828562,53.82438736894953,42.840790850236594]","[232.09634090691137,-25.420359620488753,126.85016693111103]","[492.99907171385587,149.8553399567446,270.18159208614276]","[true,false,true]",0.0029302077369154043
high,75,Raw-data NPE,"[0.75,0.75,0.75]","[471.3471699409359,199.07081839552737,261.99757352745445]","[0.4849755347299826,0.5157245511675902,0.5146233782537615]","[333.4925191647323,72.72900693641184,193.45854784521694]","[-137.85465077620358,-126.34181145911553,-68.53902568223751]","[75.29897916975456,53.31491243175992,42.92490422307606]","[224.59699852679438,-17.25584894672302,129.36551921182968]","[472.51944804878957,158.60942138621186,271.40872508210356]","[true,false,true]",0.00282662495313778
high,76,Raw-data NPE,"[0.75,0.75,0.75]","[471.3471699409359,199.07081839552737,261.99757352745445]","[0.5179476762511448,0.48337621446096785,0.5017776673339607]","[349.6778393039757,68.82438348544078,185.37536394845964]","[-121.66933063696018,-130.24643491008658,-76.62220957899481]","[79.93036359545317,53.42746836213269,43.67035625447719]","[230.33713772253412,-23.080222772129325,123.42788098184643]","[496.91313352935117,156.168564757062,266.99492181788935]","[true,false,true]",0.0029673799966166794
high,77,Raw-data NPE,"[0.75,0.75,0.75]","[471.3471699409359,199.07081839552737,261.99757352745445]","[0.4862043910284361,0.48959778153069494,0.5572517656061926]","[334.4745639099777,83.83952825768756,186.88545785501537]","[-136.8726060309582,-115.2312901378398,-75.11211567243907]","[77.33897296940434,50.79175603771126,43.46834270663942]","[224.04163727756782,-6.891992368069669,124.26058988285185]","[480.1683056844787,162.5745178127213,268.8220993618996]","[true,false,true]",0.0028053262603577856
high,78,Raw-data NPE,"[0.75,0.75,0.75]","[471.3471699409359,199.07081839552737,261.99757352745445]","[0.49181015409079765,0.4965606873642852,0.5420452897262132]","[336.90195180170883,80.06656903733125,188.62429244578843]","[-134.44521813922705,-119.00424935819612,-73.37328108166602]","[76.84047469057283,52.051572146237895,43.44390376513898]","[225.40375605916645,-12.730307021485746,125.76661911230144]","[480.0546968543997,159.89254059881492,270.25227381530823]","[true,false,true]",0.0027613619294297406
high,79,Raw-data NPE,"[0.75,0.75,0.75]","[471.3471699409359,199.07081839552737,261.99757352745445]","[0.5233019774433216,0.4875852068775498,0.5220157677358164]","[351.97928585292374,75.49703515569226,186.24210944619247]","[-119.36788408801215,-123.57378323983511,-75.75546408126198]","[78.82776406794972,52.69953996990298,42.843456256900176]","[232.63727306568887,-15.795284158533326,124.14821784650412]","[493.9599305601342,159.69313950598135,268.78222555964203]","[true,false,true]",0.002722981077634619
high,80,Raw-data NPE,"[0.75,0.75,0.75]","[471.3471699409359,199.07081839552737,261.99757352745445]","[0.4868150600783111,0.5115578009715636,0.4934298243978681]","[334.6843458517167,66.09462548122578,192.4595626236511]","[-136.66282408921916,-132.97619291430158,-69.53801090380335]","[76.85418121544237,53.232646682591636,43.442164203375235]","[223.00969506740498,-23.317851569177627,128.16624254153572]","[478.059261963782,151.89660266570917,273.8418344118055]","[true,false,true]",0.0030312486644618387
high,81,Raw-data NPE,"[0.75,0.75,0.75]","[471.3471699409359,199.07081839552737,261.99757352745445]","[0.4930924075205843,0.5228586914743367,0.5232839964950706]","[338.1556488205128,76.03446704598963,195.50880647142213]","[-133.1915211204231,-123.03635134953774,-66.48876705603232]","[79.85541308241976,53.407576543390896,43.73877299746693]","[225.13927590951536,-15.51003457843574,129.37397015991928]","[485.7288754155629,159.37559630246201,276.1655501005268]","[true,false,true]",0.00265050101962069
high,82,Raw-data NPE,"[0.75,0.75,0.75]","[471.3471699409359,199.07081839552737,261.99757352745445]","[0.4996004121690123,0.5116789918018749,0.496003959603075]","[340.7189536486104,67.1890562823191,192.44348307257053]","[-130.62821629232548,-131.88176211320825,-69.55409045488392]","[78.08629165041556,53.459491405898824,43.05492283117356]","[227.06180774403103,-22.276558390506274,127.9966382549014]","[487.45973877822354,154.22505897023962,270.7387055248947]","[true,false,true]",0.002918229634093338
high,83,Raw-data NPE,"[0.75,0.75,0.75]","[471.3471699409359,199.07081839552737,261.99757352745445]","[0.48357016391036084,0.5134628255512261,0.5244842334613696]","[332.78124774614963,75.20732887259784,193.23387564813768]","[-138.56592219478625,-123.86348952292953,-68.76369787931677]","[74.89819314877504,52.26921393921094,44.59933040622434]","[224.73459000188987,-16.647935074131333,126.94754526056569]","[473.9297514325625,157.0186578297838,275.2376946636475]","[true,false,true]",0.002784987807736688
high,84,Raw-data NPE,"[0.75,0.75,0.75]","[471.3471699409359,199.07081839552737,261.99757352745445]","[0.48589924123493466,0.49722334865771234,0.5241076216038425]","[334.28895202519715,74.29587758767715,188.8864288458124]","[-137.05821791573874,-124.77494080785021,-73.11114468164206]","[77.2201465861477,51.765800370426426,43.820171104642576]","[224.08971928770336,-14.974969177681668,125.52004383986318]","[480.1004047290307,156.23290964210312,272.77606227084976]","[true,false,true]",0.0029051743648573322
high,85,Raw-data NPE,"[0.75,0.75,0.75]","[471.3471699409359,199.07081839552737,261.99757352745445]","[0.4770159338815888,0.5366074973631997,0.49305795781439465]","[329.93198148333283,66.39893015698324,199.16248751557313]","[-141.41518845760305,-132.6718882385441,-62.835086011881316]","[75.17653192084343,53.962527084324044,43.72504072626629]","[222.07610484650672,-24.44186806651809,131.64858068351143]","[471.0785205182344,153.48676512346833,278.1143141171085]","[false,false,true]",0.0029469998944589436
high,86,Raw-data NPE,"[0.75,0.75,0.75]","[471.3471699409359,199.07081839552737,261.99757352745445]","[0.5269303266063072,0.5038097568022043,0.47847755745043813]","[354.0570016714557,62.69802577547394,190.47665759416844]","[-117.2901682694802,-136.37279262005342,-71.520915933286]","[80.3793217054005,54.17739983179088,43.37735950196353]","[231.56704504253184,-26.557349442519886,126.22583840103775]","[498.5807184372424,152.19754244557086,270.5816515793402]","[true,false,true]",0.002991166723818966
high,87,Raw-data NPE,"[0.75,0.75,0.75]","[471.3471699409359,199.07081839552737,261.99757352745445]","[0.5033830805723851,0.528753973220184,0.48127572110799766]","[342.65389707243855,63.735636991364,197.125996537886]","[-128.69327286849733,-135.33518140416336,-64.87157698956844]","[78.81694105113769,54.060860511678875,43.97397929780869]","[226.678274480082,-27.273850935609897,130.15405052264023]","[486.3562210922254,152.96306861880026,275.23656670557057]","[true,false,true]",0.0029260104431933346
high,88,Raw-data NPE,"[0.75,0.75,0.75]","[471.3471699409359,199.07081839552737,261.99757352745445]","[0.5100752369798756,0.4866712496115529,0.49782008925882576]","[345.6120541879234,67.25681430996632,185.85796702497902]","[-125.73511575301251,-131.81400408556107,-76.13960650247543]","[78.2156720437573,52.34755082528982,42.13357981699363]","[231.12649525160808,-20.0497101328769,125.95679134269677]","[490.78902576835225,151.6247311940424,265.479483689798]","[true,false,true]",0.0030148174391033296
high,89,Raw-data NPE,"[0.75,0.75,0.75]","[471.3471699409359,199.07081839552737,261.99757352745445]","[0.5044742401705822,0.49324453782262306,0.5071326169930984]","[342.886709069077,70.21500352807607,187.79451786418554]","[-128.46046087185886,-128.8558148674513,-74.20305566326891]","[77.69187052580328,53.288875941573075,43.37100156064896]","[226.9964779345221,-20.223724350776987,125.01928415772615]","[489.04408733344405,154.80948522805676,267.898426907031]","[true,false,true]",0.002930433363954314
high,90,Raw-data NPE,"[0.75,0.75,0.75]","[471.3471699409359,199.07081839552737,261.99757352745445]","[0.5201941462413578,0.5232096122741982,0.500629354788394]","[350.5853941166875,70.21079567777558,195.64955122957167]","[-120.76177582424839,-128.8600227177518,-66.34802229788278]","[79.22143398353963,54.99497899239621,44.00821933629438]","[232.29920052955757,-22.328827121845027,130.12040418760537]","[494.7982356310761,158.21380236354545,275.5185440107922]","[true,false,true]",0.0026640386041047524
high,91,Raw-data NPE,"[0.75,0.75,0.75]","[471.3471699409359,199.07081839552737,261.99757352745445]","[0.5080099634065316,0.4971883278688536,0.5003797470324182]","[344.7022397326563,68.36156254227146,188.77526354388132]","[-126.64493020827956,-130.7092558532559,-73.22230998357313]","[78.37322963806241,53.31386244877724,43.37720825120401]","[228.80636691702864,-21.516160632759025,125.93208615829501]","[489.4815938815569,153.854522578007,269.16563633378655]","[true,false,true]",0.002930213574073753
high,92,Raw-data NPE,"[0.75,0.75,0.75]","[471.3471699409359,199.07081839552737,261.99757352745445]","[0.5140059040163939,0.49619157658506846,0.4976758593072118]","[347.76106521397236,67.75352531974612,188.66005430307598]","[-123.58610472696353,-131.31729307578127,-73.33751922437847]","[79.7245849207277,53.30840353644221,44.01784528803536]","[231.2406883557578,-21.551335388909987,125.81773956456372]","[493.80390089707197,153.0578631873591,272.07401391915823]","[true,false,true]",0.002926743106012299
high,93,Raw-data NPE,"[0.75,0.75,0.75]","[471.3471699409359,199.07081839552737,261.99757352745445]","[0.45869376549016827,0.5044161445240292,0.5635106305001556]","[321.60195540553156,84.57523900857043,190.56686944094497]","[-149.74521453540433,-114.49557938695693,-71.43070408650948]","[74.07278122598217,50.67545452452491,43.07066941683536]","[219.05572452609505,-7.198418829683361,127.01073095342764]","[462.17477986936706,160.489984981436,270.4349337144696]","[false,false,true]",0.0029184253138394792
high,94,Raw-data NPE,"[0.75,0.75,0.75]","[471.3471699409359,199.07081839552737,261.99757352745445]","[0.5190594486989266,0.5273166601407667,0.49416516937918953]","[349.9117960323537,68.31664843718598,196.6623682572047]","[-121.43537390858216,-130.75416995834138,-65.33520527024976]","[78.79398467332807,54.372803575038674,43.661769974254106]","[231.97846151530558,-23.51197574498006,130.9720279333952]","[495.45977606872304,155.38198048869918,275.48621608026906]","[true,false,true]",0.002699030125830317
high,95,Raw-data NPE,"[0.75,0.75,0.75]","[471.3471699409359,199.07081839552737,261.99757352745445]","[0.5097380018633384,0.49787796073725205,0.5183264469379233]","[345.57129695413835,73.9091808247442,188.93344710297336]","[-125.77587298679754,-125.16163757078317,-73.06412642448109]","[78.58392980093454,53.37478213290601,43.26396846297487]","[227.87340978575585,-19.38014961398395,125.93044272435299]","[488.8303463475544,156.57489790531878,268.5212724138803]","[true,false,true]",0.002770037502466648
high,96,Raw-data NPE,"[0.75,0.75,0.75]","[471.3471699409359,199.07081839552737,261.99757352745445]","[0.5167473240251459,0.5178495516963447,0.4927012779559277]","[348.9343018495085,67.28456910295068,194.2322645662334]","[-122.41286809142741,-131.78624929257668,-67.76530896122105]","[79.21303572618487,54.86500960973179,44.02932836967228]","[231.81406638021687,-25.93413321834938,129.31937995145162]","[494.47660858993385,155.97870657931458,275.36398482460623]","[true,false,true]",0.0027988792243026244
high,97,Raw-data NPE,"[0.75,0.75,0.75]","[471.3471699409359,199.07081839552737,261.99757352745445]","[0.49974462888820964,0.49294483259071314,0.5182531962514452]","[340.83879147377013,73.26519623922509,187.61794569407516]","[-130.50837846716576,-125.80562215630228,-74.37962783337929]","[78.09362231528111,52.730282317094144,43.0670111979649]","[225.33921574089018,-17.432351078227256,126.38468623211706]","[486.86090677821755,157.95147841877,269.48584079370073]","[true,false,true]",0.0028731433322954102
high,98,Raw-data NPE,"[0.75,0.75,0.75]","[471.3471699409359,199.07081839552737,261.99757352745445]","[0.47912327997023296,0.5606691889244048,0.4872522827192702]","[331.41001248663895,65.648108671119,205.73427581343577]","[-139.93715745429694,-133.42270972440838,-56.26329771401868]","[77.8490106062964,54.64416354266544,43.773799338894534]","[221.63058341215924,-25.49266024964614,137.52182495939425]","[480.97287579296693,154.447055285924,281.7954443925886]","[true,false,true]",0.002850554703106784
high,99,Raw-data NPE,"[0.75,0.75,0.75]","[471.3471699409359,199.07081839552737,261.99757352745445]","[0.500209634576684,0.5203882005129832,0.5053400214297995]","[341.27628715930814,70.75582727737468,194.8723649541394]","[-130.07088278162774,-128.3149911181527,-67.12520857331504]","[79.26723690034302,54.81206996336525,43.80862200942956]","[226.2906972158943,-23.093589274310542,129.0660820146909]","[489.42705017099576,158.78994901976117,274.6579708608125]","[true,false,true]",0.0027729322209203537
high,0,Raw-data FSM,"[0.75,0.75,0.75]","[471.3471699409359,199.07081839552737,261.99757352745445]","[0.7537833563333743,0.7424545335918664,0.7500995955812948]","[474.93165683250027,198.7359497776716,260.1945506197123]","[3.5844868915643815,-0.3348686178557614,-1.803022907742161]","[31.782049191412394,18.911496427305394,21.729214819920553]","[421.4069033686971,168.08252509131123,220.05532616650257]","[526.1541851518934,229.64765283899183,291.61294758584813]","[true,true,true]",2.221536726634008e-06
high,1,Raw-data FSM,"[0.75,0.75,0.75]","[471.3471699409359,199.07081839552737,261.99757352745445]","[0.5711688141106073,0.715980277015567,0.701999968349934]","[368.5989675889145,157.60157728938216,250.89217701707477]","[-102.7482023520214,-41.469241106145205,-11.105396510379677]","[34.75987954741069,21.368623014594313,22.94092465774118]","[314.4109776866734,122.64877475452532,209.8108558498375]","[426.968975561097,192.84507525169468,287.0918563586807]","[false,false,true]",0.0005695938280561346
high,2,Raw-data FSM,"[0.75,0.75,0.75]","[471.3471699409359,199.07081839552737,261.99757352745445]","[0.7099342714804403,0.7339973074448086,0.7563142585062991]","[447.2540060917017,193.872570934556,257.1698692919156]","[-24.0931638492342,-5.198247460971373,-4.827704235538874]","[37.6609765325123,21.837126102491883,21.97784049901662]","[387.28246559111886,158.78805126794094,218.04702518012806]","[510.78026120285574,228.001308505483,290.8417546014268]","[true,true,true]",7.249633047657787e-05
high,3,Raw-data FSM,"[0.75,0.75,0.75]","[471.3471699409359,199.07081839552737,261.99757352745445]","[0.7246670659518234,0.6912313900941618,0.7262415890341999]","[456.4759072013014,180.59130151203337,242.60574313255913]","[-14.87126273963446,-18.479516883494,-19.391830394895322]","[37.207107625980164,22.864992786671163,24.706902520667864]","[395.3349579566772,144.55869038938218,200.84271371923006]","[518.0237578901581,217.23924337774906,281.9839328466243]","[true,true,true]",7.552913017447389e-05
high,4,Raw-data FSM,"[0.75,0.75,0.75]","[471.3471699409359,199.07081839552737,261.99757352745445]","[0.7528039958256497,0.7489288333463633,0.7088305553728359]","[474.361056834528,185.10408450144757,262.4015066980033]","[3.013886893592087,-13.966733894079795,0.40393317054883937]","[32.932751465803186,18.07778407268602,19.962996896671633]","[420.90053446822463,154.0239336253428,225.9868922238764]","[527.6059888976885,212.6084343314855,291.4933834137402]","[true,true,true]",0.00010465495718954165
high,5,Raw-data FSM,"[0.75,0.75,0.75]","[471.3471699409359,199.07081839552737,261.99757352745445]","[0.6617391623866548,0.6207644320183997,0.733041307017803]","[418.4686148551176,166.60521657748183,219.84234166516453]","[-52.87855508581828,-32.46560181804554,-42.155231862289924]","[39.85048571957033,22.210757865854855,22.875462074883437]","[355.7197758527905,131.56171972359476,181.59208840626712]","[486.647936989431,204.54088129424346,257.93916742312587]","[true,true,false]",0.0006110316162221171
high,6,Raw-data FSM,"[0.75,0.75,0.75]","[471.3471699409359,199.07081839552737,261.99757352745445]","[0.7561473231518255,0.7596403182184709,0.6826229497885709]","[476.6573926956394,177.53300793106658,266.2666790141394]","[5.310222754703489,-21.53781046446079,4.269105486684964]","[33.846299225136214,20.17265879724705,18.998337985742808]","[420.244339523852,144.80876121772798,232.03609228358206]","[529.6405640727232,209.65658146890803,293.741116492419]","[true,true,true]",0.00032124743385363426
high,7,Raw-data FSM,"[0.75,0.75,0.75]","[471.3471699409359,199.07081839552737,261.99757352745445]","[0.7385141462427363,0.6818221214357028,0.7331862591922256]","[464.9562857849659,183.15381845510203,239.4347900695769]","[-6.390884155969957,-15.916999940425342,-22.562783457877543]","[32.171946797885816,19.23116938226222,24.46930522428266]","[412.19281818004424,152.38482992508457,195.6338005259174]","[517.6089790907425,214.64603077024378,278.0719802589139]","[true,true,true]",0.00010252740339681128
high,8,Raw-data FSM,"[0.75,0.75,0.75]","[471.3471699409359,199.07081839552737,261.99757352745445]","[0.6741520379894977,0.7683330057752134,0.7629025617253774]","[425.1640119539141,195.50045867294793,269.44013761489185]","[-46.18315798702179,-3.5703597225794397,7.442564087437404]","[33.14593316823291,18.110317707866223,18.09956684200551]","[372.81416244744423,166.37010738898866,235.97902713370212]","[481.41012851412773,224.7750039052614,295.46253941263075]","[true,true,true]",0.00017844724724831845
high,9,Raw-data FSM,"[0.75,0.75,0.75]","[471.3471699409359,199.07081839552737,261.99757352745445]","[0.7292508223652834,0.678720307128431,0.7603610859084129]","[459.1475209169159,190.3258475313056,238.39573637042497]","[-12.199649024020005,-8.744970864221756,-23.60183715702948]","[34.329305232024986,21.356245900764076,24.38086725793397]","[403.8010341215523,156.6359394063505,197.2438098334198]","[517.8252579405928,225.33340495429465,277.42103122073684]","[true,true,true]",0.00022500872352259658
high,10,Raw-data FSM,"[0.75,0.75,0.75]","[471.3471699409359,199.07081839552737,261.99757352745445]","[0.7556664492869388,0.7153324694734798,0.7515285461437713]","[476.37973988531775,195.9193587220139,250.69061226366753]","[5.032569944381862,-3.1514596735134717,-11.306961263786917]","[34.33448205947403,21.204948639611736,23.049833871119308]","[418.3406870517493,161.85828977026156,209.72400175128456]","[530.4658624566613,229.45652411363508,286.51936051769064]","[true,true,true]",3.860241931754349e-05
high,11,Raw-data FSM,"[0.75,0.75,0.75]","[471.3471699409359,199.07081839552737,261.99757352745445]","[0.6942651446139806,0.7366151839715255,0.7505156506645678]","[437.7129365700558,190.30019206684182,258.1392404300942]","[-33.63423337088011,-8.770626328685552,-3.85833309736023]","[38.772708830104726,22.384038558084786,22.3409570527774]","[375.8843891616539,153.6754582974879,218.41766895205458]","[503.2344359604091,226.2651187453382,292.3314344212211]","[true,true,true]",9.104463770897133e-05
high,12,Raw-data FSM,"[0.75,0.75,0.75]","[471.3471699409359,199.07081839552737,261.99757352745445]","[0.6885806205582616,0.7714128623473666,0.7544951387917996]","[434.0565203155134,195.31772786967642,270.563855124855]","[-37.290649625422475,-3.7530905258509506,8.566281597400575]","[36.5180516967131,19.894816569709928,17.567730370124277]","[375.53469910770593,162.2325059993953,240.37359141391]","[494.9687490717307,227.49214455127358,295.77398174038734]","[true,true,true]",0.00010249730599789619
high,13,Raw-data FSM,"[0.75,0.75,0.75]","[471.3471699409359,199.07081839552737,261.99757352745445]","[0.7391155235415692,0.7817746854239691,0.7794259048593041]","[465.525720765145,212.02667380391,274.5081395492315]","[-5.82144917579086,12.955855408382632,12.510566021777038]","[34.37159828322467,18.948459297018086,17.548056480672617]","[409.76546017149604,180.8594463635767,243.60241195741773]","[520.9056084529605,240.54645749422255,298.0778741366921]","[true,true,true]",5.175676258467024e-05
high,14,Raw-data FSM,"[0.75,0.75,0.75]","[471.3471699409359,199.07081839552737,261.99757352745445]","[0.7123701367610699,0.7327499258536094,0.7508672341871263]","[448.81468217324687,192.31937596414215,256.7871915881754]","[-22.53248776768902,-6.751442431385215,-5.210381939279046]","[38.149436090338185,22.594463723520903,22.654853378841686]","[387.4629055767494,156.68809586125883,216.80310954434768]","[512.2934486387861,228.21771724041233,291.44463967837027]","[true,true,true]",5.3836909972851496e-05
high,15,Raw-data FSM,"[0.75,0.75,0.75]","[471.3471699409359,199.07081839552737,261.99757352745445]","[0.6979543839335436,0.7880821050614121,0.8025122258412832]","[439.47633313453684,214.03294799190485,276.8795217328291]","[-31.87083680639904,14.96212959637748,14.88194820537467]","[33.13352135549268,16.283660454855475,16.801432033241944]","[386.0502599124428,185.836366911077,244.92999278161886]","[495.770273544453,238.89159466097772,298.6041102262556]","[true,true,true]",0.0002887744493900343
high,16,Raw-data FSM,"[0.75,0.75,0.75]","[471.3471699409359,199.07081839552737,261.99757352745445]","[0.7612737201893331,0.7747839803087695,0.7052165357196328]","[480.1453173120069,188.4238929117965,271.8352835071592]","[8.798147371071025,-10.646925483730882,9.837709979704755]","[34.71779997530846,20.263436086675117,17.49163363026063]","[419.45821998321594,155.2678374147944,241.0377517898137]","[531.6444680486554,220.86133271094184,296.6750511267604]","[true,true,true]",0.00021624061187758324
high,17,Raw-data FSM,"[0.75,0.75,0.75]","[471.3471699409359,199.07081839552737,261.99757352745445]","[0.6864852377888563,0.8120054617941371,0.738759964414837]","[432.4254285489185,195.05241212109664,286.0507298359197]","[-38.921741392017395,-4.018406274430731,24.053156308465248]","[31.787220291012865,16.472534618703154,12.604345302963623]","[381.2391117790548,169.05015235203933,262.28272683247104]","[484.7738426914356,221.58308429623253,300.1583356845733]","[true,true,false]",0.00018388576217138078
high,18,Raw-data FSM,"[0.75,0.75,0.75]","[471.3471699409359,199.07081839552737,261.99757352745445]","[0.7770054113131744,0.7461480745327487,0.7593598349964622]","[490.41209649262754,205.67750316154059,261.494906342923]","[19.064926551691656,6.606684766013217,-0.5026671845314468]","[29.321887170605592,19.074986134051123,21.237835206926786]","[439.1507127942673,175.75731310140307,222.15992248664048]","[533.7573807553227,235.01321476841605,292.0588691566864]","[true,true,true]",1.2382569754548485e-05
high,19,Raw-data FSM,"[0.75,0.75,0.75]","[471.3471699409359,199.07081839552737,261.99757352745445]","[0.7418021540325903,0.785896508401037,0.7596428600573549]","[466.97449487601665,206.31669014447212,276.0954772860409]","[-4.372675064919235,7.245871748944751,14.097903758586426]","[30.489346170513826,16.288294355536117,17.64789157768708]","[417.2661365967657,179.1334896707269,241.92277999332848]","[517.1593281535357,232.25739528553228,298.4388830380907]","[true,true,true]",2.7642646199543162e-05
high,20,Raw-data FSM,"[0.75,0.75,0.75]","[471.3471699409359,199.07081839552737,261.99757352745445]","[0.6840212499457602,0.6907322888010725,0.7212546134161961]","[431.7570774024697,173.95120967088062,242.31642989537852]","[-39.590092538466195,-25.119608724646753,-19.68114363207593]","[41.13101845210989,23.549438465521675,23.547263391411427]","[367.7795991202706,136.65316845124786,201.17919962428377]","[500.6279973103582,211.89766133648249,279.48887399018895]","[true,true,true]",0.00013735495923164487
high,21,Raw-data FSM,"[0.75,0.75,0.75]","[471.3471699409359,199.07081839552737,261.99757352745445]","[0.7619592009359604,0.7331633488965039,0.7751656583869481]","[480.6436160889979,207.04049380351177,256.9270214291982]","[9.296446148061989,7.969675407984397,-5.0705520982562575]","[34.99565153616384,21.581136991681923,22.4263918381074]","[422.1954901100758,171.67862065456146,216.3718284580045]","[532.1214166930486,238.41361849006023,290.2174395941892]","[true,true,true]",6.039285747236881e-05
high,22,Raw-data FSM,"[0.75,0.75,0.75]","[471.3471699409359,199.07081839552737,261.99757352745445]","[0.6912949080491069,0.7359921028924017,0.6794875887167439]","[435.7211235687393,165.82878736131545,257.60227459100224]","[-35.62604637219658,-33.24203103421192,-4.395298936452207]","[36.78303242647066,20.595451926127314,18.667550177973656]","[378.36125594969593,131.97621857209,226.5711643359566]","[498.54986250372065,199.67396526484015,287.21125510276505]","[true,true,true]",0.00018081367196484785
high,23,Raw-data FSM,"[0.75,0.75,0.75]","[471.3471699409359,199.07081839552737,261.99757352745445]","[0.7373181920176738,0.7498451521533739,0.6998331324994571]","[464.75600684903685,180.32953313532482,262.81978722570057]","[-6.591163091899034,-18.741285260202545,0.8222136982461166]","[39.04049881480415,23.262185102793378,20.965149335772267]","[398.79671265489145,142.14692018094306,225.4416572994071]","[525.288245396636,216.06315662043338,293.44932557298534]","[true,true,true]",0.00012812191400612388
high,24,Raw-data FSM,"[0.75,0.75,0.75]","[471.3471699409359,199.07081839552737,261.99757352745445]","[0.6892000866931688,0.747620367504955,0.6971535445594774]","[434.8415152778199,173.27563478375416,262.03377188324555]","[-36.50565466311599,-25.79518361177321,0.03619835579110031]","[40.87296489849053,23.511167112206895,21.32847096734597]","[370.4571002773283,134.8745918197923,224.12608106255925]","[504.2698391644919,211.17127505751532,293.5602800811549]","[true,true,true]",0.00012315103409327958
high,25,Raw-data FSM,"[0.75,0.75,0.75]","[471.3471699409359,199.07081839552737,261.99757352745445]","[0.676749038583636,0.7979058184421051,0.7880473516082748]","[426.77718231701243,207.8985706452935,280.5787675643441]","[-44.56998762392345,8.827752249766121,18.581194036889656]","[34.019113645995645,17.373050800876417,14.751399998120405]","[372.8957929080281,178.98299838654316,253.95594829880264]","[483.5900899072612,234.58207996306248,299.37911222016555]","[true,true,true]",0.00029175771299664606
high,26,Raw-data FSM,"[0.75,0.75,0.75]","[471.3471699409359,199.07081839552737,261.99757352745445]","[0.7093427842444205,0.6808903570002339,0.7118317960143091]","[446.97001296062695,172.69755511339432,239.11504024090888]","[-24.37715698030894,-26.373263282133053,-22.882533286545566]","[38.65928397964345,23.365491575569333,24.391164156710495]","[384.2559989558052,135.25187632253753,197.22787078333184]","[511.15062533135665,211.22032402916312,278.37451660822734]","[true,true,true]",0.00010838429237156143
high,27,Raw-data FSM,"[0.75,0.75,0.75]","[471.3471699409359,199.07081839552737,261.99757352745445]","[0.7259800340074324,0.7222372273570291,0.7348240333676338]","[457.20765549400744,187.40967565449014,253.04813921788497]","[-14.139514446928445,-11.661142741037224,-8.949434309569483]","[36.03292203944364,21.921978903410892,22.471694298140797]","[398.2765474897263,152.95980651681546,212.89121417118147]","[516.6761439922142,222.56802884529316,287.62902365285385]","[true,true,true]",2.3749393844312702e-05
high,28,Raw-data FSM,"[0.75,0.75,0.75]","[471.3471699409359,199.07081839552737,261.99757352745445]","[0.7169665747147792,0.8029170094674841,0.6856636679732812]","[451.26577146382425,179.00467661484905,282.59492820365926]","[-20.081398477111634,-20.066141780678322,20.597354676204816]","[32.99186996772964,17.87867024018853,15.44591016937397]","[398.4761067156041,150.93916451701293,253.08128099639774]","[506.32295589555514,206.49104825775177,299.9044730093647]","[true,true,true]",0.0004114962992567297
high,29,Raw-data FSM,"[0.75,0.75,0.75]","[471.3471699409359,199.07081839552737,261.99757352745445]","[0.7404528300464146,0.659513777186274,0.7219857087540644]","[466.5468974699484,177.17097794394473,232.0680569932179]","[-4.800272470987466,-21.899840451582634,-29.92951653423654]","[36.32129803696991,22.452671798390753,23.74080724947131]","[405.3694401552452,141.27743594486216,191.55655310250222]","[523.8652976766226,213.18615327615876,270.2314148411486]","[true,true,true]",0.00016672250517390066
high,30,Raw-data FSM,"[0.75,0.75,0.75]","[471.3471699409359,199.07081839552737,261.99757352745445]","[0.653602417551427,0.8033818983495242,0.7495869816458256]","[413.3694544533877,193.12831871773977,282.67269555227386]","[-57.97771548754821,-5.942499677787595,20.675122024819416]","[35.39045576433132,18.593128700316353,13.663069356628258]","[356.96671983266356,162.61209382237175,257.8018354354539]","[473.30148584163226,223.04009329627752,299.7562033350661]","[true,true,true]",0.00026164951735053966
high,31,Raw-data FSM,"[0.75,0.75,0.75]","[471.3471699409359,199.07081839552737,261.99757352745445]","[0.7211473792257918,0.7849866011935475,0.7344202139782908]","[454.2008983414554,194.81958530137956,275.67739711392926]","[-17.146271599480485,-4.251233094147807,13.67982358647481]","[36.67169314268328,19.98031169872212,16.6683142622969]","[395.0790196299087,162.61230571770813,246.1921738463694]","[514.5555710167387,226.83684270173384,298.43672136929854]","[true,true,true]",6.790723163260364e-05
high,32,Raw-data FSM,"[0.75,0.75,0.75]","[471.3471699409359,199.07081839552737,261.99757352745445]","[0.6885216603136076,0.6942341750592003,0.7620577629005914]","[434.2551889447091,187.62952748737328,243.48528757172429]","[-37.091980996226766,-11.441290908154087,-18.512285955730164]","[39.02246666861514,22.093186001296953,23.475402211155878]","[372.1998598925512,151.3153458563269,202.98856304535644]","[499.32165451856224,223.40493505164773,281.441428197979]","[true,true,true]",0.00028328234067768635
high,33,Raw-data FSM,"[0.75,0.75,0.75]","[471.3471699409359,199.07081839552737,261.99757352745445]","[0.723963967282775,0.7502817093706143,0.7757318993508813]","[455.956395065155,204.15467521529524,262.9961497063242]","[-15.390774875780892,5.083856819767874,0.9985761788697687]","[36.41305729040519,20.834639689836855,21.200596916236194]","[396.66792666224063,169.9967214469166,225.18991777910162]","[516.8799749475455,236.2517279691894,294.0343131420291]","[true,true,true]",8.872108512929765e-05
high,34,Raw-data FSM,"[0.75,0.75,0.75]","[471.3471699409359,199.07081839552737,261.99757352745445]","[0.7094136038726552,0.7388534211224292,0.6758185483241084]","[446.70014930350465,166.86719083618388,258.90234386196687]","[-24.64702063743124,-32.20362755934349,-3.0952296654875795]","[35.06950547120009,19.057864972001493,21.851420794373837]","[389.420520657726,136.7426336926797,219.05358789891065]","[504.63234503412633,198.17388088148599,291.97794563021836]","[true,false,true]",0.00021652012351801626
high,35,Raw-data FSM,"[0.75,0.75,0.75]","[471.3471699409359,199.07081839552737,261.99757352745445]","[0.7348671675407895,0.6878687070116398,0.7027087032669775]","[462.70617754190584,173.29852610911155,241.39020479582217]","[-8.64099239903004,-25.77229228641582,-20.607368731632278]","[33.639990629619426,19.60994635406007,23.82241084512725]","[407.4301513901534,142.5195188069219,199.42293180142758]","[517.9248422898847,204.64947219208094,278.6576170601897]","[true,true,true]",9.554179729291176e-05
high,36,Raw-data FSM,"[0.75,0.75,0.75]","[471.3471699409359,199.07081839552737,261.99757352745445]","[0.7634071534019711,0.7662635470867155,0.7480952185475804]","[481.4058928917514,202.78134225758714,268.775375669209]","[10.058722950815536,3.710523862059773,6.777802141754535]","[32.508632995528544,20.450797435535566,19.479590609127996]","[425.0969126876631,169.74978813322554,232.8384141671723]","[531.5421728092259,234.39485539527007,295.8232260054595]","[true,true,true]",1.4492517417877818e-05
high,37,Raw-data FSM,"[0.75,0.75,0.75]","[471.3471699409359,199.07081839552737,261.99757352745445]","[0.6872679173409938,0.7089387328946589,0.7001150372660181]","[433.6804775294685,169.488223332279,248.4426048325784]","[-37.66669241146741,-29.582595063248363,-13.554968694876038]","[41.01357100568343,23.333922711774402,22.744138588175197]","[367.8560395181338,131.11306960287834,208.5377591151816]","[504.34187524475783,207.30721571315297,283.6561587824521]","[true,true,true]",9.8020103102836e-05
high,38,Raw-data FSM,"[0.75,0.75,0.75]","[471.3471699409359,199.07081839552737,261.99757352745445]","[0.6873887489783781,0.7843474884724603,0.7588685186111936]","[432.9762220650657,198.19340660900968,275.5097823761]","[-38.37094787587017,-0.8774117865176834,13.512208848645571]","[31.994542815420495,16.589839626345746,17.815580105039725]","[383.7030200746286,171.83162568529664,242.14902751370656]","[487.5943563746916,225.6918954205391,298.35063926672717]","[true,true,true]",0.00012513228285209794
high,39,Raw-data FSM,"[0.75,0.75,0.75]","[471.3471699409359,199.07081839552737,261.99757352745445]","[0.7910465466380119,0.7889946342080848,0.7428280068385605]","[499.9818477406927,208.07557593433157,277.2308336359349]","[28.634677799756787,9.0047575388042,15.233260108480465]","[27.006502618356613,17.680369917380425,16.686516885828173]","[452.2440612115021,178.9566259546981,247.21101764644638]","[537.1679895427164,235.00434581606186,298.66778551791145]","[true,true,true]",0.00012339977751918874
high,40,Raw-data FSM,"[0.75,0.75,0.75]","[471.3471699409359,199.07081839552737,261.99757352745445]","[0.7085177941465377,0.7604450792443748,0.7304636128652109]","[446.66834212344514,188.6888852538242,266.71950276011245]","[-24.678827817490742,-10.381933141703172,4.721929232657999]","[40.896577438912814,23.707165670930582,20.908470650205338]","[380.75265964695006,148.92331836081516,229.1726758306237]","[515.4030336615962,226.21831095069336,296.0588009706767]","[true,true,true]",4.148174432821846e-05
high,41,Raw-data FSM,"[0.75,0.75,0.75]","[471.3471699409359,199.07081839552737,261.99757352745445]","[0.6079472983291748,0.66434154785037,0.6759992317151994]","[387.9364392924022,147.89986569532255,233.55175613643178]","[-83.41073064853367,-51.17095270020482,-28.445817391022672]","[35.08907174561753,20.97099587653558,23.160548987491612]","[334.08507857635124,114.24676839542715,195.60962203997963]","[447.22522408769186,183.3653089036097,271.69754704770213]","[false,false,true]",0.00042400512747426
high,42,Raw-data FSM,"[0.75,0.75,0.75]","[471.3471699409359,199.07081839552737,261.99757352745445]","[0.7647241993504754,0.7742729769450423,0.7189070948004728]","[482.2005024795208,193.78460041869542,271.7758593724777]","[10.853332538584937,-5.286217976831949,9.778285845023277]","[31.15084231678544,18.92748831678278,19.244395068613187]","[430.10425153866845,163.1539567590269,236.00234479277083]","[530.245976393043,223.0363709827213,297.4040157828319]","[true,true,true]",0.00013749053825282535
high,43,Raw-data FSM,"[0.75,0.75,0.75]","[471.3471699409359,199.07081839552737,261.99757352745445]","[0.7480272216224656,0.6468014473018049,0.6586826573461311]","[471.1895716099858,154.976546229392,228.2408811553652]","[-0.1575983309500657,-44.09427216613537,-33.75669237208925]","[32.40241399815045,20.368815816274736,25.788869204493487]","[417.62746586140855,123.62540476614609,186.12023548489057]","[523.1324222971483,188.45067060159855,269.50834291990674]","[true,false,true]",0.0003538324501071494
high,44,Raw-data FSM,"[0.75,0.75,0.75]","[471.3471699409359,199.07081839552737,261.99757352745445]","[0.739158451710344,0.7426315337252608,0.7657758792996425]","[465.74814794700194,202.0588214449235,260.13968752078927]","[-5.599021993933945,2.988003049396127,-1.8578860066651828]","[36.98247833288952,20.959413110191083,20.395073291992457]","[405.302017953573,167.55130118155034,224.05108590152213]","[525.5247513928729,234.77369712118053,291.24650636100887]","[true,true,true]",3.5628480940858426e-05
high,45,Raw-data FSM,"[0.75,0.75,0.75]","[471.3471699409359,199.07081839552737,261.99757352745445]","[0.6963531789445874,0.629528482456802,0.6634980907869328]","[439.25824286455344,149.4448569523958,222.6164871916871]","[-32.08892707638245,-49.62596144313156,-39.38108633576735]","[41.66282439776944,23.84217220091619,23.68734684767559]","[371.02489445572775,110.52742094490736,182.40262650273954]","[508.47172634196346,189.14217245471377,261.373179949052]","[true,false,false]",0.0003333699160250269
high,46,Raw-data FSM,"[0.75,0.75,0.75]","[471.3471699409359,199.07081839552737,261.99757352745445]","[0.7047897964882844,0.7695832823675864,0.7416224015748513]","[444.0551282201341,193.04547919714378,270.0179577889458]","[-27.292041720801762,-6.025339198383591,8.020384261491358]","[37.552184226339705,22.094615518398303,19.461221367431452]","[384.00999509963737,156.8718699057146,234.33406034436194]","[506.2938656443643,227.5214502134684,296.9110199314819]","[true,true,true]",5.012745431628683e-05
high,47,Raw-data FSM,"[0.75,0.75,0.75]","[471.3471699409359,199.07081839552737,261.99757352745445]","[0.6736998024407018,0.6794687302035084,0.7178078333842761]","[425.48084528954223,170.2383407022772,238.58262272672135]","[-45.866324651393654,-28.832477693250155,-23.414950800733095]","[39.797729503052885,23.30026055507981,23.852441900623376]","[362.0381500502068,133.17120177388924,197.8815320468206]","[492.98516550846375,208.1799546815762,277.4891593748961]","[true,true,true]",0.00019115383438046566
high,48,Raw-data FSM,"[0.75,0.75,0.75]","[471.3471699409359,199.07081839552737,261.99757352745445]","[0.748283910412194,0.7549468170994502,0.7348187074196327]","[471.34090306894353,194.58304440004332,264.7063450169276]","[-0.006266871992352208,-4.487773995484048,2.708771489473179]","[32.34372315635875,19.525644042737525,21.131833232038872]","[417.3273169395541,163.65092091737148,225.81125646190426]","[524.5344086976355,225.55362320859396,295.16566262306094]","[true,true,true]",1.6944338047143245e-05
high,49,Raw-data FSM,"[0.75,0.75,0.75]","[471.3471699409359,199.07081839552737,261.99757352745445]","[0.6070880691038087,0.7670363927960419,0.6941025854694841]","[387.57229359386827,164.65113523665505,268.91816746935456]","[-83.77487634706762,-34.41968315887232,6.920593941900108]","[36.109817254347085,20.370587573452454,17.65618995680576]","[331.755301633359,131.23757307580132,237.85395728831332]","[447.5775041002272,197.51202837592848,295.58102446408463]","[false,false,true]",0.00038277115321598245
high,50,Raw-data FSM,"[0.75,0.75,0.75]","[471.3471699409359,199.07081839552737,261.99757352745445]","[0.7000215571224687,0.667182140885591,0.7446877395319935]","[441.1108057592242,180.3283736291909,234.5595491422024]","[-30.23636418171168,-18.74244476633646,-27.43802438525205]","[37.46178585910918,22.47530670681247,23.89857000994217]","[382.55714328880794,145.71511854107942,193.32834077718692]","[504.9079729447053,217.19638142910352,273.67214521590427]","[true,true,true]",0.00026604702143043983
high,51,Raw-data FSM,"[0.75,0.75,0.75]","[471.3471699409359,199.07081839552737,261.99757352745445]","[0.6571095316171659,0.6933656443035605,0.7423385276448718]","[415.685136915156,177.54387112612963,243.2115163623061]","[-55.66203302577986,-21.526947269397738,-18.78605716514835]","[38.747858042429264,22.505993825209313,23.694971965495366]","[353.8929656848301,141.25804024591213,202.51502642406606]","[480.9554128569893,214.76064664913457,280.8475574944195]","[true,true,true]",0.00029902919426741224
high,52,Raw-data FSM,"[0.75,0.75,0.75]","[471.3471699409359,199.07081839552737,261.99757352745445]","[0.7338945337849863,0.64919805367738,0.7577690101182449]","[462.10252638207913,186.2677264384496,228.87325076004112]","[-9.244643558856751,-12.803091957077754,-33.12432276741333]","[33.813438034354355,20.721031950699157,24.647660993774064]","[406.51139061819777,154.01739474928368,187.03279344689275]","[517.8617225797352,221.01114048348165,267.9906084082301]","[true,true,true]",0.00036350980933308317
high,53,Raw-data FSM,"[0.75,0.75,0.75]","[471.3471699409359,199.07081839552737,261.99757352745445]","[0.5615233385053298,0.6763179350459568,0.7456890530288243]","[363.5865828506089,165.01339102290396,237.47371106342248]","[-107.76058709032696,-34.05742737262341,-24.523862464031964]","[33.65877271866771,20.50935842826901,23.180327959662854]","[312.6499209485025,132.6558149872494,198.08495760630552]","[422.66611489815864,198.62155693239131,274.956259962415]","[false,false,true]",0.0010535857607464774
high,54,Raw-data FSM,"[0.75,0.75,0.75]","[471.3471699409359,199.07081839552737,261.99757352745445]","[0.649862223762274,0.6705922536104916,0.7270986843478656]","[411.53233251290715,169.15826371198628,235.43075724676214]","[-59.81483742802874,-29.91255468354109,-26.566816280692308]","[38.76739580267188,21.793055867642558,21.47964073000508]","[350.2612128078776,133.87357282977393,199.35596283521244]","[477.4069914675543,206.3990876474538,269.50051033095264]","[true,true,true]",0.0003450445185606104
high,55,Raw-data FSM,"[0.75,0.75,0.75]","[471.3471699409359,199.07081839552737,261.99757352745445]","[0.7349308854752786,0.7381805964064606,0.7078919256579856]","[462.7752269184156,181.15200559878653,258.59993415739655]","[-8.571943022520259,-17.918812796740838,-3.3976393700579024]","[34.04397074417362,17.55236006344193,21.16914838072909]","[407.07584867369735,152.08736209541448,219.52402609684154]","[519.010889001623,209.51717210362006,289.566828133326]","[true,true,true]",7.010608451351525e-05
high,56,Raw-data FSM,"[0.75,0.75,0.75]","[471.3471699409359,199.07081839552737,261.99757352745445]","[0.7254000681006891,0.7777016780918831,0.7263938608980156]","[456.7747456375238,191.67668471418315,272.9927787702131]","[-14.572424303412106,-7.394133681344215,10.99520524275863]","[35.33814151480867,19.88248211564893,18.154711513794624]","[400.1061838503994,158.72540846169827,239.45732401030176]","[516.4300319419714,223.037111213453,297.5029760342083]","[true,true,true]",7.139004780824827e-05
high,57,Raw-data FSM,"[0.75,0.75,0.75]","[471.3471699409359,199.07081839552737,261.99757352745445]","[0.7322655254602441,0.7387807752633081,0.7399304466116399]","[461.3592789020341,192.1097762677322,258.87970259005965]","[-9.987891038901807,-6.961042127795167,-3.117870937394798]","[37.63088556837248,21.901898137437986,21.898143628922377]","[398.92428696411395,156.4771751017164,219.78656948900985]","[522.9185560215468,227.22788437361197,291.6962433404086]","[true,true,true]",8.106830653189676e-06
high,58,Raw-data FSM,"[0.75,0.75,0.75]","[471.3471699409359,199.07081839552737,261.99757352745445]","[0.7171727759400026,0.7476225312852841,0.6906435621249645]","[452.1231655989948,174.374807655424,262.0745718047741]","[-19.22400434194111,-24.69601074010336,0.07699827731966025]","[41.28954640550245,24.206998998390286,21.7634405095833]","[384.69310703318587,134.85169538892922,223.26143145370438]","[517.7843317449086,213.63160174468857,294.31925524460047]","[true,true,true]",0.00015210108271931466
high,59,Raw-data FSM,"[0.75,0.75,0.75]","[471.3471699409359,199.07081839552737,261.99757352745445]","[0.6642756686368593,0.7358330673724431,0.770497413557767]","[419.7103353843176,192.35898566076685,257.7346333281004]","[-51.63683455661828,-6.71183273476052,-4.262940199354034]","[37.38872490158248,20.717933492164335,20.974558438802177]","[360.8094994660635,159.00169769616173,220.39754034013347]","[484.387072138147,226.8513582820756,290.10698755697734]","[true,true,true]",0.00030811523065150985
high,60,Raw-data FSM,"[0.75,0.75,0.75]","[471.3471699409359,199.07081839552737,261.99757352745445]","[0.6300112263306977,0.7196942605888845,0.70637714649558]","[400.356034542508,166.10159685445524,252.16460092533384]","[-70.9911353984279,-32.96922154107213,-9.832972602120606]","[38.94437269149021,22.776931378242157,22.639390057273705]","[340.63527292480796,130.095598477028,212.80750790593086]","[467.9056610286096,204.17576833563982,288.0236984429868]","[false,true,true]",0.0002483338555752781
high,61,Raw-data FSM,"[0.75,0.75,0.75]","[471.3471699409359,199.07081839552737,261.99757352745445]","[0.7676794748336062,0.7790381073319933,0.7064686317420007]","[484.23872326968115,190.0761797066053,273.4294284126363]","[12.89155332874526,-8.994638688922066,11.43185488518185]","[31.893983619223317,18.05456866619117,17.073721403830906]","[430.478890258275,159.47818950497026,241.63725043473056]","[532.9537137120896,217.60175644826563,296.9977501005655]","[true,true,true]",0.00024158485413348032
high,62,Raw-data FSM,"[0.75,0.75,0.75]","[471.3471699409359,199.07081839552737,261.99757352745445]","[0.7401482179301966,0.7063126545572279,0.7627529576754564]","[466.02010369437505,196.08923654283558,247.72703323298796]","[-5.3270662465608325,-2.9815818526917894,-14.270540294466485]","[32.240660452029125,18.75416941038562,24.562999188994418]","[411.20205351894174,166.58083976045097,202.607529032931]","[518.8026031577045,226.39409728324688,284.97827493759496]","[true,true,true]",0.00010731359304240473
high,63,Raw-data FSM,"[0.75,0.75,0.75]","[471.3471699409359,199.07081839552737,261.99757352745445]","[0.7418695486575373,0.7696517127680784,0.7604385987889761]","[467.11243961896633,204.34030646920786,270.07794953260475]","[-4.2347303219695505,5.269488073680492,8.080376005150299]","[31.759724234935906,17.342761327271717,19.893920834000873]","[414.52834915931754,175.73410173486985,230.12795113639385]","[519.0476340373945,232.10228302225593,296.70256385808966]","[true,true,true]",1.1632255585402168e-05
high,64,Raw-data FSM,"[0.75,0.75,0.75]","[471.3471699409359,199.07081839552737,261.99757352745445]","[0.7349530706417557,0.7462122279286386,0.7342558204460133]","[462.70779647905084,191.406090414478,261.502254887027]","[-8.639373461885043,-7.664727981049367,-0.4953186404274561]","[32.90877296430519,18.976771495780678,21.106862741821026]","[409.2495180478012,160.63222310511077,222.99086396420597]","[517.9933086419863,221.86806486629916,292.6662328015694]","[true,true,true]",9.804471782058495e-06
high,65,Raw-data FSM,"[0.75,0.75,0.75]","[471.3471699409359,199.07081839552737,261.99757352745445]","[0.7104698673295979,0.7244606506341719,0.7161109922194484]","[447.7819154194911,179.58251674604776,253.88257733044782]","[-23.565254521444785,-19.48830164947961,-8.114996197006633]","[39.84264158646597,23.517459072931416,23.035179120863503]","[385.4038930366825,140.95497729700543,212.49945927298387]","[514.709210106885,217.1481509986861,289.2071186844508]","[true,true,true]",4.235918718306645e-05
high,66,Raw-data FSM,"[0.75,0.75,0.75]","[471.3471699409359,199.07081839552737,261.99757352745445]","[0.717667631260157,0.6624325860595729,0.7005895956158632]","[452.23200186624297,167.74373934408678,232.79891716071722]","[-19.115168074692917,-31.32707905144059,-29.198656366737225]","[39.276445184454055,22.093684659185847,21.65663001551666]","[387.29285442259305,131.8276202428391,195.93766649596296]","[516.7169391165064,203.3738679048313,267.64290409458454]","[true,true,true]",0.00015538275770487974
high,67,Raw-data FSM,"[0.75,0.75,0.75]","[471.3471699409359,199.07081839552737,261.99757352745445]","[0.7239138182336112,0.6540868916770812,0.7533101905345904]","[456.05756502706464,184.36061904176816,230.3733831614106]","[-15.289604913871244,-14.710199353759208,-31.624190366043848]","[37.87971030770128,22.351958274306643,24.157563499044777]","[394.7195504326141,148.91567766488893,189.70252912146023]","[517.8330410428649,220.23370464960487,270.252531101646]","[true,true,true]",0.0003257518052772661
high,68,Raw-data FSM,"[0.75,0.75,0.75]","[471.3471699409359,199.07081839552737,261.99757352745445]","[0.7189657734236109,0.7551892490792282,0.7483968047475832]","[452.94506048205363,195.33802197241744,264.73735235753736]","[-18.40210945888225,-3.7327964231099315,2.739778830082912]","[38.01622377548035,22.125443503129166,20.478126451850557]","[390.9416272885472,159.27980194823138,228.09569126230946]","[515.4638139731219,230.01935593897625,294.4077924158537]","[true,true,true]",2.2757505919749764e-05
high,69,Raw-data FSM,"[0.75,0.75,0.75]","[471.3471699409359,199.07081839552737,261.99757352745445]","[0.7396739965790515,0.7074286646461467,0.7046087345838531]","[466.19562811148677,177.12829160728234,247.96000470257923]","[-5.1515418294491155,-21.942526788245033,-14.037568824875223]","[38.136934679077505,22.94460478099173,23.150905106607638]","[403.60092276178494,140.27226473770668,207.7505189149547]","[526.6406971239319,213.01894281105626,284.3920772291318]","[true,true,true]",7.433853717834718e-05
high,70,Raw-data FSM,"[0.75,0.75,0.75]","[471.3471699409359,199.07081839552737,261.99757352745445]","[0.5741607498881222,0.7110476022940888,0.728224441931249]","[370.17216432521394,165.30726353199128,249.1313267253815]","[-101.17500561572194,-33.763554863536086,-12.866246802072936]","[35.33409704165649,21.056762959970047,22.459191075872127]","[315.85611529528785,131.94292892080563,210.47779097820145]","[430.76673245370586,200.81347796382718,285.3436565765635]","[false,true,true]",0.0006721572631894556
high,71,Raw-data FSM,"[0.75,0.75,0.75]","[471.3471699409359,199.07081839552737,261.99757352745445]","[0.7176546251797675,0.6680001029646397,0.7276457213008405]","[452.2703175665088,177.2700267913028,234.6846827417585]","[-19.076852374427062,-21.80079160422457,-27.31289078569594]","[39.83488196721736,22.881529521005245,22.46907316582612]","[388.4736870325001,141.15921354850846,196.42869052244043]","[519.0152956205429,214.79797468552573,269.8191958409617]","[true,true,true]",0.00016127857383803348
high,72,Raw-data FSM,"[0.75,0.75,0.75]","[471.3471699409359,199.07081839552737,261.99757352745445]","[0.6805880673921121,0.7252301427578941,0.7665966955411438]","[429.26341044162325,191.94947496060465,254.14707273576263]","[-42.083759499312634,-7.121343434922721,-7.850500791691815]","[36.449626749177646,21.329751926302144,22.97995617432236]","[372.26115824134126,157.40738306181694,213.3254130434396]","[491.1483268832451,225.7764923362931,289.90375706104953]","[true,true,true]",0.0002363157839606507
high,73,Raw-data FSM,"[0.75,0.75,0.75]","[471.3471699409359,199.07081839552737,261.99757352745445]","[0.7240176131325937,0.607189742873012,0.7067866869604623]","[455.7644852403702,163.85978665212468,215.8822741959522]","[-15.582684700565665,-35.211031743402685,-46.11529933150226]","[33.6059469317804,18.36500448360771,24.145005372798025]","[401.4805268317911,135.22935739892614,176.51154361902925]","[511.79845453097704,194.59523056576236,255.2545861109151]","[true,false,false]",0.0004166818541568523
high,74,Raw-data FSM,"[0.75,0.75,0.75]","[471.3471699409359,199.07081839552737,261.99757352745445]","[0.7200823378705984,0.5891544544574632,0.6496279896628846]","[453.7524941387526,143.00286452873135,210.34252895050636]","[-17.594675802183303,-56.06795386679602,-51.655044576948086]","[39.12061441041505,21.851310777158844,22.06190798298904]","[390.2224715230345,107.86923871745024,173.73111881603018]","[517.5860979316209,177.8595255198309,246.28540364068624]","[true,false,false]",0.0005462892860543755
high,75,Raw-data FSM,"[0.75,0.75,0.75]","[471.3471699409359,199.07081839552737,261.99757352745445]","[0.7314862953466196,0.6411100853830579,0.7202910823345173]","[460.7826955216663,173.26431136735565,226.13633353557623]","[-10.564474419269573,-25.806507028171723,-35.86123999187822]","[36.820195814308136,22.112448777736276,22.954729725751235]","[399.98980622738054,138.70505155420116,188.54515916483646]","[522.3957144179673,210.67051568635426,264.1847060376288]","[true,true,true]",0.0002503361798577856
high,76,Raw-data FSM,"[0.75,0.75,0.75]","[471.3471699409359,199.07081839552737,261.99757352745445]","[0.6396838680648778,0.7115435067266239,0.6886962813580029]","[405.44418597888534,160.3778065300915,249.00268055566764]","[-65.90298396205054,-38.693011865435864,-12.994892971786811]","[35.37892842628468,20.036084396910415,18.990255208906675]","[351.24256753736177,128.21338526964277,218.28704408775153]","[466.6599396737615,193.81691441291824,280.0295048635362]","[false,false,true]",0.00021865330861377513
high,77,Raw-data FSM,"[0.75,0.75,0.75]","[471.3471699409359,199.07081839552737,261.99757352745445]","[0.7368150018042309,0.5876876281647382,0.7504946148777035]","[464.0283058498054,176.66772909283316,209.9245255571038]","[-7.318864091130479,-22.403089302694212,-52.07304797035064]","[34.43395385834695,20.578654276853786,22.22337436546114]","[407.5289739987055,144.36154295014984,174.1886901765429]","[520.4795560834909,211.350997081781,247.08210149345248]","[true,true,false]",0.0007847259514247897
high,78,Raw-data FSM,"[0.75,0.75,0.75]","[471.3471699409359,199.07081839552737,261.99757352745445]","[0.695756383225919,0.7248458863496768,0.7052621147042499]","[438.68257778557705,174.12313795874869,253.97231535141327]","[-32.66459215535883,-24.947680436778683,-8.025258176041177]","[39.42968742504596,23.463669799920414,22.549826098632465]","[374.70574366306244,137.70968089677004,214.84293659827733]","[504.2631252993352,212.6404662961764,288.840269784065]","[true,true,true]",7.36231865900243e-05
high,79,Raw-data FSM,"[0.75,0.75,0.75]","[471.3471699409359,199.07081839552737,261.99757352745445]","[0.7135692574387776,0.7288796449488393,0.6639940131646401]","[449.80261002794515,162.2050474857469,255.4379146120987]","[-21.544559912990735,-36.86577090978048,-6.5596589153557545]","[40.669038108334036,24.207299400188628,22.901332709209584]","[383.02927784727007,122.66799505848768,214.15557104494587]","[516.9424854873627,200.1938326739684,289.55549499721275]","[true,true,true]",0.0002790003522627065
high,80,Raw-data FSM,"[0.75,0.75,0.75]","[471.3471699409359,199.07081839552737,261.99757352745445]","[0.6685988072842359,0.7177255126082903,0.7359201835393891]","[422.4353411372736,179.9960659671914,251.57022389962677]","[-48.911828803662274,-19.074752428335955,-10.427349627827681]","[39.373332657050675,23.313638492229597,23.568159807464045]","[360.7083655938466,142.0934813413758,210.21919648864386]","[489.16639675474886,217.08703071739947,288.326730337504]","[true,true,true]",0.00015962019502830697
high,81,Raw-data FSM,"[0.75,0.75,0.75]","[471.3471699409359,199.07081839552737,261.99757352745445]","[0.7460906863743074,0.7852121385109448,0.6488123488026876]","[469.8897063125756,166.2602537893664,275.8399517794944]","[-1.4574636283603013,-32.810564606160966,13.842378252039964]","[32.15296880510632,19.34835787724172,17.74703341133977]","[417.3387518324617,133.90237918725856,241.91804725672432]","[522.494557069159,197.18045789633052,298.53670799107005]","[true,false,true]",0.0007830664919550855
high,82,Raw-data FSM,"[0.75,0.75,0.75]","[471.3471699409359,199.07081839552737,261.99757352745445]","[0.652262169253825,0.6703959712851031,0.7372521807646742]","[412.66317731824495,172.51928298125944,235.6625393841414]","[-58.68399262269094,-26.55153541426793,-26.335034143313038]","[36.1336854363787,21.569274991799702,24.443362831597955]","[357.1966542761837,138.29947759242913,194.03178671998057]","[474.5240068132367,208.97801409704653,274.9941215355837]","[true,true,true]",0.000387796101633701
high,83,Raw-data FSM,"[0.75,0.75,0.75]","[471.3471699409359,199.07081839552737,261.99757352745445]","[0.7252390576648701,0.8232575016951587,0.7530779922795309]","[456.4388721178074,206.9463257104132,290.5079919236548]","[-14.908297823128464,7.875507314885823,28.51041839620035]","[32.17729080572255,15.059645913249598,10.784806525459397]","[405.0340153494067,183.49900744976154,269.5884118275189]","[508.45418119942383,230.16200526851682,300.7645100928157]","[true,true,false]",0.0001452076332573625
high,84,Raw-data FSM,"[0.75,0.75,0.75]","[471.3471699409359,199.07081839552737,261.99757352745445]","[0.7183112860953823,0.658665416322352,0.6987075660002202]","[452.1265699138425,166.6557182435223,231.92974506705488]","[-19.220600027093383,-32.41510015200507,-30.067828460399568]","[33.245769306940936,20.363870536354234,24.981955712840183]","[397.46069652788856,134.6067328325591,190.37313403012286]","[507.6285019617961,200.38836551936737,272.0579377486751]","[true,true,true]",0.0001673492973215127
high,85,Raw-data FSM,"[0.75,0.75,0.75]","[471.3471699409359,199.07081839552737,261.99757352745445]","[0.6824112254771572,0.7400849211502064,0.7553417663717278]","[430.62913058402364,190.68955088166626,259.31881100323176]","[-40.71803935691224,-8.381267513861104,-2.678762524222691]","[39.43852564876871,21.80204746893866,21.535936986585565]","[368.3417257601682,154.7889453623044,221.4227745182178]","[498.08503571797087,225.6247082611742,292.0664668830541]","[true,true,true]",0.00014057278026691498
high,86,Raw-data FSM,"[0.75,0.75,0.75]","[471.3471699409359,199.07081839552737,261.99757352745445]","[0.6055795393588569,0.7875595706427106,0.7603359461390966]","[386.3212060384923,188.06250979093673,276.60815002827104]","[-85.0259639024436,-11.008308604590638,14.610576500816592]","[31.0452224102634,17.416189587060078,15.756643248515784]","[337.50733466320145,159.75266126694885,247.35305071802236]","[438.53067345538886,216.27840909802114,298.2145804315843]","[false,true,true]",0.0005496096759737935
high,87,Raw-data FSM,"[0.75,0.75,0.75]","[471.3471699409359,199.07081839552737,261.99757352745445]","[0.6669062030947204,0.6307804655134694,0.7318174269366278]","[421.4288768032093,168.06841640520756,223.07231082668585]","[-49.91829313772661,-31.00240199031981,-38.9252627007686]","[39.27131499546986,22.784280876752497,24.383300545967284]","[360.25603576364216,131.68267268569073,183.03974177046032]","[487.75154600209424,205.89231304483906,263.40575839485894]","[true,true,true]",0.0005125032352908537
high,88,Raw-data FSM,"[0.75,0.75,0.75]","[471.3471699409359,199.07081839552737,261.99757352745445]","[0.6632503302347652,0.7846055379033116,0.6847663858294478]","[419.0746881438616,170.00382991088773,275.5221142035797]","[-52.272481797074306,-29.066988484639637,13.524540676125241]","[36.892835951914044,20.275215879794253,16.558991962118153]","[361.6688954430379,136.7513112122741,245.61612048649684]","[481.4625857117664,203.05237418341062,297.9122019921806]","[true,true,true]",0.00031499564590076645
high,89,Raw-data FSM,"[0.75,0.75,0.75]","[471.3471699409359,199.07081839552737,261.99757352745445]","[0.7478868343973156,0.7193187023979437,0.6646327979993802]","[471.2001342486404,165.01323632041667,252.0251761969612]","[-0.1470356922955034,-34.0575820751107,-9.972397330493237]","[33.91585433272552,20.85428083032263,22.462403159871585]","[414.4388232404309,131.0049947513003,213.0997261167336]","[525.827883345826,197.3641089101149,286.84688418849015]","[true,false,true]",0.0003266215082968484
high,90,Raw-data FSM,"[0.75,0.75,0.75]","[471.3471699409359,199.07081839552737,261.99757352745445]","[0.7139476021295798,0.7134790951448667,0.7141321553564058]","[449.5580893407574,177.8913031245378,250.02547421258114]","[-21.789080600178465,-21.179515270989555,-11.972099314873304]","[35.33964863502293,21.798052876663217,22.93945893794668]","[392.7399146177133,142.57927973014102,209.67339233293282]","[508.5635089689802,212.8959342284661,287.2603908850963]","[true,true,true]",4.785363346014526e-05
high,91,Raw-data FSM,"[0.75,0.75,0.75]","[471.3471699409359,199.07081839552737,261.99757352745445]","[0.7529448924249402,0.7445928323364258,0.6356070595026003]","[474.73289803022584,157.46805397512082,260.9080332559319]","[3.3857280892899553,-41.602764420406544,-1.0895402715225373]","[36.050025043620295,21.07804748499148,21.00604715784619]","[414.49281730300044,123.3729997274591,222.49348752838006]","[529.19087204848,190.62942476048218,291.8446412517101]","[true,false,true]",0.000740802962612082
high,92,Raw-data FSM,"[0.75,0.75,0.75]","[471.3471699409359,199.07081839552737,261.99757352745445]","[0.6893219578632723,0.742842411653397,0.7388170071589965]","[434.4807532964107,186.5725194011271,260.1287397239157]","[-36.8664166445252,-12.498298994400272,-1.8688338035387346]","[35.946331169270984,20.067522835413104,19.391954011262264]","[379.85514956150945,154.09609171098577,226.01741629669]","[493.695084650359,219.03748339152418,290.54621120966146]","[true,true,true]",7.147963401410451e-05
high,93,Raw-data FSM,"[0.75,0.75,0.75]","[471.3471699409359,199.07081839552737,261.99757352745445]","[0.6638745113307245,0.7204500302857153,0.7387458089756991]","[419.469303518691,180.55913138804812,252.35363506140118]","[-51.87786642224489,-18.511687007479253,-9.643938466053271]","[37.25260066554243,21.42060160371714,21.86945734201901]","[361.2148840786649,145.7356520899561,214.82374736972025]","[483.30593634845167,215.82341632339356,286.80903807357686]","[true,true,true]",0.00017955893392035543
high,94,Raw-data FSM,"[0.75,0.75,0.75]","[471.3471699409359,199.07081839552737,261.99757352745445]","[0.7167280383932578,0.759933835020661,0.7305137495183942]","[451.3529879878537,189.57872592923698,266.2825566329329]","[-19.994181953082204,-9.492092466290387,4.284983105478432]","[36.08895498359391,20.02194546560513,17.791451258934103]","[393.7773503324712,156.87047093386718,236.17803288040207]","[512.6719835817863,221.8279309344008,293.7559270242768]","[true,true,true]",3.280659482662779e-05
high,95,Raw-data FSM,"[0.75,0.75,0.75]","[471.3471699409359,199.07081839552737,261.99757352745445]","[0.7158357818108801,0.7416391749644279,0.6772010475480562]","[451.2489983206622,168.68386736433064,259.9328111290831]","[-20.09817162027366,-30.38695103119673,-2.064762398371329]","[40.875667800542004,23.83139313028368,22.087299918089744]","[384.9819711330046,129.0150506123158,220.2058979184204]","[516.6953550334742,206.3331634098338,292.60841134342814]","[true,true,true]",0.00021922471092752235
high,96,Raw-data FSM,"[0.75,0.75,0.75]","[471.3471699409359,199.07081839552737,261.99757352745445]","[0.7037922043946385,0.7432253081172723,0.6830371956849113]","[443.62612721581587,169.49068044290757,260.4268707047878]","[-27.721042725120014,-29.580137952619793,-1.5707028226666466]","[39.51490836070937,22.083665920523806,21.231950928155033]","[381.3399934666594,132.82211794122247,222.42410263429215]","[510.89196718246615,205.81943462077928,292.8736920890493]","[true,true,true]",0.00017805062228137892
high,97,Raw-data FSM,"[0.75,0.75,0.75]","[471.3471699409359,199.07081839552737,261.99757352745445]","[0.7271976528763782,0.6772140759378672,0.7463840490508062]","[458.2994491345007,185.57522061957718,237.7538680320482]","[-13.047720806435166,-13.495597775950188,-24.24370549540626]","[39.521537688318965,22.526053677671214,22.970500105710386]","[393.432481789544,149.34633644772842,198.89696542020798]","[521.2819170801647,221.67820711264307,274.7894603442961]","[true,true,true]",0.00016926864524110366
high,98,Raw-data FSM,"[0.75,0.75,0.75]","[471.3471699409359,199.07081839552737,261.99757352745445]","[0.6558517330068337,0.7540256142562647,0.7042794240176675]","[414.83179029291676,172.34889964161295,264.1453048496378]","[-56.51537964801912,-26.721918753914423,2.147731322183347]","[37.29943455682164,20.84011182808589,18.479615133321108]","[356.48121846485583,138.22042658222514,232.75329280264347]","[478.75581698111984,205.81335586311096,292.5716128398991]","[true,true,true]",0.00017013630403330278
high,99,Raw-data FSM,"[0.75,0.75,0.75]","[471.3471699409359,199.07081839552737,261.99757352745445]","[0.7529028761053093,0.7924048340803359,0.7781099612891665]","[474.28704841741194,215.10529573479425,278.57299652106326]","[2.9398784764760535,16.034477339266886,16.57542299360881]","[30.79531358756531,16.773429946376222,16.958768034538554]","[423.0927453466004,187.890701829627,244.7204668029319]","[523.5075798514495,240.52433165242718,298.9803255905546]","[true,true,true]",3.957163911134151e-05
