test_index,method,truth,estimate,sd,q05,q95,covers90,width90
0,rough pilot-only NPE,"[471.3471699409359,199.07081839552737,261.99757352745445]","[485.73673517870446,188.18108546373648,246.1406168005927]","[32.83289667071818,25.310893110928173,27.712315881179496]","[427.92791206277616,144.60454540479708,196.31312680615943]","[533.2444755697875,229.23785311063358,288.9482188473515]","[true,true,true]","[105.31656350701132,84.6333077058365,92.63509204119205]"
1,rough pilot-only NPE,"[471.3471699409359,199.07081839552737,261.99757352745445]","[386.7070865516765,152.912059723781,223.51239096108029]","[46.22895604602333,27.99770159303488,27.614463674521964]","[313.8356343551057,107.54935506867082,177.10256858127713]","[464.62066384367887,199.29455299052552,268.93556452010483]","[false,true,true]","[150.78502948857317,91.7451979218547,91.83299593882771]"
2,rough pilot-only NPE,"[471.3471699409359,199.07081839552737,261.99757352745445]","[447.87618526321415,192.03722726554685,256.3467392102941]","[43.61499931182782,25.574226751093327,24.126254289239398]","[376.24397524402644,148.46254304888575,213.07275966457345]","[517.9605813136332,231.74001891726812,292.2026015623258]","[true,true,true]","[141.7166060696067,83.27747586838237,79.12984189775236]"
3,rough pilot-only NPE,"[471.3471699409359,199.07081839552737,261.99757352745445]","[459.96459727008465,161.05652124463214,232.1628243212556]","[43.40062158851688,30.91910221339438,28.60651588548952]","[385.3607628275024,111.19493989669516,183.3278644245627]","[525.9138674465588,213.33465029971777,277.51955746710564]","[true,true,true]","[140.5531046190564,102.1397104030226,94.19169304254294]"
4,rough pilot-only NPE,"[471.3471699409359,199.07081839552737,261.99757352745445]","[491.8215473397882,197.75062578066414,216.29441900218487]","[30.393257095971137,17.550902061875572,21.786125350713146]","[438.01508417854035,167.43358284248367,178.1442698213718]","[536.0044868705046,225.28888648361973,250.3544135461909]","[true,true,false]","[97.98940269196424,57.85530364113606,72.21014372481909]"
5,rough pilot-only NPE,"[471.3471699409359,199.07081839552737,261.99757352745445]","[411.55890235665925,163.4224530393082,213.33155295662624]","[46.4768138112646,26.46035488782889,26.16021150649629]","[336.82489045646895,120.20963947771082,170.660625403273]","[489.5345589995599,207.53534868298559,257.23000301521387]","[true,true,false]","[152.70966854309097,87.32570920527476,86.56937761194087]"
6,rough pilot-only NPE,"[471.3471699409359,199.07081839552737,261.99757352745445]","[454.580794865779,130.6437641620935,272.72066201930835]","[45.69319675040922,32.49975307931934,18.402960790206272]","[378.38597540047,77.94100692933729,237.6412296714368]","[526.0866649369649,185.70461305421426,296.94261386462483]","[true,false,true]","[147.7006895364949,107.76360612487697,59.30138419318803]"
7,rough pilot-only NPE,"[471.3471699409359,199.07081839552737,261.99757352745445]","[490.97105661965264,162.8015029132782,223.13356964149511]","[30.665074947783914,26.316698222890526,27.583701716985566]","[435.38797253404636,119.68540005273627,175.6781320207559]","[534.6610772956321,206.9727758018696,267.34558501153253]","[true,true,true]","[99.27310476158578,87.28737574913333,91.66745299077664]"
8,rough pilot-only NPE,"[471.3471699409359,199.07081839552737,261.99757352745445]","[441.846297551761,198.06004524846333,252.7196745181712]","[43.13309089349999,22.15393775837641,23.330288959695704]","[369.99350779033233,159.98895413918092,211.3734966148334]","[515.548317132737,233.19629642244536,288.4567505060716]","[true,true,true]","[145.55480934240467,73.20734228326444,77.0832538912382]"
9,rough pilot-only NPE,"[471.3471699409359,199.07081839552737,261.99757352745445]","[467.71541392599687,185.652703194719,229.40059834096803]","[39.96351233361253,24.780395769716776,26.76853711860829]","[397.80732517479345,144.81915670226633,184.98015111262708]","[527.895532107762,226.33319723834455,273.06739542130634]","[true,true,true]","[130.0882069329686,81.51404053607823,88.08724430867926]"
10,rough pilot-only NPE,"[471.3471699409359,199.07081839552737,261.99757352745445]","[461.41170092789514,188.05395253411288,245.41185338864946]","[41.30663571373924,26.884524923385843,27.008256650807432]","[389.71684564100286,140.95928865879344,197.59983216308513]","[523.6270083198924,230.51618157403746,287.8102580559224]","[true,true,true]","[133.91016267888955,89.55689291524402,90.21042589283729]"
11,rough pilot-only NPE,"[471.3471699409359,199.07081839552737,261.99757352745445]","[436.725677867183,185.81221937456894,250.72565176552297]","[46.28807706261548,26.4834646617913,25.93418620214929]","[360.4751136194635,141.7428933751662,205.6420608859638]","[510.85401034242165,227.57914725506234,290.4844379566788]","[true,true,true]","[150.37889672295813,85.83625387989613,84.842377070715]"
12,rough pilot-only NPE,"[471.3471699409359,199.07081839552737,261.99757352745445]","[432.2593944287017,187.97850708608584,271.2396255452977]","[44.7204943394762,25.823154357268525,18.135009815239687]","[359.3353835679647,143.86996591972127,236.53781833970694]","[506.2787911451236,228.62522077964147,296.71139854455146]","[true,true,true]","[146.9434075771589,84.7552548599202,60.17358020484451]"
13,rough pilot-only NPE,"[471.3471699409359,199.07081839552737,261.99757352745445]","[457.4315313778057,194.34332969099486,271.56020428227527]","[42.088183017819766,25.761008002653124,18.650689849174608]","[386.56691479622555,149.50654230691597,236.64725189262998]","[522.9226799931002,233.96078433125092,297.19202074876864]","[true,true,true]","[136.3557651968747,84.45424202433495,60.54476885613866]"
14,rough pilot-only NPE,"[471.3471699409359,199.07081839552737,261.99757352745445]","[453.8453115170447,164.89565478116356,244.19228727492919]","[44.14402911384257,30.5614458263504,27.433845244643965]","[378.715120329059,114.47448534048087,195.7829646970417]","[522.1002290457769,215.54664689553724,286.67623186955245]","[true,true,true]","[143.38510871671792,101.07216155505637,90.89326717251075]"
15,rough pilot-only NPE,"[471.3471699409359,199.07081839552737,261.99757352745445]","[448.49267878971517,210.60495357708498,277.09912132157854]","[40.57112541124186,20.538196535163674,17.04367595108847]","[382.7050309430937,174.76258186011873,244.31522710255913]","[517.4589271155528,242.0829805131516,298.9201639706026]","[true,true,true]","[134.75389617245912,67.32039865303287,54.60493686804344]"
16,rough pilot-only NPE,"[471.3471699409359,199.07081839552737,261.99757352745445]","[424.79372681009124,169.0748856821034,272.44372824187144]","[47.49311890113205,29.150217219237728,17.629455631985365]","[347.77904030602315,121.3746806004491,239.66563869328678]","[503.7300838239817,216.13396617798685,296.9747760083332]","[true,true,true]","[155.95104351795857,94.75928557753775,57.30913731504643]"
17,rough pilot-only NPE,"[471.3471699409359,199.07081839552737,261.99757352745445]","[467.79176371386677,210.7981624841473,267.5171201250506]","[37.333879267453824,21.111655226783725,21.43968347519774]","[405.0107331832879,173.81416487535378,227.76233766353144]","[527.3545983397515,242.5137507311685,296.75950033459145]","[true,true,true]","[122.34386515646361,68.69958585581472,68.99716267106001]"
18,rough pilot-only NPE,"[471.3471699409359,199.07081839552737,261.99757352745445]","[484.3193782017247,195.99752863545234,252.0685529813576]","[33.71714719581511,24.113558248208243,25.842280664960203]","[425.1367974581266,155.5389557127362,205.44287354162077]","[532.606591473831,234.46206500708993,291.26328375335476]","[true,true,true]","[107.46979401570445,78.92310929435374,85.82041021173399]"
19,rough pilot-only NPE,"[471.3471699409359,199.07081839552737,261.99757352745445]","[486.39900019903916,219.85711481112838,275.3506068429387]","[32.192624370276995,18.97688926576717,19.74404193575594]","[430.4246225728167,184.79985800460292,237.10010296156022]","[535.5524671160077,247.48931426807363,299.0229876966514]","[true,true,true]","[105.12784454319103,62.6894562634707,61.92288473509117]"
20,rough pilot-only NPE,"[471.3471699409359,199.07081839552737,261.99757352745445]","[411.5499676657042,165.7997127214711,248.17774987729433]","[47.64687625895798,29.443822437466295,26.966650969663668]","[334.39522628979137,116.61909135713843,199.34554140657235]","[491.28742371786393,212.67478413419076,289.1683505002353]","[true,true,true]","[156.89219742807256,96.05569277705233,89.82280909366295]"
21,rough pilot-only NPE,"[471.3471699409359,199.07081839552737,261.99757352745445]","[450.65253258920677,163.974364794228,228.27969051244054]","[45.864991669075515,30.17068132293623,28.18348756901564]","[370.73062966721125,115.49626687514257,180.42085333800856]","[523.2342208316782,215.0758736517944,273.6358328025196]","[true,true,true]","[152.5035911644669,99.57960677665184,93.21497946451103]"
22,rough pilot-only NPE,"[471.3471699409359,199.07081839552737,261.99757352745445]","[376.77183607530793,164.12551128875086,272.25710297114796]","[46.93790097110053,27.990437387688257,18.102270820369682]","[301.2458000715184,117.34024072451126,238.0613416812408]","[454.9800605691486,209.0229659467121,296.95711479095115]","[false,true,true]","[153.7342604976302,91.68272522220084,58.89577310971035]"
23,rough pilot-only NPE,"[471.3471699409359,199.07081839552737,261.99757352745445]","[431.8547385900343,155.71486888727077,250.77445817007822]","[47.90639835318093,32.20294241090698,26.10307453895304]","[353.7119381382602,103.2504267150848,203.03067189351486]","[510.2530489625961,209.9888612678918,290.558926938222]","[true,true,true]","[156.54111082433587,106.73843455280699,87.52825504470712]"
24,rough pilot-only NPE,"[471.3471699409359,199.07081839552737,261.99757352745445]","[415.3829897362813,167.84399282118633,254.18099860114492]","[47.635101926890684,29.88061909623216,25.06701582456341]","[338.6481958704164,117.89047564433685,208.68755825385267]","[494.34241778325514,216.34013342428477,291.5579126411338]","[true,true,true]","[155.69422191283877,98.44965777994793,82.87035438728111]"
25,rough pilot-only NPE,"[471.3471699409359,199.07081839552737,261.99757352745445]","[435.8820643214327,200.78334620956124,273.1805108344123]","[43.11740850757335,22.722062219745087,18.011559736129126]","[367.66206850090117,161.59604798200402,239.13251637522833]","[510.411823845922,236.25067854427044,297.6152820965858]","[true,true,true]","[142.74975534502084,74.65463056226642,58.48276572135748]"
26,rough pilot-only NPE,"[471.3471699409359,199.07081839552737,261.99757352745445]","[456.23391090492214,138.78187417681605,227.93507946083153]","[45.56962691792105,32.340794312542,29.68475574755391]","[375.8650189632037,87.38762884808732,175.65444964380762]","[525.8047044076162,193.92822215655534,274.6088030973839]","[true,false,true]","[149.93968544441253,106.54059330846802,98.95435345357626]"
27,rough pilot-only NPE,"[471.3471699409359,199.07081839552737,261.99757352745445]","[463.33484573013726,174.8333065191708,236.70243311927794]","[41.16318061137201,28.701758832513576,28.36955836561727]","[391.14130291796164,126.73562135529583,188.05228943595992]","[525.630078522439,222.46254009422415,283.08390611575913]","[true,true,true]","[134.48877560447738,95.72691873892832,95.03161667979921]"
28,rough pilot-only NPE,"[471.3471699409359,199.07081839552737,261.99757352745445]","[489.71177491797425,182.92048947012745,270.9379909597109]","[33.080975745597804,26.00910801942427,21.05589994334373]","[430.94287816467914,139.16012513786282,228.98988349543166]","[535.4019501550628,224.5766976047071,297.8836304458973]","[true,true,true]","[104.45907199038362,85.41657246684429,68.89374695046567]"
29,rough pilot-only NPE,"[471.3471699409359,199.07081839552737,261.99757352745445]","[463.9245339741288,156.37552018769182,233.68856972398962]","[41.79028601461835,31.241488179293185,29.06749305387252]","[391.444987725241,106.23997061937757,182.96966366450553]","[526.3193781371148,207.60421701923013,278.5357099535631]","[true,true,true]","[134.87439041187378,101.36424639985256,95.5660462890576]"
30,rough pilot-only NPE,"[471.3471699409359,199.07081839552737,261.99757352745445]","[414.2801662544828,171.23256397080817,272.32224676379764]","[47.459631354347685,28.294384071399122,17.449842017860657]","[336.5556935846229,123.20181529471144,240.70728467586446]","[493.4901748068737,217.34985169523068,296.73731551297897]","[true,true,true]","[156.93448122225084,94.14803640051925,56.03003083711451]"
31,rough pilot-only NPE,"[471.3471699409359,199.07081839552737,261.99757352745445]","[452.83974612605704,191.73800107685454,271.3083958133185]","[42.372142664885786,26.41494596178111,18.70478451862959]","[382.976157142797,145.98351770139575,236.62778311678113]","[521.4011003294852,232.7532030182985,297.0717172555994]","[true,true,true]","[138.4249431866882,86.76968531690275,60.44393413881829]"
32,rough pilot-only NPE,"[471.3471699409359,199.07081839552737,261.99757352745445]","[433.3248969514733,180.672604002287,249.1561259145454]","[46.97450206136025,27.37394935614015,26.124207023761844]","[358.322791991454,135.316766678037,202.87085377053134]","[511.1847615023389,225.58286377765415,288.89254491539486]","[true,true,true]","[152.86196951088493,90.26609709961716,86.02169114486352]"
33,rough pilot-only NPE,"[471.3471699409359,199.07081839552737,261.99757352745445]","[442.85673083814123,174.99124356751264,248.6372925956932]","[45.74063650971953,29.403995283238807,26.450055704323248]","[366.67638219890586,126.18017213213578,201.46890763056277]","[516.7009379662744,222.27313642123957,288.854167323091]","[true,true,true]","[150.02455576736855,96.09296428910379,87.38525969252825]"
34,rough pilot-only NPE,"[471.3471699409359,199.07081839552737,261.99757352745445]","[485.81285550805757,139.05689193560875,247.422223851956]","[31.831042631844177,29.715093807671103,28.83811766562647]","[428.4856870142845,89.95606988427879,193.52171978513869]","[531.9023907558957,187.00038675168062,290.3987842110079]","[true,false,true]","[103.41670374161117,97.04431686740183,96.87706442586924]"
35,rough pilot-only NPE,"[471.3471699409359,199.07081839552737,261.99757352745445]","[491.18994708763137,158.78961430484918,213.57315511204652]","[31.030442509559588,25.37320435565304,26.881234847308846]","[434.2030745614755,118.10975543514428,168.38670680989128]","[534.1689750441873,201.4823215296703,257.5762311542359]","[true,true,false]","[99.96590048271179,83.37256609452601,89.18952434434465]"
36,rough pilot-only NPE,"[471.3471699409359,199.07081839552737,261.99757352745445]","[471.62092689341773,163.77877835212183,245.12226488275368]","[38.42440189036086,30.786008999403847,28.485363595307412]","[405.8926777511406,113.00266643109302,194.46967024016584]","[529.1390706850646,214.6016484369671,289.1650133253213]","[true,true,true]","[123.24639293392397,101.59898200587409,94.69534308515546]"
37,rough pilot-only NPE,"[471.3471699409359,199.07081839552737,261.99757352745445]","[353.5446358026793,155.60393509307917,244.53728428722852]","[42.486160716920324,27.190363646741393,27.2255915025814]","[286.2046052084294,109.7750549959974,195.20159211630627]","[426.27081772369837,199.60402258262948,286.32984778219617]","[false,true,true]","[140.06621251526894,89.82896758663209,91.1282556658899]"
38,rough pilot-only NPE,"[471.3471699409359,199.07081839552737,261.99757352745445]","[482.01832358978197,197.4824063087243,262.22050299529235]","[34.11481265130919,24.76227483976504,23.777846195888976]","[422.0153637901788,154.9771817852313,217.5658234908293]","[531.9305895696305,236.36956237997234,295.10939030659085]","[true,true,true]","[109.91522577945165,81.39238059474104,77.54356681576155]"
39,rough pilot-only NPE,"[471.3471699409359,199.07081839552737,261.99757352745445]","[478.75343440248116,160.68409505107218,269.93311517378004]","[37.847347357693266,28.980973369107936,20.096086252201584]","[412.49999059397084,112.17258349006434,231.10985417315638]","[533.4475782222866,206.9928021747993,297.3448232728726]","[true,true,true]","[120.94758762831572,94.82021868473495,66.23496909971621]"
40,rough pilot-only NPE,"[471.3471699409359,199.07081839552737,261.99757352745445]","[406.7209577276302,146.47192307570967,248.3102402666088]","[49.180985740794085,31.64993652734157,26.824570066784787]","[327.9151560289745,95.43027766114098,198.84535580685503]","[490.7596592942779,200.6033284623136,288.3991455745824]","[true,true,true]","[162.84450326530344,105.17305080117264,89.55378976772738]"
41,rough pilot-only NPE,"[471.3471699409359,199.07081839552737,261.99757352745445]","[424.86863319603333,144.29511905855784,185.1586518142118]","[46.18803546062831,26.344499392832322,24.244612501848813]","[349.34022055101934,102.44867046921391,147.44419588848604]","[499.32569356168847,189.546269471288,226.89513027510802]","[true,false,false]","[149.98547301066912,87.0975990020741,79.45093438662198]"
42,rough pilot-only NPE,"[471.3471699409359,199.07081839552737,261.99757352745445]","[487.06448647578907,203.18727339090503,267.224353899676]","[33.18940214232274,23.569896952180247,22.261463248010077]","[428.2400376235227,162.4996460680111,224.74618201936323]","[534.6199475549089,239.95573526453057,296.98130855081746]","[true,true,true]","[106.37990993138618,77.45608919651949,72.23512653145423]"
43,rough pilot-only NPE,"[471.3471699409359,199.07081839552737,261.99757352745445]","[483.94504394363787,144.01066085357198,251.92863868600247]","[32.02298355426176,29.43321664886926,27.491096347695052]","[426.1351930903592,94.82953365775327,200.71993382702962]","[530.5507648479728,190.99994660058346,291.8682713661045]","[true,false,true]","[104.41557175761358,96.17041294283018,91.1483375390749]"
44,rough pilot-only NPE,"[471.3471699409359,199.07081839552737,261.99757352745445]","[431.7551405995983,185.45464759479108,261.55339468794637]","[46.15578390303127,26.65261994259463,22.39975160588574]","[355.4091972562493,139.71667325600376,220.22719029626134]","[507.45978402578345,228.36947804071323,294.3981875683763]","[true,true,true]","[152.05058676953416,88.65280478470947,74.17099727211493]"
45,rough pilot-only NPE,"[471.3471699409359,199.07081839552737,261.99757352745445]","[362.95550745725205,99.53452794458417,227.7010535182289]","[47.20381254619937,31.372022695425766,29.790817112631277]","[289.1217861814082,50.9934299114841,177.3567141577312]","[444.9824063031513,154.38106377932093,276.2475000301495]","[false,false,true]","[155.86062012174312,103.38763386783683,98.89078587241832]"
46,rough pilot-only NPE,"[471.3471699409359,199.07081839552737,261.99757352745445]","[457.2561440539932,156.20244617546973,243.12175202420423]","[44.47482692172869,31.72480567417439,27.799577485970392]","[381.50783992558104,104.33191571388046,194.3973579320075]","[523.7174535306876,210.3233742854793,285.3411349694963]","[true,true,true]","[142.2096136051066,105.99145857159884,90.94377703748879]"
47,rough pilot-only NPE,"[471.3471699409359,199.07081839552737,261.99757352745445]","[412.9403082844731,157.84992043781057,240.5413230161358]","[47.29402713506623,30.86319096642132,28.459499667679925]","[336.52808132342227,106.6639545347728,190.08345209915007]","[491.45494196970856,208.4187929727445,285.3245898205958]","[true,true,true]","[154.9268606462863,101.75483843797171,95.24113772144574]"
48,rough pilot-only NPE,"[471.3471699409359,199.07081839552737,261.99757352745445]","[484.7480752107766,178.6295440545117,251.98624240170489]","[32.81844734099755,27.34384456720339,26.794835903532594]","[425.9924522739326,132.5939909712837,202.6552499711773]","[532.5311838183875,222.99209848865362,291.93324901332977]","[true,true,true]","[106.53873154445489,90.39810751736994,89.27799904215246]"
49,rough pilot-only NPE,"[471.3471699409359,199.07081839552737,261.99757352745445]","[399.4065480573348,183.70912145858202,270.97603079441467]","[44.37754429299173,25.428240639628537,18.26949481119533]","[327.40095214258196,140.48302461705546,236.8033756662663]","[475.5314520169314,223.8863170672872,296.50135367963867]","[true,true,true]","[148.13049987434943,83.40329245023173,59.697978013372364]"
50,rough pilot-only NPE,"[471.3471699409359,199.07081839552737,261.99757352745445]","[453.04752697455694,180.72910484226952,223.47047359305438]","[43.95272804893818,25.167427458971392,26.276161226626222]","[380.30672271359686,139.4332822201353,180.80422581711954]","[522.6532574261598,222.63419735433357,266.42645005052395]","[true,true,true]","[142.34653471256297,83.20091513419825,85.62222423340441]"
51,rough pilot-only NPE,"[471.3471699409359,199.07081839552737,261.99757352745445]","[430.80467299484286,187.05023537905785,257.1590268584767]","[46.42412348483087,25.900553405970726,23.571396493251605]","[355.3817782647516,142.60319213023618,214.65589996773843]","[507.7846800944371,228.04071414586232,292.6576478631968]","[true,true,true]","[152.4029018296855,85.43752201562614,78.00174789545838]"
52,rough pilot-only NPE,"[471.3471699409359,199.07081839552737,261.99757352745445]","[474.78036293865694,189.91463715262705,238.57437411988187]","[36.95665463805689,25.364492486911306,27.45083909873772]","[409.5447726012807,146.78098199520852,190.8768836617058]","[529.151809450428,229.7636128279864,281.70636142332194]","[true,true,true]","[119.60703684914728,82.98263083277789,90.82947776161615]"
53,rough pilot-only NPE,"[471.3471699409359,199.07081839552737,261.99757352745445]","[391.8052829301511,153.29165860424314,196.645497007559]","[45.1521960634774,25.159779362531584,24.72634665055552]","[320.7371207231035,112.25567476171754,157.08966546309108]","[469.5678136902406,195.76263141484674,237.98203908632001]","[false,false,false]","[148.8306929671371,83.5069566531292,80.89237362322893]"
54,rough pilot-only NPE,"[471.3471699409359,199.07081839552737,261.99757352745445]","[332.92347718647716,154.6197045876828,257.362836083681]","[40.94567963860609,26.050373280070016,24.236292653137127]","[268.3083159033996,111.49846104108354,213.25070372862734]","[403.1999280596872,196.528006645717,293.4798064057235]","[false,false,true]","[134.89161215628758,85.02954560463346,80.22910267709614]"
55,rough pilot-only NPE,"[471.3471699409359,199.07081839552737,261.99757352745445]","[488.42006189739425,214.5113461731352,260.16219318297476]","[31.421923323808098,19.25344121658069,23.53122577014785]","[433.1462897986239,179.26933126780347,217.0746218111528]","[534.8844337164359,243.26545119606365,294.44164625227114]","[true,true,true]","[101.73814391781195,63.996119928260185,77.36702444111833]"
56,rough pilot-only NPE,"[471.3471699409359,199.07081839552737,261.99757352745445]","[465.1763070942158,180.98594998413327,272.07627603391984]","[41.2275838255898,28.42707645496539,18.807367137614527]","[394.02784541495754,132.70778213322248,236.57407533012957]","[528.6269110435627,226.380898584334,297.181917528631]","[true,true,true]","[134.59906562860516,93.67311645111153,60.60784219850143]"
57,rough pilot-only NPE,"[471.3471699409359,199.07081839552737,261.99757352745445]","[446.9027229309938,173.40705876546096,243.04715059034353]","[45.96479841081603,29.751008295012372,27.81750735461205]","[369.4233023731928,125.55028052547928,193.97524840166915]","[520.3800728763125,222.30223612302728,286.3470611349717]","[true,true,true]","[150.95677050311969,96.751955597548,92.37181273330253]"
58,rough pilot-only NPE,"[471.3471699409359,199.07081839552737,261.99757352745445]","[391.0759452130237,136.39620606016288,246.6735505591587]","[48.44978074369259,32.149318411912205,27.45803549896208]","[315.32575283743677,85.25215501966213,196.99994753415942]","[472.98486235665575,191.19409250996807,289.3239614486369]","[true,false,true]","[157.659109519219,105.94193749030595,92.32401391447749]"
59,rough pilot-only NPE,"[471.3471699409359,199.07081839552737,261.99757352745445]","[424.5714107934599,192.19315301633003,266.3087368553853]","[44.406026734432835,24.56018458892138,20.563745022611712]","[351.8095859386936,148.6711108088958,228.5844442772204]","[498.21109002868366,230.20734663603184,295.36137097011033]","[true,true,true]","[146.40150408999006,81.53623582713604,66.77692669288993]"
60,rough pilot-only NPE,"[471.3471699409359,199.07081839552737,261.99757352745445]","[408.43381203442385,174.15815094436095,255.91135418900623]","[47.24875766558208,28.356066534283666,24.22903356091457]","[332.22037310721214,126.9251484151733,212.1850391833161]","[487.9659106660946,218.80459572136292,292.3718803499399]","[true,true,true]","[155.74553755888246,91.87944730618962,80.1868411666238]"
61,rough pilot-only NPE,"[471.3471699409359,199.07081839552737,261.99757352745445]","[481.77299763174494,203.28807455192253,237.60700041978637]","[33.89332752370919,19.78829025700745,23.790968127646728]","[422.7999787001216,168.26559866088417,197.4569923691401]","[533.2799990356746,233.86705316707807,275.7554016889358]","[true,true,true]","[110.48002033555298,65.6014545061939,78.29840931979572]"
62,rough pilot-only NPE,"[471.3471699409359,199.07081839552737,261.99757352745445]","[485.54919215166393,199.38947097624288,247.62590707877442]","[32.954540823549,23.409417659872943,26.54331888049218]","[427.81286553977725,159.02569900351529,202.13930604673777]","[533.3059255632076,235.96800000778444,288.5120871186004]","[true,true,true]","[105.4930600234303,76.94230100426915,86.37278107186262]"
63,rough pilot-only NPE,"[471.3471699409359,199.07081839552737,261.99757352745445]","[486.2162514228859,212.91541948258876,271.3906753299155]","[33.458954010726316,21.140644388514808,20.520877174823962]","[427.0769546225113,175.4446253245991,233.43132922008104]","[534.5499067980818,243.8827652485059,298.0443317968174]","[true,true,true]","[107.47295217557047,68.43813992390682,64.61300257673636]"
64,rough pilot-only NPE,"[471.3471699409359,199.07081839552737,261.99757352745445]","[487.08528811577185,166.5001125598904,243.81233524165805]","[31.735320097567627,27.661507555546876,28.227344993621802]","[428.4596684940074,120.29655949132943,192.98594642424038]","[532.3954523280458,211.8697893426205,287.47321942044886]","[true,true,true]","[103.93578383403843,91.57322985129106,94.48727299620847]"
65,rough pilot-only NPE,"[471.3471699409359,199.07081839552737,261.99757352745445]","[437.5897670434375,163.1279977494641,248.45756375170058]","[47.296842991240794,31.089913106973363,26.609021111578382]","[360.1923025164695,111.9263119952311,201.20074913018934]","[515.1441797399217,215.19507687408827,289.0005141423186]","[true,true,true]","[154.9518772234522,103.26876487885717,87.79976501212926]"
66,rough pilot-only NPE,"[471.3471699409359,199.07081839552737,261.99757352745445]","[355.99813153964465,169.05003203747623,255.6973826190407]","[43.18466397259942,24.87861709891181,23.63872641572224]","[287.0993215258341,126.53959634032621,214.02124577709117]","[429.6769087354986,207.84522332576552,291.2453903463454]","[false,true,true]","[142.5775872096645,81.3056269854393,77.22414456925424]"
67,rough pilot-only NPE,"[471.3471699409359,199.07081839552737,261.99757352745445]","[451.11660115779097,179.50641567776458,225.10546353771343]","[44.758601802252606,25.394160199955007,25.89817131090671]","[375.63277620204093,137.09835829479997,181.7839783268336]","[520.8813040228476,220.45009365917085,266.56803891102146]","[true,true,true]","[145.24852782080671,83.35173536437088,84.78406058418787]"
68,rough pilot-only NPE,"[471.3471699409359,199.07081839552737,261.99757352745445]","[432.7032035346098,174.58468703568712,257.1764879349395]","[46.65227627079939,28.76694224620985,23.646814824537223]","[355.96884095424434,124.55110013225892,214.74782243668471]","[508.88207551172445,220.10838881194124,292.6236974051896]","[true,true,true]","[152.9132345574801,95.55728867968232,77.87587496850489]"
69,rough pilot-only NPE,"[471.3471699409359,199.07081839552737,261.99757352745445]","[449.4793472415148,160.18232508352338,237.91277065063747]","[46.579849139336545,31.18976736819088,28.595827735534513]","[370.4925394813934,109.0971985167883,186.11136881397812]","[522.1539635780703,211.84395921140504,282.7312166425959]","[true,true,true]","[151.66142409667685,102.74676069461674,96.61984782861776]"
70,rough pilot-only NPE,"[471.3471699409359,199.07081839552737,261.99757352745445]","[356.8371206161254,167.142753160464,236.49253030109145]","[41.98563044025966,24.415928999335623,26.26210920707057]","[289.8143827734231,125.29425631299408,192.52689125554977]","[429.50265400303493,206.3128567411152,279.4199684126201]","[false,true,true]","[139.68827122961181,81.01860042812113,86.89307715707034]"
71,rough pilot-only NPE,"[471.3471699409359,199.07081839552737,261.99757352745445]","[410.47842844209964,159.22410096933905,210.58035838035303]","[45.82536232851776,26.941604882541093,26.511538280857465]","[335.9862155520402,114.8402256066625,167.72917628858136]","[487.2025509557852,204.06036471469568,254.60568023448897]","[true,true,false]","[151.216335403745,89.22013910803318,86.87650394590761]"
72,rough pilot-only NPE,"[471.3471699409359,199.07081839552737,261.99757352745445]","[453.7664572420504,172.23007992754947,243.00045701269255]","[43.40445727682428,29.486103312043998,27.398265283022198]","[379.43829556495285,122.5829251560435,195.05241585138526]","[521.304484255636,220.46199526563373,285.2192470573271]","[true,true,true]","[141.86618869068315,97.87907010959023,90.16683120594183]"
73,rough pilot-only NPE,"[471.3471699409359,199.07081839552737,261.99757352745445]","[492.9659090281488,159.34728114720372,203.54068112823776]","[31.13817629748647,24.439157116832625,24.3622434102649]","[435.04625768676794,120.49127487443306,162.59469219573003]","[535.3877563428567,200.9622528623096,244.49221495787458]","[true,true,false]","[100.34149865608879,80.47097798787655,81.89752276214455]"
74,rough pilot-only NPE,"[471.3471699409359,199.07081839552737,261.99757352745445]","[446.5998195639812,130.2507041945559,186.46231462571527]","[46.041901457446514,29.11745219352812,25.532644771953706]","[370.0432968055795,84.98980719545439,146.79387827503115]","[520.2517447534306,179.68517371888973,229.8327117623001]","[true,false,false]","[150.20844794785108,94.69536652343534,83.03883348726896]"
75,rough pilot-only NPE,"[471.3471699409359,199.07081839552737,261.99757352745445]","[462.42530287960824,139.9739484197976,203.4532108569564]","[42.96624932070442,30.158998310165696,27.327041017428865]","[386.9589161919449,92.22032404241624,160.04329140731846]","[526.5033759146121,192.46267618869118,249.26486492435436]","[true,false,false]","[139.54445972266717,100.24235214627494,89.22157351703589]"
76,rough pilot-only NPE,"[471.3471699409359,199.07081839552737,261.99757352745445]","[382.5624188866531,153.70832100059775,272.20015462348215]","[47.92297708646274,29.53569363523896,18.03743907662804]","[303.0220242817851,105.56141402683093,237.9432649598607]","[464.21192606604626,202.57385260416382,296.8489027269083]","[false,true,true]","[161.18990178426117,97.01243857733289,58.90563776704761]"
77,rough pilot-only NPE,"[471.3471699409359,199.07081839552737,261.99757352745445]","[473.0464489690045,154.6805976930694,181.8862543941521]","[39.662111369985325,24.21164295948482,22.45677149688137]","[402.40542865316775,116.09540365502751,146.9453901500302]","[530.0702133477482,194.91876742688098,220.6925609339994]","[true,false,false]","[127.66478469458048,78.82336377185347,73.74717078396921]"
78,rough pilot-only NPE,"[471.3471699409359,199.07081839552737,261.99757352745445]","[444.1021695546877,171.02478789241184,253.73664318857956]","[45.34591064511599,30.18389787648927,25.38190427347906]","[366.935018200864,121.09560926292365,207.33921652255538]","[515.3965923184139,220.53472653443885,291.03808318388985]","[true,true,true]","[148.4615741175499,99.4391172715152,83.69886666133448]"
79,rough pilot-only NPE,"[471.3471699409359,199.07081839552737,261.99757352745445]","[432.91603584636164,134.47276525593364,243.64095344343727]","[48.62230266156069,34.12919083096073,28.63926175351092]","[353.8979999265632,80.34196708149284,192.2025782816716]","[513.5330634150921,191.9975042067786,287.73126124889717]","[true,false,true]","[159.63506348852889,111.65553712528575,95.52868296722556]"
80,rough pilot-only NPE,"[471.3471699409359,199.07081839552737,261.99757352745445]","[416.977558154532,155.5799426563248,244.39965164753963]","[47.13307432677806,31.291665692768223,27.630836758387364]","[341.71723214460206,104.00941023316604,195.87781378241272]","[497.38457814652435,207.44110468462227,287.3933869470854]","[true,true,true]","[155.66734600192228,103.43169445145624,91.51557316467267]"
81,rough pilot-only NPE,"[471.3471699409359,199.07081839552737,261.99757352745445]","[489.61185787601516,181.44260534414045,271.3551530400923]","[32.98765987489331,26.79828376273114,20.987854674151514]","[429.93874421508195,136.85315894011595,230.11207594832487]","[536.2466794519199,225.14581524206977,297.79713199719015]","[true,true,true]","[106.30793523683798,88.29265630195383,67.68505604886528]"
82,rough pilot-only NPE,"[471.3471699409359,199.07081839552737,261.99757352745445]","[450.055133434262,184.2703696712509,232.12281307079786]","[44.49548682032511,25.60162191819594,26.858071482100392]","[374.3968711717727,140.1653707443514,186.7236092256337]","[521.1604287899569,225.05556812939273,275.23563918725904]","[true,true,true]","[146.76355761818417,84.89019738504132,88.51202996162533]"
83,rough pilot-only NPE,"[471.3471699409359,199.07081839552737,261.99757352745445]","[488.9009543929779,222.9701911995934,279.1741834449513]","[30.4975072402639,18.671603601236,17.6740051285659]","[436.5657945150544,188.31259878708846,244.66075713796576]","[534.5271355427391,249.403669660613,299.395612123996]","[true,true,true]","[97.96134102768468,61.09107087352453,54.73485498603023]"
84,rough pilot-only NPE,"[471.3471699409359,199.07081839552737,261.99757352745445]","[482.50629772197715,152.45917910863977,231.56860814641294]","[33.826318131074686,28.44233049725023,29.036601409687897]","[422.51767524144725,106.25054714702743,180.94983782945602]","[530.0316039155902,199.59259814581569,277.87090038179804]","[true,true,true]","[107.5139286741429,93.34205099878825,96.92106255234202]"
85,rough pilot-only NPE,"[471.3471699409359,199.07081839552737,261.99757352745445]","[378.52490797396484,176.38058900363842,250.18633157439712]","[43.954458997957175,24.638033750899382,25.11060334283832]","[308.9797521214653,133.84575993653698,205.6146436373775]","[454.5750802685259,214.86763661762075,288.7618298068566]","[false,true,true]","[145.59532814706057,81.02187668108377,83.14718616947911]"
86,rough pilot-only NPE,"[471.3471699409359,199.07081839552737,261.99757352745445]","[442.0729231774589,202.79912227892896,273.46762001774295]","[41.78093573244591,22.67459504255744,18.165584625375196]","[373.31505139280495,162.138872338274,239.15722033769308]","[514.1889506482869,237.31282867218968,297.49838459645184]","[true,true,true]","[140.87389925548194,75.17395633391567,58.341164258758766]"
87,rough pilot-only NPE,"[471.3471699409359,199.07081839552737,261.99757352745445]","[443.61847034473635,179.009209696032,240.81285687481216]","[46.19364753828731,28.747373280495708,27.683901923026124]","[364.2227477851614,130.766898019417,193.90983785241787]","[517.9933662648631,224.97108062094625,284.4318478456981]","[true,true,true]","[153.77061847970168,94.20418260152925,90.52200999328022]"
88,rough pilot-only NPE,"[471.3471699409359,199.07081839552737,261.99757352745445]","[432.58559218321994,142.2978137257855,273.4902935397046]","[48.82858867761445,31.999889780051355,17.542524361802144]","[352.56554565475136,90.16516583115963,240.49378100597]","[514.0933014783359,195.32212810545684,297.1745251170937]","[true,false,true]","[161.52775582358453,105.15696227429721,56.680744111123715]"
89,rough pilot-only NPE,"[471.3471699409359,199.07081839552737,261.99757352745445]","[490.13754323188095,142.95648391785184,227.65726014580267]","[30.54397856216556,27.460103270241337,28.448379998458723]","[435.8257807386371,97.01622529163214,177.70355048805365]","[533.2860022211371,188.42598240792663,273.21562298498407]","[true,false,true]","[97.4602214825,91.40975711629449,95.51207249693041]"
90,rough pilot-only NPE,"[471.3471699409359,199.07081839552737,261.99757352745445]","[471.7292457970609,165.87529161363202,233.07419744070867]","[38.72571507971378,29.321747421313887,28.839232622268263]","[404.77097579907104,118.85748222649225,183.09053859335938]","[528.9309658435909,214.75338030254684,278.86537200986146]","[true,true,true]","[124.15999004451987,95.89589807605459,95.77483341650208]"
91,rough pilot-only NPE,"[471.3471699409359,199.07081839552737,261.99757352745445]","[448.18530758911436,198.42204346106396,271.60311732961503]","[42.3355448194109,24.25562571598039,18.816304119918755]","[377.96705090647237,156.14024134619265,236.7178371555525]","[517.6045630961403,236.07943723078589,297.3661155359739]","[true,true,true]","[139.63751218966792,79.93919588459323,60.6482783804214]"
92,rough pilot-only NPE,"[471.3471699409359,199.07081839552737,261.99757352745445]","[431.6389994170272,195.3482797082692,254.4175557372979]","[43.8709706295884,22.208020790095052,23.26551512313529]","[361.73138511968307,158.3253275303218,213.54410223701024]","[507.98631724804375,231.11559334900122,289.88924356018845]","[true,true,true]","[146.25493212836068,72.79026581867942,76.34514132317821]"
93,rough pilot-only NPE,"[471.3471699409359,199.07081839552737,261.99757352745445]","[436.7880001744768,194.04792981683238,265.41926333337534]","[43.800062599442,24.44525908680145,21.07272678811305]","[365.0829503263666,152.46348317324583,226.01760184822328]","[508.87708143421776,231.86979679172003,295.53905439164726]","[true,true,true]","[143.79413110785117,79.4063136184742,69.52145254342398]"
94,rough pilot-only NPE,"[471.3471699409359,199.07081839552737,261.99757352745445]","[399.84724389226636,153.27234011279057,272.6288202920617]","[50.224163138999685,30.262503268880938,17.383758469642196]","[318.0640246891922,103.3416971515468,241.12808005515694]","[485.82680804645094,203.02816659932273,297.0439666365714]","[true,true,true]","[167.76278335725874,99.68646944777593,55.91588658141444]"
95,rough pilot-only NPE,"[471.3471699409359,199.07081839552737,261.99757352745445]","[414.5535892611756,159.6560101577587,238.67746958685825]","[46.54817721347466,29.693905526769523,28.035507165188427]","[340.4441387043469,110.45245311652475,189.13126668258292]","[492.41582617555076,209.17006226242623,281.83234475518975]","[true,true,true]","[151.97168747120384,98.71760914590148,92.70107807260683]"
96,rough pilot-only NPE,"[471.3471699409359,199.07081839552737,261.99757352745445]","[423.80085935642484,178.81974281811748,238.51875489433095]","[47.19352978306719,27.005392123732754,27.30032690449081]","[345.7958932639028,133.56478788975343,191.88368331579406]","[502.48439953915135,222.71708511880541,281.1240890281737]","[true,true,true]","[156.68850627524853,89.15229722905198,89.24040571237967]"
97,rough pilot-only NPE,"[471.3471699409359,199.07081839552737,261.99757352745445]","[426.388092607278,177.07253619731844,241.10026410818304]","[46.629798045263186,27.725778480608962,27.411696151843262]","[350.397836878493,129.72664830435374,192.70267305684982]","[503.2299202499468,221.54282484183938,284.2688076969811]","[true,true,true]","[152.8320833714538,91.81617653748563,91.56613464013131]"
98,rough pilot-only NPE,"[471.3471699409359,199.07081839552737,261.99757352745445]","[409.6575687753173,181.04562997765316,271.3075862207402]","[46.03231038651762,26.325249091658804,18.396059603646076]","[333.46078831095326,136.11042294040655,237.72398691357452]","[484.93093084992995,222.5266365570569,296.8384966413369]","[true,true,true]","[151.4701425389767,86.41621361665034,59.114509727762396]"
99,rough pilot-only NPE,"[471.3471699409359,199.07081839552737,261.99757352745445]","[487.56636548819273,216.49695342755732,274.46881907699776]","[32.81361206559986,20.450032270112306,19.472829554771423]","[431.53485534828076,179.6417650217553,236.3768701062242]","[535.1892473882968,246.22213001262463,298.48915108181836]","[true,true,true]","[103.65439204001609,66.58036499086933,62.11228097559416]"
0,rough Linear NPE,"[471.3471699409359,199.07081839552737,261.99757352745445]","[473.3702751026934,193.57575543110184,249.7083976079713]","[36.52099550366997,21.73306670353642,20.60033372927529]","[408.6684589554345,157.39718313545086,216.203270419546]","[528.4061586245058,228.49916006255376,284.25623788289056]","[true,true,true]","[119.73769966907128,71.1019769271029,68.05296746334457]"
1,rough Linear NPE,"[471.3471699409359,199.07081839552737,261.99757352745445]","[454.2093683801122,158.06358247302353,231.8452810683176]","[32.30941698203845,22.35005466027696,18.438258505186138]","[400.4051541793765,119.10777940310498,200.90785626805447]","[507.33446455855295,193.40437121566526,261.9127138324386]","[true,false,false]","[106.92931037917646,74.29659181256028,61.00485756438414]"
2,rough Linear NPE,"[471.3471699409359,199.07081839552737,261.99757352745445]","[458.11076521795195,204.12786495526788,259.67322789577815]","[32.41902919899666,21.916832566003816,20.85613547533617]","[404.86510686683874,165.68242577049975,224.34321317355113]","[512.90677874981,237.50952574421356,292.87816207445593]","[true,true,true]","[108.04167188297123,71.82709997371381,68.5349489009048]"
3,rough Linear NPE,"[471.3471699409359,199.07081839552737,261.99757352745445]","[449.1513133321206,179.5371708696323,240.10189955741637]","[30.075345004766998,19.27979911929673,17.838602047344267]","[401.2635223197706,148.75024500818645,211.82035352861098]","[500.33707939842395,211.88897607662494,269.7360223785539]","[true,true,true]","[99.07355707865338,63.13873106843849,57.91566884994293]"
4,rough Linear NPE,"[471.3471699409359,199.07081839552737,261.99757352745445]","[489.51464490744684,203.25272558859498,232.71913141576587]","[28.23462912790632,18.228073074422472,18.87068179665933]","[440.94266602142574,172.2102222799203,202.57634083926948]","[532.8443094905335,232.3402686622158,264.65494843324717]","[true,true,true]","[91.9016434691078,60.13004638229552,62.078607593977694]"
5,rough Linear NPE,"[471.3471699409359,199.07081839552737,261.99757352745445]","[440.5322416811115,178.99283962112904,231.8590722673112]","[34.58969050322336,24.33434723709865,19.67561177587319]","[379.5336046401522,134.64902030248925,197.61644460779388]","[495.64108140304324,215.9986508563154,262.86186312371944]","[true,true,true]","[116.10747676289105,81.34963055382616,65.24541851592556]"
6,rough Linear NPE,"[471.3471699409359,199.07081839552737,261.99757352745445]","[474.26969321397587,205.70866142045534,281.1951596479271]","[29.028014741860638,17.170806508059393,14.536764162335231]","[426.9416831361808,175.79557644186352,253.30893087338268]","[522.5665957523275,232.79170078647837,299.6395205655784]","[true,true,true]","[95.62491261614673,56.996124344614856,46.3305896921957]"
7,rough Linear NPE,"[471.3471699409359,199.07081839552737,261.99757352745445]","[487.5548744634333,189.50599042913046,233.23933015969098]","[33.940285909226255,20.266854805420294,18.34630444198419]","[424.6122902396991,154.97021195561598,203.50273132737252]","[534.5642254058813,221.78689081890417,264.1092707068102]","[true,true,true]","[109.95193516618218,66.81667886328819,60.60653937943769]"
8,rough Linear NPE,"[471.3471699409359,199.07081839552737,261.99757352745445]","[442.9412481128175,193.81411885409298,235.40158779029431]","[31.86117817867434,20.600844255170166,20.279934528500142]","[390.89537917879755,159.5743781503344,202.48219867277442]","[496.1987350848328,226.96802012133853,269.6288349156625]","[true,true,true]","[105.30335590603522,67.39364197100412,67.14663624288806]"
9,rough Linear NPE,"[471.3471699409359,199.07081839552737,261.99757352745445]","[467.99281966927646,193.86722179968658,247.97344496143987]","[35.259610969273055,24.008625071607856,21.682667826960245]","[407.81292828571185,152.5872374066328,212.3894349950778]","[523.5117581900624,232.13718712369192,283.52595786606076]","[true,true,true]","[115.69882990435059,79.54994971705912,71.13652287098296]"
10,rough Linear NPE,"[471.3471699409359,199.07081839552737,261.99757352745445]","[457.7969789745684,189.76848220972443,257.05656331706734]","[35.30284023751292,23.562192792268846,20.709039262272313]","[397.35806500687926,149.95828791958343,222.09317152351474]","[515.1390690108062,226.70813767538132,290.3500592491326]","[true,true,true]","[117.78100400392697,76.7498497557979,68.25688772561784]"
11,rough Linear NPE,"[471.3471699409359,199.07081839552737,261.99757352745445]","[431.48365178533516,193.10650269051166,251.87282937439252]","[30.432928595342773,21.20421691836212,19.874148272607165]","[381.40783664043187,156.6904417530303,218.34993279192852]","[481.6796608261218,226.3587194230695,285.11070625555715]","[true,true,true]","[100.27182418568992,69.66827767003917,66.76077346362862]"
12,rough Linear NPE,"[471.3471699409359,199.07081839552737,261.99757352745445]","[423.53794143788775,200.46379572168286,268.3781519745822]","[27.377826182433648,18.462711104824884,18.07317460567025]","[380.5924343050046,168.265320194934,236.82938963378504]","[469.971352687438,229.19192737051804,296.2335534428859]","[false,true,true]","[89.37891838243343,60.92660717558405,59.40416380910088]"
13,rough Linear NPE,"[471.3471699409359,199.07081839552737,261.99757352745445]","[476.46085406291616,205.40463516595926,262.16871362491975]","[30.782484676375223,21.209177858427726,19.78748654574811]","[424.6355775128451,168.52656521680223,229.21562196513685]","[525.1789891637812,238.94996747383567,293.58132470146927]","[true,true,true]","[100.54341165093615,70.42340225703344,64.36570273633242]"
14,rough Linear NPE,"[471.3471699409359,199.07081839552737,261.99757352745445]","[448.32025434865875,183.36838898251153,254.02759443850704]","[29.837402561122893,19.95532795443842,19.207101084612468]","[399.44097889200754,150.92307183168234,222.38882702479953]","[498.17167028834297,216.57896034617002,285.8095514856268]","[true,true,true]","[98.73069139633543,65.65588851448769,63.42072446082727]"
15,rough Linear NPE,"[471.3471699409359,199.07081839552737,261.99757352745445]","[458.4977848337708,213.69627993853842,273.1569157074241]","[28.71758810256821,19.184888784450916,19.598562327750653]","[411.7564288054379,179.4683217131084,235.95507640363493]","[506.2259343764082,242.13433921979333,298.58234598433677]","[true,true,true]","[94.46950557097028,62.66601750668494,62.627269580701835]"
16,rough Linear NPE,"[471.3471699409359,199.07081839552737,261.99757352745445]","[450.36656046316244,192.07052341031877,262.4941198169123]","[30.146479610624375,20.680012806987943,19.67411052452364]","[402.0244676714482,158.08534140787228,228.74481458947338]","[502.68274931350317,226.01073003355825,293.9148702907173]","[true,true,true]","[100.65828164205499,67.92538862568597,65.17005570124394]"
17,rough Linear NPE,"[471.3471699409359,199.07081839552737,261.99757352745445]","[487.55962917970874,216.0238900362732,264.3720279614572]","[28.818747626632828,19.686070382543658,20.69378441915832]","[437.4662304651489,181.61456580487064,228.15035229956257]","[532.9512472435679,245.8080778947566,295.94402764282484]","[true,true,true]","[95.48501677841898,64.19351208988596,67.79367534326227]"
18,rough Linear NPE,"[471.3471699409359,199.07081839552737,261.99757352745445]","[475.7659234849858,196.97550474036115,253.01638068402306]","[37.4036199311401,22.751884003500944,21.344687241237416]","[408.66628481080386,159.19641496077986,217.697055458519]","[531.8215710588652,232.9996786201071,289.1026252732485]","[true,true,true]","[123.15528624806132,73.80326365932723,71.40556981472952]"
19,rough Linear NPE,"[471.3471699409359,199.07081839552737,261.99757352745445]","[505.5031398339117,219.76320033356166,270.20623834380456]","[24.029358277093568,17.81488589785332,19.766399691117975]","[460.86179110344705,188.3396829365934,234.9656662804248]","[538.1477733806285,246.4175166698244,298.06125930455454]","[true,true,true]","[77.2859822771814,58.07783373323102,63.09559302412973]"
20,rough Linear NPE,"[471.3471699409359,199.07081839552737,261.99757352745445]","[478.5144572306263,190.2623356955358,244.42531685096378]","[30.80795002022756,21.121721104960006,17.98351515746367]","[427.0562243996489,154.7966140155332,214.65050738794983]","[527.1718603502835,222.98724251563561,273.0606890291837]","[true,true,true]","[100.11563595063461,68.1906285001024,58.41018164123389]"
21,rough Linear NPE,"[471.3471699409359,199.07081839552737,261.99757352745445]","[437.36132083578326,180.5182094196021,254.65848196888004]","[28.808686522981585,19.2530042743164,18.23241001789015]","[390.2092698420146,148.62718071196448,224.4014934601294]","[486.33821657168835,212.34722316690232,284.82963997396365]","[true,true,true]","[96.12894672967377,63.72004245493784,60.428146513834264]"
22,rough Linear NPE,"[471.3471699409359,199.07081839552737,261.99757352745445]","[475.7261124509238,199.54958322923534,275.0913456060222]","[29.73893503335228,20.084785043085812,15.834827277020207]","[426.4429146885467,165.09683358972927,247.33976835059707]","[524.4132878731269,230.992572451125,298.06425890016385]","[true,true,true]","[97.97037318458024,65.89573886139573,50.72449054956678]"
23,rough Linear NPE,"[471.3471699409359,199.07081839552737,261.99757352745445]","[464.0989130604585,181.8060140455485,253.77520494946168]","[29.845707352101915,19.65456713317223,18.795928952022983]","[415.81154101385823,149.40492599326376,222.20043526603342]","[514.9090818114697,214.07619373953779,284.1939223988903]","[true,true,true]","[99.09754079761149,64.67126774627403,61.9934871328569]"
24,rough Linear NPE,"[471.3471699409359,199.07081839552737,261.99757352745445]","[500.02737076549363,202.5656855248956,255.65849271442252]","[27.807557195722147,21.16691973807243,19.5679550931148]","[449.774184622423,166.1484345509178,224.04734465005197]","[537.3503215421811,235.47216547309162,287.9954603991267]","[true,true,true]","[87.57613691975808,69.32373092217381,63.94811574907476]"
25,rough Linear NPE,"[471.3471699409359,199.07081839552737,261.99757352745445]","[452.15119954207614,209.87182974321684,272.04331517869196]","[29.991644236460232,21.891960791959338,18.40468498978309]","[404.16732289471975,169.34027209875913,238.81942297839024]","[502.33524951760694,240.76623672681444,297.9647038283878]","[true,true,true]","[98.1679266228872,71.42596462805531,59.14528084999759]"
26,rough Linear NPE,"[471.3471699409359,199.07081839552737,261.99757352745445]","[432.13522607459714,171.19446751375864,243.19812672427403]","[29.250306228187007,19.120747577547572,17.79186566433389]","[385.0128985359807,139.7927204920977,213.85386760367416]","[481.206402482955,202.51178486230955,272.33531070777343]","[true,true,true]","[96.19350394697432,62.71906437021187,58.48144310409927]"
27,rough Linear NPE,"[471.3471699409359,199.07081839552737,261.99757352745445]","[459.4384938510808,191.77220720057508,249.36511159536852]","[32.01107371139854,20.521291676666365,19.301114220622633]","[404.9755566427316,158.1525743797357,218.7649813215992]","[511.24523407548907,225.90306459021494,282.22460478392344]","[true,true,true]","[106.26967743275748,67.75049021047923,63.45962346232423]"
28,rough Linear NPE,"[471.3471699409359,199.07081839552737,261.99757352745445]","[486.9807542286276,196.8580852608809,263.4510223804253]","[29.36199198778189,19.977572301538913,20.40599796356327]","[436.4418339161205,162.8412302102377,228.04938128932292]","[532.5523101883449,228.0653105223714,294.9216040956046]","[true,true,true]","[96.11047627222439,65.22408031213368,66.87222280628168]"
29,rough Linear NPE,"[471.3471699409359,199.07081839552737,261.99757352745445]","[490.9116745414446,200.57120326346984,259.5433071656681]","[29.947874557173012,19.655892799732207,18.77794226917944]","[436.0714803444675,167.46833542891008,228.26283324220495]","[534.3971696153047,231.39800320304855,290.0777734587374]","[true,true,true]","[98.32568927083724,63.929667774138466,61.81494021653245]"
30,rough Linear NPE,"[471.3471699409359,199.07081839552737,261.99757352745445]","[467.26090686028954,196.16900285716662,264.5254310561834]","[30.53507183579685,20.597448942890423,18.780088121487527]","[417.6520485082475,161.75663758345922,232.38182224902377]","[519.1534688156027,229.27468954971042,294.135855529217]","[true,true,true]","[101.50142030735515,67.51805196625119,61.75403328019323]"
31,rough Linear NPE,"[471.3471699409359,199.07081839552737,261.99757352745445]","[472.2204520062082,213.51492979699205,262.2065174618868]","[29.619444420079432,19.497089509188257,19.68418109295441]","[422.71173473580313,179.36663159329163,228.76575152084928]","[522.1078925750219,242.5357784701758,293.57122173222484]","[true,true,true]","[99.39615783921874,63.169146876884184,64.80547021137556]"
32,rough Linear NPE,"[471.3471699409359,199.07081839552737,261.99757352745445]","[448.37978058540074,199.4554941601853,260.2332095536217]","[31.911261614860965,22.919900868858655,20.09458014293125]","[396.3052756437095,159.8736660982583,225.58384481228663]","[501.5589315573038,235.18032640569172,291.852462735945]","[true,true,true]","[105.25365591359434,75.30666030743342,66.26861792365835]"
33,rough Linear NPE,"[471.3471699409359,199.07081839552737,261.99757352745445]","[493.0661729339033,204.04089649011306,251.36919430803806]","[28.79417571516828,20.882018111432735,20.173162978168502]","[441.8959969796541,169.34491643789994,218.50023795451762]","[535.1881666293344,237.11409075736222,285.3756118892397]","[true,true,true]","[93.29216964968032,67.76917431946228,66.87537393472206]"
34,rough Linear NPE,"[471.3471699409359,199.07081839552737,261.99757352745445]","[476.5650686976178,180.21951428697858,247.2394354595827]","[34.19355467751067,24.37098620597009,24.184978486206997]","[418.5431974612621,141.79141419947348,208.7351802350757]","[530.5864602349478,221.30558455833602,288.30411763075983]","[true,true,true]","[112.04326277368574,79.51417035886254,79.56893739568415]"
35,rough Linear NPE,"[471.3471699409359,199.07081839552737,261.99757352745445]","[491.68266950180225,195.46667932698548,243.33867858659895]","[33.211641537056266,19.77586391820297,18.844703118324805]","[427.88987474669324,161.97076249352364,212.5899101894436]","[535.4015658392688,226.4852955440362,275.915362850593]","[true,true,true]","[107.51169109257552,64.51453305051257,63.3254526611494]"
36,rough Linear NPE,"[471.3471699409359,199.07081839552737,261.99757352745445]","[477.799480716971,193.22554772097587,240.5778463858512]","[32.89473755213617,24.71167767489905,25.74081163596579]","[420.6663347008463,152.483397742027,199.454059443384]","[528.4655252581639,233.54679273749895,283.47338044231725]","[true,true,true]","[107.79919055731762,81.06339499547195,84.01932099893324]"
37,rough Linear NPE,"[471.3471699409359,199.07081839552737,261.99757352745445]","[423.51147905806357,166.32902540865234,234.3207110308]","[30.097139563532906,21.241350614827436,17.670242121356136]","[374.5749508393145,131.2621564070144,204.82076641481018]","[473.11198507974296,201.1666107147146,263.202032415882]","[true,true,true]","[98.53703424042845,69.9044543077002,58.38126600107182]"
38,rough Linear NPE,"[471.3471699409359,199.07081839552737,261.99757352745445]","[480.86550291029306,198.43583944063965,256.3357848784534]","[33.26391928857459,22.128647857363525,21.7073057920011]","[423.74893718698377,161.1562127820048,220.13216760454623]","[532.3293098846359,233.81431335470123,292.41523528761934]","[true,true,true]","[108.58037269765214,72.65810057269644,72.28306768307311]"
39,rough Linear NPE,"[471.3471699409359,199.07081839552737,261.99757352745445]","[479.94199233344403,182.2842201804614,264.40613422325663]","[31.06935573978811,20.461076790016055,20.391123730359173]","[427.6594531034496,147.62296205308527,229.11056867047697]","[530.1524921539499,214.8403989890936,295.76250478851205]","[true,true,true]","[102.49303905050027,67.21743693600831,66.65193611803508]"
40,rough Linear NPE,"[471.3471699409359,199.07081839552737,261.99757352745445]","[461.24273434136717,187.2774656179872,252.31932156915505]","[30.3518496727236,19.935755106468736,17.69200032383793]","[412.9480995151902,154.87596973308644,223.46284948357194]","[513.8062139619249,220.85749483916172,281.56051512675447]","[true,true,true]","[100.85811444673465,65.98152510607528,58.09766564318252]"
41,rough Linear NPE,"[471.3471699409359,199.07081839552737,261.99757352745445]","[423.659230448379,162.10541695525734,232.89645533833274]","[31.74103315325149,24.940440279513755,22.075877105598963]","[366.84289038513555,113.89356804330424,192.96795878429427]","[472.17921870632574,197.53373486463732,266.1689297571777]","[true,false,true]","[105.3363283211902,83.64016682133308,73.20097097288343]"
42,rough Linear NPE,"[471.3471699409359,199.07081839552737,261.99757352745445]","[485.65391643194744,204.5817218694385,263.77751572542854]","[30.49004674716584,21.272555022054416,20.32414988175689]","[433.110847984371,168.0633360718828,228.10438242370566]","[532.9211443978965,238.0530362276421,295.0993283353052]","[true,true,true]","[99.81029641352546,69.98970015575932,66.99494591159953]"
43,rough Linear NPE,"[471.3471699409359,199.07081839552737,261.99757352745445]","[486.46393991450964,183.08964352378467,251.0188193082589]","[31.518322251457388,21.204710856923654,22.483061704450417]","[431.31101011256857,148.33903631876555,214.99264331841943]","[534.2837491570974,217.6569949682425,289.5785366375946]","[true,true,true]","[102.97273904452885,69.31795864947694,74.58589331917517]"
44,rough Linear NPE,"[471.3471699409359,199.07081839552737,261.99757352745445]","[462.8046757963331,194.96823751296574,266.33844099870004]","[33.020492829249996,23.942391356499545,19.26164650726531]","[407.42795044135335,153.15963539487018,232.99680061586147]","[516.635644839075,231.5036552524849,295.63740188864125]","[true,true,true]","[109.20769439772164,78.34401985761471,62.640601272779776]"
45,rough Linear NPE,"[471.3471699409359,199.07081839552737,261.99757352745445]","[429.25746619279346,156.15105597499996,230.57708839926687]","[29.551057917514225,18.025710180033602,15.011549172513863]","[384.1207244226334,128.3423698702262,206.58885446931663]","[480.53256018313306,187.04072608892727,255.45459972203926]","[true,false,false]","[96.41183576049968,58.698356218701065,48.86574525272263]"
46,rough Linear NPE,"[471.3471699409359,199.07081839552737,261.99757352745445]","[469.8343953025788,200.73047210155238,257.0275140944218]","[31.52845051770348,21.629819511790366,21.243135308912677]","[416.04733926817653,164.5298323391106,221.9658234226638]","[520.8363059263492,235.3981325056284,291.4962998251841]","[true,true,true]","[104.78896665817263,70.8683001665178,69.53047640252032]"
47,rough Linear NPE,"[471.3471699409359,199.07081839552737,261.99757352745445]","[457.389356609591,165.23259191051824,258.5589379801652]","[31.579351747900887,22.515791458209108,19.670729874156873]","[405.79395115201845,125.51720044523805,224.6998281286969]","[508.033146460795,199.0574471699222,289.68109606903204]","[true,false,true]","[102.23919530877657,73.54024672468415,64.98126794033513]"
48,rough Linear NPE,"[471.3471699409359,199.07081839552737,261.99757352745445]","[480.4174356073018,197.00259825452625,255.41199154427983]","[33.97747032670315,22.048816801973718,22.084002862103254]","[422.62084747511665,160.02963904489914,218.80270234490084]","[532.0990810708504,231.6974704851423,291.45474545889914]","[true,true,true]","[109.47823359573374,71.66783144024316,72.6520431139983]"
49,rough Linear NPE,"[471.3471699409359,199.07081839552737,261.99757352745445]","[423.1402694745404,200.94039382995538,273.1772897887471]","[27.532022123722673,19.06061696452275,16.961912430740238]","[379.7008047967835,167.99839381848645,243.06024121489685]","[469.53970023091466,230.05636934412757,297.83906207092167]","[false,true,true]","[89.83889543413119,62.057975525641126,54.77882085602482]"
50,rough Linear NPE,"[471.3471699409359,199.07081839552737,261.99757352745445]","[473.9798201974676,195.86553635956946,244.4616913550621]","[34.930717996347184,25.658885583350976,21.756044711551567]","[414.61321924652475,152.07032470002156,208.21466939612597]","[528.5493191862907,235.8190895063796,280.2248095596649]","[true,true,true]","[113.936099939766,83.74876480635805,72.01014016353892]"
51,rough Linear NPE,"[471.3471699409359,199.07081839552737,261.99757352745445]","[473.8432491100763,193.64351908347183,261.4699518654004]","[33.63940372780642,26.838106790931054,20.73002377034176]","[415.64766333824315,145.35076749675795,224.3681836325683]","[527.1946479627504,234.55502117198247,293.32513980722484]","[true,true,true]","[111.54698462450727,89.20425367522452,68.95695617465654]"
52,rough Linear NPE,"[471.3471699409359,199.07081839552737,261.99757352745445]","[473.81552935451856,192.20117785451262,237.63508668197858]","[34.60079485477048,21.360400060296133,20.247844478174613]","[413.199737721608,156.54424496527506,205.5422242643962]","[527.2370893121958,226.5449196712015,272.5854779796756]","[true,true,true]","[114.03735159058783,70.00067470592646,67.0432537152794]"
53,rough Linear NPE,"[471.3471699409359,199.07081839552737,261.99757352745445]","[427.49202887176955,172.10136350804962,224.68599760080582]","[37.86441776061801,27.580029070033927,22.0305285995375]","[362.57478643692576,125.18343410585179,188.2356327949451]","[487.1048650384118,214.9378068903127,260.53145843548606]","[true,true,false]","[124.53007860148603,89.7543727844609,72.29582564054095]"
54,rough Linear NPE,"[471.3471699409359,199.07081839552737,261.99757352745445]","[418.9082899194344,174.8763017696798,256.2428044479472]","[30.828444118266106,23.606991269565977,19.900405026812535]","[368.2854670521341,133.66575150665466,223.29663261532693]","[469.7501452775404,212.25358736329187,289.9972997773019]","[false,true,true]","[101.46467822540632,78.58783585663721,66.70066716197499]"
55,rough Linear NPE,"[471.3471699409359,199.07081839552737,261.99757352745445]","[494.1551539666118,207.65054122329784,247.92655105251242]","[27.590338955410108,19.132467374113432,21.524762523906904]","[444.44038983732514,175.32566814957735,213.21815534106858]","[535.2850018385221,238.16095474800352,284.9137617261439]","[true,true,true]","[90.84461200119699,62.835286598426165,71.69560638507531]"
56,rough Linear NPE,"[471.3471699409359,199.07081839552737,261.99757352745445]","[475.203683090768,193.27620350249495,267.0623722081229]","[30.818106009642154,21.01049596744504,19.051017989138675]","[424.51383488994384,157.01256515457567,233.97533063532984]","[526.0323106507321,226.7307133507851,296.1174284441001]","[true,true,true]","[101.5184757607883,69.71814819620943,62.142097808770245]"
57,rough Linear NPE,"[471.3471699409359,199.07081839552737,261.99757352745445]","[439.8072064363816,189.86461085875374,229.71491100493418]","[30.381693562432716,18.875896453451894,17.743280335897122]","[392.4381392377988,158.14281506515826,200.9561299657408]","[492.9531498892899,220.40817400026648,258.62219929350977]","[true,true,false]","[100.51501065149108,62.265358935108225,57.66606932776898]"
58,rough Linear NPE,"[471.3471699409359,199.07081839552737,261.99757352745445]","[434.4391186891106,167.8544483974702,245.72881840027884]","[29.147167409801213,18.684372885169008,16.965100708635003]","[389.93760033902527,137.75938579298156,218.0823093211602]","[485.2330385355457,199.5789857930893,274.3854045566457]","[true,true,true]","[95.29543819652042,61.81960000010773,56.3030952354855]"
59,rough Linear NPE,"[471.3471699409359,199.07081839552737,261.99757352745445]","[455.86744015699,204.64873201514067,270.2572743266038]","[32.02967664055115,24.57037235891755,19.426709541086616]","[403.44929328188385,159.19006554951295,234.40860625048043]","[509.59994111674564,239.74314644488544,297.65607878953466]","[true,true,true]","[106.15064783486179,80.55308089537249,63.24747253905423]"
60,rough Linear NPE,"[471.3471699409359,199.07081839552737,261.99757352745445]","[466.1644832408945,201.80272884665834,264.01326713681755]","[32.60185648751036,22.958410889175713,19.352402735944093]","[411.23273293072305,161.92340887207274,231.1022684074758]","[519.0399594351173,237.0485421759177,293.9983102452233]","[true,true,true]","[107.8072265043943,75.12513330384496,62.896041837747504]"
61,rough Linear NPE,"[471.3471699409359,199.07081839552737,261.99757352745445]","[485.2603943361478,204.39046663335392,243.60663868486523]","[29.56260630379565,20.265407880874168,21.29113846194939]","[434.8223587831922,169.6689252119367,209.4023002486001]","[532.0036700827601,236.40916138975575,279.46499302338856]","[true,true,true]","[97.18131129956788,66.74023617781904,70.06269277478845]"
62,rough Linear NPE,"[471.3471699409359,199.07081839552737,261.99757352745445]","[479.1495920254307,200.5927644240499,239.15352000112162]","[34.134925284961945,20.657390866751186,20.981082042567138]","[417.56391672020624,165.24060326878367,205.7949720868078]","[530.5877071911519,232.73829240257467,275.5396180826719]","[true,true,true]","[113.0237904709457,67.497689133791,69.74464599586409]"
63,rough Linear NPE,"[471.3471699409359,199.07081839552737,261.99757352745445]","[490.4239901469692,217.50916502023628,264.7007212848309]","[29.580856212447397,19.78250669712118,19.90374064031583]","[437.80717400125104,182.03727200383315,230.0406976274272]","[534.8189503845113,246.52457633076455,295.00090886334067]","[true,true,true]","[97.01177638326021,64.4873043269314,64.96021123591348]"
64,rough Linear NPE,"[471.3471699409359,199.07081839552737,261.99757352745445]","[476.97668387727805,178.8618061757252,249.78565095673451]","[35.514917582068854,20.485434017054526,19.89368787833983]","[413.54210844617137,145.0918635260032,217.05430920837614]","[529.5343772542172,212.69053157124495,282.86242859138275]","[true,true,true]","[115.99226880804588,67.59866804524174,65.80811938300661]"
65,rough Linear NPE,"[471.3471699409359,199.07081839552737,261.99757352745445]","[486.2475342339539,192.99137915439624,254.84664303616327]","[29.056337829769873,19.88539277778997,18.75902806141866]","[436.3804434039205,160.35416835737976,223.83329255596087]","[531.8402858616333,225.27282006588118,285.7318425585962]","[true,true,true]","[95.45984245771285,64.91865170850141,61.898550002635346]"
66,rough Linear NPE,"[471.3471699409359,199.07081839552737,261.99757352745445]","[446.06785769380315,187.90887981408693,266.2604783584232]","[37.404449808033185,31.84640650206226,21.123830802648243]","[382.50742828891606,133.37895895932832,227.07998411078648]","[506.4768007963318,233.88941978264913,296.09655670532055]","[true,true,true]","[123.96937250741576,100.51046082332081,69.01657259453407]"
67,rough Linear NPE,"[471.3471699409359,199.07081839552737,261.99757352745445]","[461.48614222385305,190.75175426396888,251.72454411114845]","[36.83054227967078,28.900540080584808,23.24861094578224]","[398.17221099909705,142.2708214202203,211.70303959973023]","[518.5844688527254,235.54934348992975,288.12238570029416]","[true,true,true]","[120.41225785362838,93.27852206970945,76.41934610056393]"
68,rough Linear NPE,"[471.3471699409359,199.07081839552737,261.99757352745445]","[460.9099111099175,172.37869965987232,257.09191304476457]","[31.256836376488952,20.607814662772103,19.402837254715706]","[409.93115538856057,137.66466582921572,226.03439524858476]","[512.9985635414932,205.72122644102856,290.4357682278621]","[true,true,true]","[103.06740815293267,68.05656061181284,64.40137297927737]"
69,rough Linear NPE,"[471.3471699409359,199.07081839552737,261.99757352745445]","[450.70168042755256,187.68760826731307,242.3783831291128]","[30.738111465668855,19.800430582935974,18.017683112565322]","[401.84832465442514,155.81230306006745,213.07688051594832]","[503.83601805455675,220.42082492154324,272.19230308000544]","[true,true,true]","[101.9876934001316,64.6085218614758,59.11542256405713]"
70,rough Linear NPE,"[471.3471699409359,199.07081839552737,261.99757352745445]","[444.9492317576819,180.2980880429974,243.52367688798014]","[37.53006899854002,29.841333665623406,22.29250062051996]","[383.2292508026229,133.01630459442734,206.77797857819422]","[506.78979219144355,230.7536452858569,280.89824502769875]","[true,true,true]","[123.56054138882064,97.73734069142955,74.12026644950453]"
71,rough Linear NPE,"[471.3471699409359,199.07081839552737,261.99757352745445]","[452.8362828874291,176.9217167846844,237.1277605917193]","[36.358901934900636,26.645390433182772,21.66066688792915]","[388.24798797916293,127.4787725768453,199.6613009647646]","[508.05207632109875,216.30959648323355,271.0534323891947]","[true,true,true]","[119.80408834193582,88.83082390638825,71.39213142443012]"
72,rough Linear NPE,"[471.3471699409359,199.07081839552737,261.99757352745445]","[477.1953932206125,166.8763564118556,250.96035946381517]","[29.973672942094908,19.54656440062769,17.90501679968398]","[426.7553172974612,135.19117534576796,221.93213096041904]","[525.556268290958,198.52240465119235,280.48072855572053]","[true,false,true]","[98.80095099349677,63.33122930542439,58.54859759530149]"
73,rough Linear NPE,"[471.3471699409359,199.07081839552737,261.99757352745445]","[489.5302129374752,183.90908420387692,242.71832493206776]","[33.14352320192146,19.945116393546634,19.93017475575609]","[427.2504086918092,151.15112373003606,211.11010719503346]","[534.3777048687971,216.68970203828377,277.31084075801095]","[true,true,true]","[107.1272961769879,65.53857830824771,66.20073356297749]"
74,rough Linear NPE,"[471.3471699409359,199.07081839552737,261.99757352745445]","[437.3169535229754,166.99463637842075,238.64062797883125]","[29.021698837129204,20.376318296229666,19.094247770825742]","[391.1889998425095,132.53225085690815,205.86099089094452]","[484.79184582696905,198.2857835546498,269.0498175474515]","[true,false,true]","[93.60284598445958,65.75353269774166,63.18882665650696]"
75,rough Linear NPE,"[471.3471699409359,199.07081839552737,261.99757352745445]","[500.23953483875573,196.64066883979862,244.69067623704453]","[27.01854977740455,18.96886269855873,17.74015149867624]","[451.4808412621168,163.85500373117736,214.94922144666407]","[537.0285877632012,225.39834310503954,273.58194310074805]","[true,true,true]","[85.54774650108442,61.54333937386218,58.63272165408398]"
76,rough Linear NPE,"[471.3471699409359,199.07081839552737,261.99757352745445]","[456.25922001939193,205.6096783835232,266.24613711098806]","[28.80923370099768,19.616818100020875,18.703639259940374]","[409.63778726366724,171.73246652079453,233.61367540316786]","[504.7402137094775,236.2275579225592,295.1872551614411]","[true,true,true]","[95.10242644581024,64.49509140176468,61.57357975827324]"
77,rough Linear NPE,"[471.3471699409359,199.07081839552737,261.99757352745445]","[499.5391750924361,183.70795874556183,215.64273149906765]","[32.39678033498673,23.22453102339127,19.4426075676547]","[436.283747268051,140.34156084772053,182.82664755405875]","[538.4859002583538,216.71533198000523,246.703910113435]","[true,true,false]","[102.2021529903028,76.3737711322847,63.87726255937625]"
78,rough Linear NPE,"[471.3471699409359,199.07081839552737,261.99757352745445]","[444.2131297562587,189.6135992308069,260.1660485269672]","[30.31461696852763,20.724768240196894,20.4644701923711]","[395.59678668307805,155.30110101940315,225.78776675964494]","[495.6551532130709,223.1458544533413,293.03907528549774]","[true,true,true]","[100.05836652999284,67.84475343393814,67.2513085258528]"
79,rough Linear NPE,"[471.3471699409359,199.07081839552737,261.99757352745445]","[448.70963567817324,177.13455803990516,246.32189095613802]","[31.0590148103021,21.641380364408676,19.695197193497403]","[399.266262594686,141.45074372478607,213.87654845020285]","[502.4431080395666,212.57999525954187,277.9690718034708]","[true,true,true]","[103.1768454448806,71.12925153475581,64.09252335326795]"
80,rough Linear NPE,"[471.3471699409359,199.07081839552737,261.99757352745445]","[441.35642317333026,179.61943775649416,237.67226351373844]","[29.12521982426467,18.12675908833792,16.495905914822014]","[395.8011470070907,150.96304050991753,211.45475275196878]","[492.6688932144149,210.7090489204205,265.1872761099833]","[true,true,true]","[96.86774620732416,59.74600841050298,53.73252335801453]"
81,rough Linear NPE,"[471.3471699409359,199.07081839552737,261.99757352745445]","[483.5481488106594,188.37061617272505,263.06025623656404]","[30.492435349496738,20.601459112312607,20.848308280661744]","[431.0794931708215,153.7470604607568,227.35389766126684]","[531.6570227401451,221.6142556546859,295.2730744195716]","[true,true,true]","[100.57752956932359,67.86719519392909,67.91917675830479]"
82,rough Linear NPE,"[471.3471699409359,199.07081839552737,261.99757352745445]","[462.22992951396054,189.20061998427448,255.2661490203808]","[37.0252819312968,29.774618089339114,23.694265513012557]","[400.0699958509718,139.953677943397,214.562031613956]","[521.4112293265625,236.55106660165364,292.0398275542748]","[true,true,true]","[121.34123347559074,96.59738865825665,77.47779594031877]"
83,rough Linear NPE,"[471.3471699409359,199.07081839552737,261.99757352745445]","[508.9405819867555,221.38256287902882,273.5322403756237]","[22.927392907634825,18.079172535334642,19.059412879035733]","[465.53121496207393,188.77270378392365,238.4380304908687]","[539.1028121979768,248.098404215946,299.08305670543996]","[true,true,true]","[73.57159723590291,59.32570043202236,60.64502621457126]"
84,rough Linear NPE,"[471.3471699409359,199.07081839552737,261.99757352745445]","[487.2714495228412,188.27698331116358,243.82435017742105]","[33.56744974169872,21.67993019207597,20.595918913788452]","[428.1203237023176,151.3996233382807,208.81450481764466]","[535.0733948869336,222.89365403676942,277.80085464375856]","[true,true,true]","[106.95307118461596,71.49403069848873,68.9863498261139]"
85,rough Linear NPE,"[471.3471699409359,199.07081839552737,261.99757352745445]","[417.0276461006247,180.74834908367038,245.10709683984058]","[32.10123407081113,24.937162140709486,21.245132240067015]","[364.3973400186074,139.47372399716437,209.62445873925836]","[470.1931999689632,220.39657440702933,280.8677136748307]","[false,true,true]","[105.7958599503558,80.92285040986496,71.24325493557237]"
86,rough Linear NPE,"[471.3471699409359,199.07081839552737,261.99757352745445]","[468.79407293759397,211.6216132027136,271.4363728924448]","[29.84543702962298,22.96466712306392,19.217515207395532]","[418.2379689784956,170.1642519573975,236.1545082408417]","[518.0427832088949,243.8260209037032,298.1419083879808]","[true,true,true]","[99.8048142303993,73.6617689463057,61.987400147139084]"
87,rough Linear NPE,"[471.3471699409359,199.07081839552737,261.99757352745445]","[451.70282135623694,187.22818293691617,261.4537351649293]","[32.66470876108018,24.784581323034395,20.90069709615562]","[396.54208803756984,142.95389493124586,224.04173907834192]","[504.2244167591138,224.67319622769827,293.0053221655147]","[true,true,true]","[107.68232872154397,81.71930129645241,68.9635830871728]"
88,rough Linear NPE,"[471.3471699409359,199.07081839552737,261.99757352745445]","[432.0148942148365,178.437270180739,271.8677542055458]","[28.983257235420005,19.027942817039918,18.28030423399404]","[386.02012154101465,146.48575584724236,238.48983939116994]","[481.4791599957005,208.177213126465,297.55657310662616]","[true,true,true]","[95.45903845468587,61.69145727922265,59.06673371545622]"
89,rough Linear NPE,"[471.3471699409359,199.07081839552737,261.99757352745445]","[488.01209535682415,176.42175349903997,229.02582165883723]","[33.91743160272612,21.039490887322362,18.504419243189812]","[425.41535894045387,140.3865233402257,198.3240344013903]","[535.0536155259996,209.10194264011702,259.37309083089895]","[true,true,false]","[109.63825658554572,68.71541929989132,61.04905642950865]"
90,rough Linear NPE,"[471.3471699409359,199.07081839552737,261.99757352745445]","[477.4230846976075,177.16029366330108,257.52190053429064]","[32.279686829689695,19.665359796280224,18.913557512565106]","[420.94281078022107,145.05242464806912,226.0410760791273]","[527.0018286999845,209.1233954639048,288.91132011418944]","[true,true,true]","[106.05901791976339,64.0709708158357,62.87024403506214]"
91,rough Linear NPE,"[471.3471699409359,199.07081839552737,261.99757352745445]","[459.97667143388605,205.87671571796994,266.45086115183375]","[30.89440174980001,21.591210298659085,19.18023832880657]","[409.4548224968361,168.44448275432998,233.33817584487497]","[511.3305644807451,238.6079081517478,296.0476359656365]","[true,true,true]","[101.87574198390905,70.16342539741783,62.70946012076155]"
92,rough Linear NPE,"[471.3471699409359,199.07081839552737,261.99757352745445]","[426.05729140778834,190.81592203707677,241.41558812945843]","[30.942370154246156,21.40243184539166,21.37698655989825]","[376.4158852313682,155.91483238569677,206.643538573054]","[477.9036248529013,225.3342839406421,277.9538856234202]","[true,true,true]","[101.48773962153314,69.41945155494534,71.3103470503662]"
93,rough Linear NPE,"[471.3471699409359,199.07081839552737,261.99757352745445]","[465.2070996576681,205.24001648862844,267.0540112567329]","[31.901196814680077,23.857218149937417,19.77080821679131]","[411.964518513248,162.97369810180686,231.63208335133788]","[518.1629689476639,240.49068431516994,296.4863356772399]","[true,true,true]","[106.19845043441592,77.51698621336308,64.854252325902]"
94,rough Linear NPE,"[471.3471699409359,199.07081839552737,261.99757352745445]","[433.0175821877543,181.02086019164923,266.33791363983147]","[29.05490709890536,19.762305378826845,18.60307147692181]","[387.4815284546438,148.35072504334943,234.6232919063723]","[483.48139140661124,212.930942887716,295.3166994107584]","[true,true,true]","[95.99986295196743,64.58021784436656,60.69340750438613]"
95,rough Linear NPE,"[471.3471699409359,199.07081839552737,261.99757352745445]","[438.813003608319,187.14158913268042,252.38329742390826]","[28.641334449739134,19.038943838357703,17.643923508044306]","[393.79241038671205,156.38179178300473,223.16181251936248]","[487.3268817954655,218.48710823607044,281.3746674831771]","[true,true,true]","[93.53447140875346,62.10531645306571,58.212854963814635]"
96,rough Linear NPE,"[471.3471699409359,199.07081839552737,261.99757352745445]","[419.74988918640923,180.88783552630608,244.94486737310692]","[30.67422765987074,22.849361758359873,20.197196571125254]","[368.2497348655226,141.28389002121685,211.40697766913755]","[469.4395433315786,216.8024471923186,278.0688836000506]","[false,true,true]","[101.18980846605598,75.51855717110175,66.66190593091304]"
97,rough Linear NPE,"[471.3471699409359,199.07081839552737,261.99757352745445]","[466.1175358380157,185.76624619619662,247.12175649030232]","[33.176119326106054,25.32665312347176,20.4156205167855]","[409.66817183253994,140.1605503817475,212.4041749103002]","[518.6171806636595,224.77265087834223,280.3322248189541]","[true,true,true]","[108.94900883111956,84.61210049659473,67.92804990865389]"
98,rough Linear NPE,"[471.3471699409359,199.07081839552737,261.99757352745445]","[467.37165328366376,207.8331514297146,268.66532239988356]","[30.52166192916937,20.154461267009104,17.804834985624314]","[417.3617263855597,173.61793442674235,238.4957343330082]","[518.0050417079274,238.92978518318174,295.9012606083955]","[true,true,true]","[100.6433153223677,65.31185075643938,57.4055262753873]"
99,rough Linear NPE,"[471.3471699409359,199.07081839552737,261.99757352745445]","[496.35126679347127,220.28334857844655,268.03725540817277]","[27.004288165976313,19.104807170931434,18.54177640461564]","[448.2232799477161,186.19615352733737,235.7804015540621]","[536.1316718986373,248.4284795068413,296.0970409551378]","[true,true,true]","[87.90839195092116,62.23232597950394,60.31663940107569]"
0,full all-pair MPLE,"[471.3471699409359,199.07081839552737,261.99757352745445]","[540.866099666428,219.39877274857807,258.1494934077257]","[7.602163408851458,25.853707513388525,33.46614486912181]","[528.361653610701,176.87320817503843,203.1025836396673]","[553.370545722155,261.9243373221177,313.1964031757841]","[false,true,true]","[25.008892111454088,85.05112914707928,110.0938195361168]"
1,full all-pair MPLE,"[471.3471699409359,199.07081839552737,261.99757352745445]","[384.95497586001886,156.44211314280332,227.98528607093078]","[43.25230571427483,29.3001893062404,28.008095822597113]","[313.81126393188003,108.24759049206908,181.91606807312758]","[456.0986877881577,204.63663579353755,274.054504068734]","[false,true,true]","[142.28742385627766,96.38904530146847,92.13843599560641]"
2,full all-pair MPLE,"[471.3471699409359,199.07081839552737,261.99757352745445]","[496.8693388909684,232.84165526742098,283.36318406638196]","[61.57829866064837,39.81301721960026,32.97944223308675]","[395.58205099749995,167.35506949388008,229.11682889445268]","[598.1566267844368,298.32824104096187,337.60953923831124]","[true,true,true]","[202.5745757869368,130.9731715470818,108.49271034385856]"
3,full all-pair MPLE,"[471.3471699409359,199.07081839552737,261.99757352745445]","[489.10926945103904,185.24370621691438,249.18804811270596]","[52.09842249060249,41.57969227390642,29.93298859332433]","[403.4149902589214,116.85119857265333,199.9526632594794]","[574.8035486431567,253.6362138611754,298.42343296593253]","[true,true,true]","[171.38855838423524,136.78501528852206,98.47076970645313]"
4,full all-pair MPLE,"[471.3471699409359,199.07081839552737,261.99757352745445]","[540.866099666428,230.74504204286725,231.10464350675971]","[0.9341720637253361,15.853443146418877,34.64227764509583]","[539.3295233592127,204.66844858381123,174.12316747636396]","[542.4026759736433,256.8216355019233,288.08611953715547]","[false,false,true]","[3.0731526144306827,52.153186918112084,113.96295206079151]"
5,full all-pair MPLE,"[471.3471699409359,199.07081839552737,261.99757352745445]","[441.0509544403977,179.24503056294802,216.62056474185468]","[79.18125447511474,44.724276278095985,29.106315734138125]","[310.80938083043776,105.68014251414218,168.74493573936292]","[571.2925280503575,252.80991861175386,264.49619374434644]","[true,true,true]","[260.4831472199198,147.12977609761168,95.75125800498353]"
6,full all-pair MPLE,"[471.3471699409359,199.07081839552737,261.99757352745445]","[502.6369985933766,175.39700245168015,300.63955986755883]","[51.92246922145098,25.117937056039796,0.32404803118740183]","[417.23213677419676,134.08167258351432,300.10654828815376]","[588.0418604125564,216.71233231984598,301.1725714469639]","[true,true,false]","[170.80972363835963,82.63065973633167,1.0660231588101396]"
7,full all-pair MPLE,"[471.3471699409359,199.07081839552737,261.99757352745445]","[540.866099666428,175.4293542327131,237.10343326933452]","[5.439396610354892,21.195344247317454,28.64783467829192]","[531.9190884234582,140.566115373028,189.9819384944399]","[549.8131109093978,210.29259309239822,284.2249280442291]","[false,true,true]","[17.89402248593956,69.72647771937022,94.2429895497892]"
8,full all-pair MPLE,"[471.3471699409359,199.07081839552737,261.99757352745445]","[491.3457538330604,234.15716328264577,262.97019149238696]","[50.60087177920875,42.38710924313078,31.586070215966394]","[408.1147263601225,164.43657290809386,211.0157293365108]","[574.5767813059983,303.8777536571977,314.92465364826313]","[true,true,true]","[166.46205494587582,139.4411807491038,103.90892431175234]"
9,full all-pair MPLE,"[471.3471699409359,199.07081839552737,261.99757352745445]","[534.1082329660651,227.4147690187815,245.26696889018004]","[64.92724099473642,35.47331140117993,33.86421865247978]","[427.3124251279206,169.06636410057172,189.565286015771]","[640.9040408042096,285.7631739369913,300.9686517645891]","[true,true,true]","[213.59161567628894,116.69680983641956,111.40336574881809]"
10,full all-pair MPLE,"[471.3471699409359,199.07081839552737,261.99757352745445]","[521.8025289385631,216.60822674975768,252.21984671595527]","[64.58236311838762,37.59883719715624,30.278111387318656]","[415.5739947261863,154.76364301685732,202.41678538328352]","[628.0310631509399,278.45281048265804,302.022908048627]","[true,true,true]","[212.45706842475357,123.68916746580072,99.60612266534349]"
11,full all-pair MPLE,"[471.3471699409359,199.07081839552737,261.99757352745445]","[494.08918652569224,231.08921783993975,275.59136905229536]","[72.62832794739538,46.69928682925511,33.08817347475594]","[374.62621788199806,154.2757265227924,221.16616690314356]","[613.5521551693864,307.9027091570871,330.01657120144716]","[true,true,true]","[238.92593728738836,153.62698263429468,108.8504042983036]"
12,full all-pair MPLE,"[471.3471699409359,199.07081839552737,261.99757352745445]","[493.64561598142086,230.07278303272503,300.63955986755883]","[48.630015445944146,24.17431737773198,0.31586072449313735]","[413.65635869645354,190.3095694148866,300.12001520926475]","[573.6348732663881,269.83599665056346,301.1591045258529]","[true,true,false]","[159.9785145699346,79.52642723567686,1.0390893165881607]"
13,full all-pair MPLE,"[471.3471699409359,199.07081839552737,261.99757352745445]","[519.751990198879,235.53603902644556,300.63955986755883]","[46.62832848603349,26.13514907237701,0.629508889258324]","[443.05521496994214,192.54754428382884,299.60410988786407]","[596.4487654278157,278.52453376906226,301.6750098472536]","[true,true,false]","[153.39355045787357,85.97698948523342,2.0708999593895214]"
14,full all-pair MPLE,"[471.3471699409359,199.07081839552737,261.99757352745445]","[495.43288564953986,193.1405474737919,257.79126158367956]","[68.24349061902961,34.97486112300686,35.29869587729393]","[383.1823325890003,135.61202030349006,199.73007364325568]","[607.6834387100795,250.66907464409377,315.85244952410346]","[true,true,true]","[224.5011061210792,115.05705434060371,116.12237588084778]"
15,full all-pair MPLE,"[471.3471699409359,199.07081839552737,261.99757352745445]","[488.21946513526365,250.0424642305436,300.63955986755883]","[47.96200169644584,13.62741963187978,8.857555864078572]","[409.32899268901207,227.62735362305645,286.0701769786039]","[567.1099375815152,272.4575748380307,315.20894275651375]","[true,false,false]","[157.7809448925031,44.83022121497427,29.13876577790984]"
16,full all-pair MPLE,"[471.3471699409359,199.07081839552737,261.99757352745445]","[452.0666986462552,198.15323652987016,300.63955986755883]","[50.189748682236214,18.064894779818363,0.5774718810367301]","[369.5119084904961,168.43912883078923,299.68970314957306]","[534.6214888020143,227.86734422895108,301.5894165855446]","[true,true,false]","[165.10958031151813,59.42821539816185,1.8997134359715346]"
17,full all-pair MPLE,"[471.3471699409359,199.07081839552737,261.99757352745445]","[516.1451043843354,252.2922506568068,289.5140778882156]","[45.699937170869916,17.97719492874724,27.547273565852766]","[440.9753969773756,222.7223963758433,244.20284505079826]","[591.3148117912951,281.8621049377703,334.8253107256329]","[true,false,true]","[150.33941481391952,59.13970856192702,90.62246567483464]"
18,full all-pair MPLE,"[471.3471699409359,199.07081839552737,261.99757352745445]","[540.866099666428,232.157573048056,272.14668480508175]","[7.0559817918389935,32.20374121491305,36.77459236215531]","[529.2600424244181,179.1871325092997,211.65786317852871]","[552.4721569084379,285.12801358681236,332.6355064316348]","[false,true,true]","[23.21211448401982,105.94088107751267,120.97764325310607]"
19,full all-pair MPLE,"[471.3471699409359,199.07081839552737,261.99757352745445]","[524.5115219346901,254.45086201451556,300.63955986755883]","[61.113960344697254,32.53905153332168,1.9168310005088218]","[423.98800260434643,200.92888508237056,297.4866534441189]","[625.0350412650338,307.97283894666054,303.7924662909988]","[true,false,false]","[201.04703866068735,107.04395386428999,6.305812846879917]"
20,full all-pair MPLE,"[471.3471699409359,199.07081839552737,261.99757352745445]","[440.2886035825944,183.7924996658427,247.4961440514567]","[54.44715098606892,28.229902205977794,26.104245854588005]","[350.73100980598457,137.3584426338548,204.5584805787047]","[529.8461973592043,230.22655669783063,290.4338075242087]","[true,true,true]","[179.11518755321976,92.86811406397584,85.87532694550401]"
21,full all-pair MPLE,"[471.3471699409359,199.07081839552737,261.99757352745445]","[468.7551074394316,177.2851964437507,229.73038486628798]","[69.7641826765474,42.79046514317363,38.06870668689587]","[354.00323853260755,106.90114465406103,167.11293459899557]","[583.5069763462556,247.66924823344036,292.34783513358036]","[true,true,true]","[229.503737813648,140.76810357937933,125.2349005345848]"
22,full all-pair MPLE,"[471.3471699409359,199.07081839552737,261.99757352745445]","[420.2571408112968,203.40222277610525,300.63955986755883]","[54.76691335554024,20.016024711562988,4.985992055111038]","[330.17358474149944,170.47879193214058,292.4383327517582]","[510.3406968810941,236.32565362006991,308.84078698335946]","[true,true,false]","[180.16711213959468,65.84686168792933,16.40245423160127]"
23,full all-pair MPLE,"[471.3471699409359,199.07081839552737,261.99757352745445]","[441.905824724052,170.05678289876025,263.26262449824503]","[83.6015195547332,49.41189345446258,35.26247982828203]","[304.39356206579475,88.7814507356478,205.26100665739222]","[579.4180873823093,251.33211506187268,321.26424233909785]","[true,true,true]","[275.02452531651454,162.55066432622488,116.00323568170563]"
24,full all-pair MPLE,"[471.3471699409359,199.07081839552737,261.99757352745445]","[422.0023343632107,181.14300445723794,288.806664634317]","[43.39041081120584,33.819236757516215,37.3696693987983]","[350.63145976548446,125.51531021590687,227.33902838572618]","[493.37320896093695,236.770698698569,350.27430088290777]","[true,true,true]","[142.74174919545248,111.25538848266213,122.93527249718159]"
25,full all-pair MPLE,"[471.3471699409359,199.07081839552737,261.99757352745445]","[512.8082443134487,253.1302696396867,300.63955986755883]","[55.8975086576909,25.316010077923945,4.012747356042587]","[420.8650244602945,211.4891386430735,294.03917782493227]","[604.7514641666028,294.7714006362999,307.2399419101854]","[true,false,false]","[183.8864397063083,83.28226199322643,13.200764085253127]"
26,full all-pair MPLE,"[471.3471699409359,199.07081839552737,261.99757352745445]","[476.2172924028798,153.82584604745404,235.39184661771048]","[70.52429945789345,40.47246036819055,27.889256028185667]","[360.2151426513521,87.25457281918611,189.5181026867711]","[592.2194421544076,220.39711927572196,281.26559054864987]","[true,true,true]","[232.0042995030555,133.14254645653585,91.74748786187877]"
27,full all-pair MPLE,"[471.3471699409359,199.07081839552737,261.99757352745445]","[529.7766853424793,210.19912216652708,244.02842858743915]","[52.198976468517074,38.014407965864514,28.301758950307477]","[443.9170095750844,147.6709853474619,197.47617772891962]","[615.6363611098741,272.72725898559224,290.58067944595865]","[true,true,true]","[171.71935153478967,125.05627363813034,93.10450171703903]"
28,full all-pair MPLE,"[471.3471699409359,199.07081839552737,261.99757352745445]","[540.866099666428,216.36737879381482,300.63955986755883]","[9.942199937667286,21.371237832228157,0.392329472729646]","[524.5126360390793,181.21482073303184,299.9942353113795]","[557.2195632937767,251.5199368545978,301.28488442373816]","[false,true,false]","[32.70692725469735,70.30511612156596,1.2906491123586648]"
29,full all-pair MPLE,"[471.3471699409359,199.07081839552737,261.99757352745445]","[522.962279861135,181.67973020159238,243.44547572334136]","[67.61578682066923,65.28697334305667,61.8512806703616]","[411.74420766997974,74.29221530558158,141.70917238110366]","[634.1803520522903,289.0672450976032,345.18177906557906]","[true,true,true]","[222.4361443823106,214.7750297920216,203.4726066844754]"
30,full all-pair MPLE,"[471.3471699409359,199.07081839552737,261.99757352745445]","[478.6972036274327,207.44344905547766,287.2355583577978]","[70.5777750021874,40.98499856673075,38.37801288238713]","[362.6070944329199,140.02912551238973,224.10934467301303]","[594.7873128219455,274.8577725985656,350.3617720425826]","[true,true,true]","[232.18021838902564,134.82864708617586,126.25242736956955]"
31,full all-pair MPLE,"[471.3471699409359,199.07081839552737,261.99757352745445]","[515.4910582575565,237.6802581183711,300.63955986755883]","[69.40284433137516,31.237860233556574,2.7594947691881946]","[401.33353803834564,186.29855041500244,296.100594887906]","[629.6485784767673,289.0619658217398,305.17852484721163]","[true,true,false]","[228.31504043842165,102.76341540673738,9.077929959305607]"
32,full all-pair MPLE,"[471.3471699409359,199.07081839552737,261.99757352745445]","[471.39959393051623,218.12682280759856,273.18767291471175]","[65.94105888682722,33.51490711974293,34.67181727378543]","[362.9362040554979,162.9997062747477,216.1576085189271]","[579.8629838055346,273.2539393404494,330.2177373104964]","[true,true,true]","[216.92677975003664,110.2542330657017,114.06012879156927]"
33,full all-pair MPLE,"[471.3471699409359,199.07081839552737,261.99757352745445]","[481.49028248995336,203.13550156694325,272.51052399810675]","[59.29933130450441,31.956175295228284,32.71553118169]","[383.9515623179423,150.57227072909,218.69826387626]","[579.0290026619643,255.6987324047965,326.3227841199535]","[true,true,true]","[195.07744034402202,105.12646167570648,107.6245202436935]"
34,full all-pair MPLE,"[471.3471699409359,199.07081839552737,261.99757352745445]","[540.866099666428,177.90108249098387,266.7161934589538]","[8.631205124603387,31.760920649522316,30.1442752736958]","[526.669030612262,125.6590169652992,217.13327294319168]","[555.063168720594,230.14314801666853,316.2991139747159]","[false,true,true]","[28.394138108332072,104.48413105136933,99.16584103152422]"
35,full all-pair MPLE,"[471.3471699409359,199.07081839552737,261.99757352745445]","[540.866099666428,190.6986123683911,234.48085905823186]","[5.723464861606964,29.152180626394934,31.43812479570706]","[531.4518377300844,142.74754233152098,182.7697454634601]","[550.2803616027716,238.64968240526125,286.19197265300363]","[false,true,true]","[18.82852387268713,95.90214007374027,103.42222718954352]"
36,full all-pair MPLE,"[471.3471699409359,199.07081839552737,261.99757352745445]","[526.1938469197709,203.57790734583347,278.9289524942368]","[49.27470044691677,26.037608377532017,30.29271770839531]","[445.1441771727125,160.7498527689079,229.1018659013657]","[607.2435166668292,246.40596192275902,328.75603908710787]","[true,true,true]","[162.09933949411675,85.6561091538511,99.65417318574217]"
37,full all-pair MPLE,"[471.3471699409359,199.07081839552737,261.99757352745445]","[370.1416396531761,167.83083808967166,241.33983260373543]","[49.167129021485124,39.52985232434905,27.36426446646269]","[289.26890915539536,102.81001712111006,196.329622947215]","[451.0143701509569,232.85165905823325,286.35004226025586]","[false,true,true]","[161.74546099556153,130.0416419371232,90.02041931304086]"
38,full all-pair MPLE,"[471.3471699409359,199.07081839552737,261.99757352745445]","[540.866099666428,235.50567197860175,279.707962004908]","[5.370246892547888,24.65164369282143,29.82215859173737]","[532.0328295875958,194.95732644014905,230.65487628176678]","[549.6993697452602,276.05401751705443,328.76104772804916]","[false,true,true]","[17.666540157664485,81.09669107690539,98.10617144628239]"
39,full all-pair MPLE,"[471.3471699409359,199.07081839552737,261.99757352745445]","[528.8769738392277,182.3783269319189,300.63955986755883]","[57.50613243594314,26.70840815923621,0.3184038937364436]","[434.287803330015,138.44690490109895,300.115832068111]","[623.4661443484405,226.30974896273887,301.16328766700667]","[true,true,false]","[189.1783410184255,87.86284406163992,1.0474555988956809]"
40,full all-pair MPLE,"[471.3471699409359,199.07081839552737,261.99757352745445]","[425.6877803807447,154.78857375346783,245.73946488017597]","[45.64176534053547,36.90203631484978,32.4699586000034]","[350.61375711989695,94.09012547909225,192.33113570999626]","[500.76180364159245,215.4870220278434,299.1477940503557]","[true,true,true]","[150.1480465216955,121.39689654875116,106.81665834035942]"
41,full all-pair MPLE,"[471.3471699409359,199.07081839552737,261.99757352745445]","[413.41608802368955,144.40054214222997,190.55210696124294]","[49.3408716977991,26.069519907670603,23.880181217424965]","[332.2575762546175,101.51999776921438,151.27270427350308]","[494.5745997927616,187.28108651524553,229.8315096489828]","[true,false,false]","[162.3170235381441,85.76108874603115,78.55880537547972]"
42,full all-pair MPLE,"[471.3471699409359,199.07081839552737,261.99757352745445]","[540.866099666428,242.15852201323546,300.36172603442594]","[0.8291395598005082,24.768766225973096,25.64212641071553]","[539.5022864542411,201.4175270513305,258.1841814050124]","[542.2299128786149,282.8995169751404,342.5392706638395]","[false,false,true]","[2.7276264243737387,81.48198992380989,84.35508925882709]"
43,full all-pair MPLE,"[471.3471699409359,199.07081839552737,261.99757352745445]","[540.866099666428,178.76788898216267,280.01111310009446]","[0.9325230202577276,22.163025379696787,29.57676932507759]","[539.3322357943414,142.3129563021509,231.36165680223357]","[542.3999635385146,215.22282166217445,328.6605693979554]","[false,true,true]","[3.067727744173226,72.90986536002356,97.29891259572182]"
44,full all-pair MPLE,"[471.3471699409359,199.07081839552737,261.99757352745445]","[476.9090417418762,220.52191271708796,282.4765604675522]","[40.68164334196058,29.29749776386292,31.902393528924087]","[409.99369314050614,172.3318172595954,230.00179276306824]","[543.8243903432463,268.7120081745805,334.95132817203614]","[true,true,true]","[133.8306972027401,96.38019091498509,104.9495354089679]"
45,full all-pair MPLE,"[471.3471699409359,199.07081839552737,261.99757352745445]","[347.5635352086112,103.66522767786863,223.34005282464165]","[46.75877339032836,28.8066383233747,25.23692910081509]","[270.65219720572765,56.2825241513865,181.8289984600488]","[424.47487321149475,151.04793120435076,264.8511071892345]","[false,false,true]","[153.8226760057671,94.76540705296426,83.02210872918567]"
46,full all-pair MPLE,"[471.3471699409359,199.07081839552737,261.99757352745445]","[503.52769215823537,180.46537660204095,262.6252672156717]","[66.53480330760367,41.20490925154143,38.33326496467007]","[394.0876796192207,112.68933217143679,199.5726573056424]","[612.96770469725,248.24142103264512,325.67787712570106]","[true,true,true]","[218.88002507802935,135.55208886120835,126.10521982005866]"
47,full all-pair MPLE,"[471.3471699409359,199.07081839552737,261.99757352745445]","[428.2184932332194,157.9164004138439,238.9718261345789]","[48.60628194314277,36.01679428505757,31.068544209035863]","[348.2682740864152,98.6740457029019,187.8686185082441]","[508.16871238002363,217.15875512478587,290.0750337609137]","[true,true,true]","[159.90043829360843,118.48470942188396,102.20641525266959]"
48,full all-pair MPLE,"[471.3471699409359,199.07081839552737,261.99757352745445]","[540.866099666428,210.361710548915,279.75649197034085]","[2.122745175831437,34.129722951588064,40.95032966129864]","[537.374494564868,154.22331196514648,212.39919370209537]","[544.357704767988,266.5001091326835,347.1137902385863]","[false,true,true]","[6.983210203120052,112.27679716753704,134.71459653649094]"
49,full all-pair MPLE,"[471.3471699409359,199.07081839552737,261.99757352745445]","[440.79168513930205,221.89952207800573,300.63955986755883]","[59.67010052816767,31.58634186125479,26.00550402202608]","[342.64310386498653,169.94461310539168,257.8643122562282]","[538.9402664136176,273.8544310506198,343.4148074788895]","[true,true,true]","[196.29716254863104,103.9098179452281,85.55049522266131]"
50,full all-pair MPLE,"[471.3471699409359,199.07081839552737,261.99757352745445]","[510.66926579928514,198.79391185556403,225.25039335550014]","[97.48002586034121,72.05470897046723,60.17526545770793]","[350.32889170757966,80.27446246655828,126.27088971462165]","[671.0096398909907,317.3133612445698,324.2298969963786]","[true,true,true]","[320.680748183411,237.03889877801154,197.95900728175695]"
51,full all-pair MPLE,"[471.3471699409359,199.07081839552737,261.99757352745445]","[490.0693662089361,239.87717501451124,288.93947534582514]","[69.51831129268696,37.22437254735132,30.15636148916011]","[375.72191973961856,178.64853081900762,239.33667477472045]","[604.4168126782537,301.10581921001483,338.54227591692984]","[true,true,true]","[228.69489293863512,122.45728839100721,99.20560114220939]"
52,full all-pair MPLE,"[471.3471699409359,199.07081839552737,261.99757352745445]","[530.7782880371909,222.59756616684083,250.9028111618644]","[67.6403373730244,42.29739119776004,34.394395251149135]","[419.5198337809506,153.02454884461997,194.3290653862093]","[642.0367422934313,292.1705834890617,307.47655693751955]","[true,true,true]","[222.5169085124807,139.14603464444173,113.14749155131025]"
53,full all-pair MPLE,"[471.3471699409359,199.07081839552737,261.99757352745445]","[397.31629025270615,162.95775565643427,204.78489336064558]","[39.35172929214637,28.83144908991568,36.414076511943094]","[332.5884555997067,115.53424205061977,144.8890675378876]","[462.0441249057056,210.3812692622488,264.68071918340354]","[false,true,true]","[129.45566930599887,94.84702721162903,119.79165164551594]"
54,full all-pair MPLE,"[471.3471699409359,199.07081839552737,261.99757352745445]","[357.67368512871496,180.06148846593686,284.0011744978208]","[45.60960182793172,31.272239047335813,29.045193061179713]","[282.652566138229,128.6232326460331,236.2260833456336]","[432.6948041192009,231.49974428584062,331.77626565000793]","[false,true,true]","[150.0422379809719,102.87651163980752,95.55018230437432]"
55,full all-pair MPLE,"[471.3471699409359,199.07081839552737,261.99757352745445]","[533.9992156481976,251.7699773090456,278.67687977042317]","[55.68555121451789,21.321432953112346,26.674567748779964]","[442.4046347642059,216.69934098431614,234.8011202614797]","[625.5937965321893,286.8406136337751,322.55263927936664]","[true,false,true]","[183.18916176798342,70.14127264945895,87.75151901788695]"
56,full all-pair MPLE,"[471.3471699409359,199.07081839552737,261.99757352745445]","[518.4896332733006,219.97625741116693,300.63955986755883]","[60.812885890118956,38.51161034130186,19.233522334644626]","[418.46133735155246,156.63029546153476,269.00323089636646]","[618.5179291950487,283.32221936079907,332.2758888387512]","[true,true,false]","[200.05659184349628,126.69192389926431,63.27265794238474]"
57,full all-pair MPLE,"[471.3471699409359,199.07081839552737,261.99757352745445]","[479.9319728221931,197.14763516151322,255.05365953750103]","[69.48161483454565,40.29666108013465,29.73885375232731]","[365.64488665514546,130.86552602981953,206.1375980816061]","[594.2190589892407,263.4297442932069,303.969720993396]","[true,true,true]","[228.57417233409524,132.56421826338737,97.8321229117899]"
58,full all-pair MPLE,"[471.3471699409359,199.07081839552737,261.99757352745445]","[386.7551817179476,144.0864136136933,261.8372534852429]","[44.22699758178588,44.3381766958113,43.089977082352576]","[314.00824433637314,71.15660286317288,190.9605483960795]","[459.5021190995221,217.01622436421374,332.7139585744063]","[false,true,true]","[145.49387476314894,145.85962150104086,141.75341017832682]"
59,full all-pair MPLE,"[471.3471699409359,199.07081839552737,261.99757352745445]","[475.9180398935317,236.1252687051692,296.99637533915217]","[62.18855794750478,41.02121627231145,32.35656772829047]","[373.6269647986967,168.65137233769698,243.77455755557264]","[578.2091149883668,303.5991650726414,350.2181931227317]","[true,true,true]","[204.58215018967007,134.94779273494444,106.44363556715905]"
60,full all-pair MPLE,"[471.3471699409359,199.07081839552737,261.99757352745445]","[436.1966357428287,208.13668567236647,291.5582204710897]","[57.407428047304485,30.878289818744925,24.165949247616712]","[341.76981950526425,157.3464186699452,251.80877120242218]","[530.623451980393,258.92695267478774,331.3076697397573]","[true,true,true]","[188.8536324751288,101.58053400484255,79.4988985373351]"
61,full all-pair MPLE,"[471.3471699409359,199.07081839552737,261.99757352745445]","[526.7958937668224,241.09949786183066,259.05018545472444]","[47.90828830695303,17.874525818288536,26.245059602934862]","[447.9937719840939,211.69851923958103,215.8809039772795]","[605.5980155495508,270.50047648408025,302.2194669321694]","[true,false,true]","[157.60424356545695,58.80195724449922,86.33856295488988]"
62,full all-pair MPLE,"[471.3471699409359,199.07081839552737,261.99757352745445]","[540.866099666428,244.71652196605692,271.6906714895593]","[7.37921841674366,27.54861616571556,33.89167025840335]","[528.7283654895801,199.40308074838572,215.9438347415812]","[553.0038338432759,290.0299631837281,327.4375082375374]","[false,false,true]","[24.275468353695715,90.6268824353424,111.49367349595616]"
63,full all-pair MPLE,"[471.3471699409359,199.07081839552737,261.99757352745445]","[539.138424582988,250.09799077568167,292.72721499128915]","[49.898381826128535,36.554905076452116,31.893923198777458]","[457.0628902572711,189.97052257781263,240.26637974006837]","[621.213958908705,310.2254589735507,345.1880502425099]","[true,true,true]","[164.1510686514339,120.25493639573807,104.92167050244154]"
64,full all-pair MPLE,"[471.3471699409359,199.07081839552737,261.99757352745445]","[530.0941281425155,205.57053311262828,274.5758258575673]","[70.82062278336063,45.949320132887216,33.88642227494726]","[413.6045698943427,129.99062723609447,218.83762127421116]","[646.5836863906883,281.1504389891621,330.31403044092343]","[true,true,true]","[232.97911649634557,151.15981175306766,111.47640916671227]"
65,full all-pair MPLE,"[471.3471699409359,199.07081839552737,261.99757352745445]","[460.1503874230902,181.9130755698154,273.13925402891687]","[53.290514691650245,40.564282445483634,37.83003990830919]","[372.4952910504186,115.19076846467773,210.91437567801557]","[547.8054837957618,248.63538267495306,335.36413237981816]","[true,true,true]","[175.31019274534322,133.44461421027535,124.44975670180258]"
66,full all-pair MPLE,"[471.3471699409359,199.07081839552737,261.99757352745445]","[373.0269689689954,195.73105360369712,288.33136150652615]","[74.61174704940251,45.47332695422256,36.182369005893214]","[250.3015662215999,120.93408683349404,228.81666061548617]","[495.7523717163909,270.5280203739002,347.84606239756613]","[true,true,true]","[245.45080549479098,149.59393354040614,119.02940178207996]"
67,full all-pair MPLE,"[471.3471699409359,199.07081839552737,261.99757352745445]","[497.7519572882656,209.10528342390646,235.70523835480532]","[86.1552526594573,50.134964536771676,32.210879239221605]","[356.0391774704368,126.64060516851417,182.7230568108758]","[639.4647371060944,291.56996167929873,288.68741989873484]","[true,true,true]","[283.4255596356576,164.92935651078454,105.96436308785906]"
68,full all-pair MPLE,"[471.3471699409359,199.07081839552737,261.99757352745445]","[451.19071199264107,201.00485012330284,296.1216820113817]","[73.37802036508113,35.419946468444046,32.15436629770049]","[330.49460905661846,142.74422270825568,243.23245598428292]","[571.8868149286637,259.26547753835,349.0109080384805]","[true,true,true]","[241.39220587204528,116.52125483009434,105.7784520541976]"
69,full all-pair MPLE,"[471.3471699409359,199.07081839552737,261.99757352745445]","[452.13854085249056,166.40860504155518,240.95160148828742]","[61.29901833465713,45.99552682848443,39.38786687610099]","[351.310628216165,90.75269591417884,176.16432579925097]","[552.9664534888161,242.0645141689315,305.73887717732384]","[true,true,true]","[201.6558252726511,151.31181825475267,129.57455137807287]"
70,full all-pair MPLE,"[471.3471699409359,199.07081839552737,261.99757352745445]","[387.9474838102294,186.61275509225743,231.30932643030437]","[47.655577524623745,31.714879194931576,30.216127790225727]","[309.561034274385,134.44642102014646,181.6082190421224]","[466.3339333460738,238.7790891643684,281.0104338184863]","[false,true,true]","[156.7728990716888,104.33266814422194,99.4022147763639]"
71,full all-pair MPLE,"[471.3471699409359,199.07081839552737,261.99757352745445]","[431.70505954163144,166.64410817899264,214.45504012492532]","[68.87786224404864,40.576899220639355,31.14865720841123]","[318.4110580128442,99.90104832547966,163.22005834100202]","[544.9990610704186,233.3871680325056,265.6900219088486]","[true,true,true]","[226.58800305757444,133.48611970702592,102.4699635678466]"
72,full all-pair MPLE,"[471.3471699409359,199.07081839552737,261.99757352745445]","[494.52296197731175,184.45371491197676,253.12908545744148]","[67.89780033289146,42.70849000088042,32.49581769809025]","[382.84101883772837,114.20450023240795,199.6782218559839]","[606.2049051168951,254.70292959154557,306.57994905889905]","[true,true,true]","[223.36388627916676,140.49842935913762,106.90172720291514]"
73,full all-pair MPLE,"[471.3471699409359,199.07081839552737,261.99757352745445]","[540.866099666428,186.34131122081,218.99873297973184]","[1.6862978590317401,23.836778679627336,22.697924346069527]","[538.0923865168792,147.1332993547855,181.66396979482926]","[543.6398128159768,225.54932308683453,256.3334961646344]","[false,true,false]","[5.547426299097651,78.41602373204904,74.66952636980517]"
74,full all-pair MPLE,"[471.3471699409359,199.07081839552737,261.99757352745445]","[459.16202579996207,133.61032839607523,183.25035854718493]","[56.45013576588971,27.596701897385245,25.794969101061483]","[366.30981524353535,88.21779318826256,140.8214100642028]","[552.0142363563888,179.0028636038879,225.67930703016705]","[true,false,false]","[185.70442111285342,90.78507041562534,84.85789696596424]"
75,full all-pair MPLE,"[471.3471699409359,199.07081839552737,261.99757352745445]","[486.9410696789928,146.46313895928313,210.2799572622856]","[45.763299643415216,34.760438884588154,29.563895837300304]","[411.6671402792543,89.28730498554333,161.65167596748668]","[562.2149990787314,203.63897293302293,258.90823855708453]","[true,true,false]","[150.54785879947707,114.3516679474796,97.25656258959785]"
76,full all-pair MPLE,"[471.3471699409359,199.07081839552737,261.99757352745445]","[395.4855269619716,174.04871696885112,300.63955986755883]","[34.32924815483579,21.450724720578926,4.97812754020569]","[339.0189386239728,138.76541461146928,292.4512687276245]","[451.95211529997033,209.33201932623297,308.82785100749317]","[false,true,false]","[112.93317667599752,70.56660471476368,16.37658227986867]"
77,full all-pair MPLE,"[471.3471699409359,199.07081839552737,261.99757352745445]","[532.2479468977688,178.1782077656364,190.83228442949292]","[90.17890012928103,62.624635508968815,39.54006829708827]","[383.91685594562637,75.16984891219512,125.79465968111839]","[680.5790378499112,281.18656661907767,255.86990917786744]","[true,true,false]","[296.6621819042848,206.01671770688256,130.07524949674905]"
78,full all-pair MPLE,"[471.3471699409359,199.07081839552737,261.99757352745445]","[479.25839524078043,188.6264736525023,278.37491617032435]","[52.11059589067661,31.09455846552611,41.72372725796122]","[393.54409258739855,137.48047638202712,209.74549206013285]","[564.9726978941624,239.7724709229775,347.00434028051586]","[true,true,true]","[171.4286053067638,102.29199454095038,137.25884822038302]"
79,full all-pair MPLE,"[471.3471699409359,199.07081839552737,261.99757352745445]","[434.1504243025524,142.76123502428968,249.8559725087752]","[56.14385410581229,30.043722050709047,40.781251319474954]","[341.8020022455728,93.343709842059,182.77678336431734]","[526.498846359532,192.17876020652034,316.9351616532331]","[true,false,true]","[184.69684411395917,98.83505036446134,134.15837828891574]"
80,full all-pair MPLE,"[471.3471699409359,199.07081839552737,261.99757352745445]","[418.82486547330825,169.11793576693674,252.59246346381468]","[58.47837855607497,35.6356360397322,29.90300604278727]","[322.6364924071072,110.50253057826066,203.40639551758426]","[515.0132385395093,227.73334095561282,301.7785314100451]","[true,true,true]","[192.3767461324021,117.23081037735216,98.37213589246085]"
81,full all-pair MPLE,"[471.3471699409359,199.07081839552737,261.99757352745445]","[540.866099666428,213.0398096530489,300.63955986755883]","[1.7920476961828298,21.823892848296573,0.312397481629454]","[537.9184435136916,177.142700347328,300.1257117368501]","[543.8137558191644,248.9369189587698,301.15340799826754]","[false,true,false]","[5.895312305472771,71.7942186114418,1.027696261417418]"
82,full all-pair MPLE,"[471.3471699409359,199.07081839552737,261.99757352745445]","[483.0136690566722,210.50924619122662,251.6787426293221]","[52.78425871425148,35.44577974942372,30.794371243603994]","[396.19128966459084,152.20612681026398,201.02650939958997]","[569.8360484487536,268.81236557218926,302.3309758590542]","[true,true,true]","[173.64475878416272,116.60623876192528,101.30446645946424]"
83,full all-pair MPLE,"[471.3471699409359,199.07081839552737,261.99757352745445]","[540.866099666428,258.91745517222137,298.49671448275814]","[1.354815174647185,23.811335404612436,27.50410671424537]","[538.6376270125606,219.75129376938662,253.25648479777132]","[543.0945723202954,298.0836165750561,343.7369441677449]","[false,false,true]","[4.456945307734713,78.33232280566949,90.4804593699736]"
84,full all-pair MPLE,"[471.3471699409359,199.07081839552737,261.99757352745445]","[532.5957639504746,191.70542122429393,250.34647664903832]","[52.6099357429484,29.753983802082324,36.40420477595301]","[446.06012033000206,142.76447305118347,190.46688838702792]","[619.1314075709472,240.64636939740438,310.2260649110487]","[true,true,true]","[173.07128724094514,97.88189634622091,119.75917652402077]"
85,full all-pair MPLE,"[471.3471699409359,199.07081839552737,261.99757352745445]","[403.8633259531436,214.2822772733366,282.536805110635]","[62.2853479360999,37.254605612768394,31.553167122924794]","[301.41304549451536,153.00390411052786,230.6364637266862]","[506.31360641177184,275.56065043614535,334.43714649458377]","[true,true,true]","[204.90056091725648,122.5567463256175,103.80068276789757]"
86,full all-pair MPLE,"[471.3471699409359,199.07081839552737,261.99757352745445]","[481.1575931639987,242.3799120924441,300.63955986755883]","[85.66216959733075,43.784789620778184,9.250187752441928]","[340.2558628092971,170.36034207939997,285.42435499297267]","[622.0593235187002,314.39948210548823,315.854764742145]","[true,true,false]","[281.8034607094031,144.03914002608826,30.430409749172327]"
87,full all-pair MPLE,"[471.3471699409359,199.07081839552737,261.99757352745445]","[483.54509371849815,206.80465663288152,255.64004762020704]","[53.66981171184194,40.734079073013426,34.73896907024476]","[395.26610926647237,139.80305892910735,198.49952834845996]","[571.824078170524,273.8062543366557,312.7805668919541]","[true,true,true]","[176.55796890405162,134.00319540754833,114.28103854349413]"
88,full all-pair MPLE,"[471.3471699409359,199.07081839552737,261.99757352745445]","[451.40806520863634,167.55812780930992,300.63955986755883]","[37.778299205638035,19.661253984669344,1.3094692010868183]","[389.26829274018473,135.21824288221248,298.4856747027699]","[513.547837677088,199.89801273640737,302.79344503234773]","[true,true,false]","[124.27954493690322,64.67976985419489,4.3077703295778065]"
89,full all-pair MPLE,"[471.3471699409359,199.07081839552737,261.99757352745445]","[540.866099666428,165.95366723234815,245.10173210126766]","[2.5667930324699495,22.768351415083217,36.034550705692396]","[536.644100837336,128.50306182754287,185.83017067744282]","[545.08809849552,203.40427263715344,304.3732935250925]","[false,true,true]","[8.44399765818389,74.90121080961057,118.54312284764967]"
90,full all-pair MPLE,"[471.3471699409359,199.07081839552737,261.99757352745445]","[515.0870520249325,183.841967671323,246.83360095931462]","[65.25069493368669,40.440239938744334,32.13536937825018]","[407.759209802154,117.32369233329163,193.97562208407456]","[622.4148942477111,250.36024300935438,299.69157983455466]","[true,true,true]","[214.65568444555714,133.03655067606275,105.7159577504801]"
91,full all-pair MPLE,"[471.3471699409359,199.07081839552737,261.99757352745445]","[487.7057968957676,230.94326443814327,300.63955986755883]","[58.86111274726687,20.27382499862369,1.33536163794403]","[390.8878821070262,197.5957898569777,298.4430854340947]","[584.523711684509,264.2907390193089,302.83603430102295]","[true,true,false]","[193.63582957748275,66.6949491623312,4.392948866928236]"
92,full all-pair MPLE,"[471.3471699409359,199.07081839552737,261.99757352745445]","[483.7844738475466,231.96829180592772,265.700349277401]","[63.532990100390606,43.59643021546744,30.429885691209904]","[379.2820046498472,160.25854544387937,215.64764143049572]","[588.2869430452461,303.67803816797607,315.75305712430634]","[true,true,true]","[209.00493839539888,143.4194927240967,100.10541569381061]"
93,full all-pair MPLE,"[471.3471699409359,199.07081839552737,261.99757352745445]","[477.2736731650081,233.57310137315486,300.63955986755883]","[47.5216759217829,27.86893421146638,1.5290112804443912]","[399.1074721662511,187.73278385615242,298.12456011727016]","[555.4398741637651,279.4134188901573,303.1545596178475]","[true,true,false]","[156.332401997514,91.68063503400487,5.029999500577333]"
94,full all-pair MPLE,"[471.3471699409359,199.07081839552737,261.99757352745445]","[442.96057984223194,187.11910591045336,300.63955986755883]","[63.96340311115485,23.775482176750835,0.8310858547094535]","[337.7501442426899,148.01191781950467,299.2725452851319]","[548.171015441774,226.22629400140204,302.00657444998575]","[true,true,false]","[210.4208711990841,78.21437618189736,2.734029164853837]"
95,full all-pair MPLE,"[471.3471699409359,199.07081839552737,261.99757352745445]","[430.23729768067557,177.2738719303871,245.1736164722253]","[67.37634353589509,47.728112988913104,37.96789130489808]","[319.4130746449302,98.76811217302374,182.72199275166446]","[541.061520716421,255.77963168775045,307.6252401927861]","[true,true,true]","[221.6484460714908,157.01151951472673,124.90324744112166]"
96,full all-pair MPLE,"[471.3471699409359,199.07081839552737,261.99757352745445]","[463.77020834581475,200.8276743055577,238.57034006857222]","[56.93784223031478,39.70180761960717,30.44000750553323]","[370.11579204249085,135.5240120459173,188.50098331866587]","[557.4246246491387,266.1313365651981,288.63969681847857]","[true,true,true]","[187.3088326066478,130.60732451928084,100.1387134998127]"
97,full all-pair MPLE,"[471.3471699409359,199.07081839552737,261.99757352745445]","[475.1897928434308,201.6084481356761,241.42299594597702]","[56.2985927669582,36.90348159276727,34.19331314849535]","[382.5868483384357,140.907622590676,185.18000079618702]","[567.7927373484258,262.3092736806762,297.665991095767]","[true,true,true]","[185.20588900999013,121.4016510900002,112.48599029958001]"
98,full all-pair MPLE,"[471.3471699409359,199.07081839552737,261.99757352745445]","[461.03945247515077,219.11096996798588,300.63955986755883]","[48.32546615147358,25.50419672829055,4.250897208833207]","[381.5511342017789,177.1602994769733,293.64745617581167]","[540.5277707485227,261.06164045899845,307.631663559306]","[true,true,false]","[158.9766365467438,83.90134098202515,13.984207383494322]"
99,full all-pair MPLE,"[471.3471699409359,199.07081839552737,261.99757352745445]","[540.866099666428,263.1789233138048,300.63955986755883]","[12.260781811936843,6.705971483057346,0.8709127193272069]","[520.6989082338031,252.14858179766475,299.2070359224153]","[561.0332910990529,274.2092648299448,302.0720838127024]","[false,false,false]","[40.334382865249836,22.060683032280053,2.8650478902870873]"
0,"Positive(s,w_a) NPE","[471.3471699409359, 199.07081839552737, 261.99757352745445]","[484.3891115513062, 199.28112814852796, 254.6919806411643]","[32.872824679959606, 21.543521700371876, 19.434939789973104]","[427.3481148834146, 161.3703064430907, 221.11778089747995]","[532.5564162753858, 232.3783174235026, 285.40951029187323]","[true, true, true]","[105.20830139197119, 71.00801098041191, 64.29172939439329]"
1,"Positive(s,w_a) NPE","[471.3471699409359, 199.07081839552737, 261.99757352745445]","[454.9725842124731, 166.167487058778, 236.63606782468875]","[29.086285157269312, 18.993940708970516, 15.926887628762326]","[407.92108162997266, 134.78179865608834, 211.3183839385152]","[503.9465745015693, 196.93211416963538, 263.77078401250907]","[true, false, true]","[96.02549287159661, 62.15031551354704, 52.45240007399386]"
2,"Positive(s,w_a) NPE","[471.3471699409359, 199.07081839552737, 261.99757352745445]","[449.8465241599829, 203.44074496192636, 258.8911557352408]","[31.66088007847653, 20.512114259593464, 18.928743612662227]","[399.3829204388863, 169.52362113620515, 226.69317863103242]","[502.3479134034318, 235.44635247090784, 289.7102622146951]","[true, true, true]","[102.9649929645455, 65.92273133470269, 63.01708358366267]"
3,"Positive(s,w_a) NPE","[471.3471699409359, 199.07081839552737, 261.99757352745445]","[464.1096670517437, 188.51057080614072, 248.29066366407028]","[29.550644422575843, 17.55511264719584, 16.609051524511912]","[416.0083461624592, 159.49566186410752, 221.0079578701556]","[512.4109932463912, 217.00740422008866, 275.64021622460933]","[true, true, true]","[96.40264708393198, 57.51174235598114, 54.63225835445374]"
4,"Positive(s,w_a) NPE","[471.3471699409359, 199.07081839552737, 261.99757352745445]","[504.0618235654038, 210.94986777114462, 256.18641404778094]","[24.793918638134997, 19.837376184885333, 17.593081009972177]","[458.115597640122, 176.03170455578956, 227.44982921377533]","[537.8859196561592, 241.62356296225008, 285.63882827217606]","[true, true, true]","[79.7703220160372, 65.59185840646052, 58.188999058400725]"
5,"Positive(s,w_a) NPE","[471.3471699409359, 199.07081839552737, 261.99757352745445]","[447.7983787981815, 178.33631686477702, 232.50288758864068]","[29.49035402725377, 19.700429558418605, 16.23139797669023]","[399.799558471584, 145.90715585061812, 205.24664011737758]","[497.16118611074074, 210.2609566688544, 259.15537228120724]","[true, true, false]","[97.36162763915672, 64.35380081823627, 53.908732163829654]"
6,"Positive(s,w_a) NPE","[471.3471699409359, 199.07081839552737, 261.99757352745445]","[460.44766682175145, 193.09568401707588, 276.7936947881536]","[35.4521238720877, 23.413348670035237, 18.823223022689174]","[399.3046712250753, 153.9388323932061, 239.6434598719899]","[516.3251112679421, 228.35048781627975, 299.35723490521275]","[true, true, true]","[117.02044004286682, 74.41165542307365, 59.713775033222845]"
7,"Positive(s,w_a) NPE","[471.3471699409359, 199.07081839552737, 261.99757352745445]","[486.49649101584424, 191.46199457293764, 234.6675107049507]","[34.04983421011097, 20.664682118789013, 17.54903479788305]","[426.4479510482309, 152.85697979102395, 205.7129724213258]","[534.6332644879416, 222.25254883997093, 262.8316233069111]","[true, true, true]","[108.18531343971068, 69.39556904894698, 57.11865088558534]"
8,"Positive(s,w_a) NPE","[471.3471699409359, 199.07081839552737, 261.99757352745445]","[457.6107053532129, 197.89152678094223, 250.23722639604588]","[32.57553563246776, 22.362542237333844, 17.761820935091382]","[404.1827307633973, 159.92775620248642, 221.0967085626958]","[511.77043366594074, 233.39783489908692, 279.7123836372678]","[true, true, true]","[107.58770290254347, 73.4700786966005, 58.61567507457201]"
9,"Positive(s,w_a) NPE","[471.3471699409359, 199.07081839552737, 261.99757352745445]","[471.4241311473295, 200.31967660563862, 261.01638893717274]","[32.2646237011155, 21.423079334559688, 18.549484247984]","[418.27445865143164, 164.2441381253002, 229.31668224906772]","[523.8191750370297, 234.39297273689522, 290.5294431243208]","[true, true, true]","[105.54471638559806, 70.14883461159502, 61.21276087525305]"
10,"Positive(s,w_a) NPE","[471.3471699409359, 199.07081839552737, 261.99757352745445]","[459.299883395252, 193.65401330553897, 263.70722431181036]","[32.841318659028225, 21.036997577632363, 18.441160039144954]","[406.33182213740906, 159.25296136162248, 231.35521338869302]","[513.0782953807112, 228.01681934904298, 292.66649076223945]","[true, true, true]","[106.74647324330215, 68.7638579874205, 61.31127737354643]"
11,"Positive(s,w_a) NPE","[471.3471699409359, 199.07081839552737, 261.99757352745445]","[438.6909818680857, 193.72446949626334, 251.7283030798501]","[31.421407974595905, 21.42968545870078, 19.013985569915594]","[387.93352168901356, 158.9360910210798, 220.65521543368996]","[490.4463690213752, 228.9566892217272, 283.69485925991887]","[true, true, true]","[102.51284733236162, 70.02059820064741, 63.03964382622891]"
12,"Positive(s,w_a) NPE","[471.3471699409359, 199.07081839552737, 261.99757352745445]","[440.77292203664416, 210.42524606703813, 277.0132789147858]","[30.225074608493088, 18.64669334916284, 16.781856888035826]","[390.93474158992774, 176.71889576213363, 245.41518144624925]","[488.91393112339097, 237.91232920305393, 298.71806497384983]","[true, true, true]","[97.97918953346323, 61.1934334409203, 53.302883527600585]"
13,"Positive(s,w_a) NPE","[471.3471699409359, 199.07081839552737, 261.99757352745445]","[467.66192912506943, 212.2234823942157, 272.5991312404785]","[31.966979443535944, 20.406236041636465, 18.00705177950458]","[413.64411010696404, 175.83007330403174, 238.84025318808148]","[518.7359413482333, 242.16690482164685, 297.53787912818774]","[true, true, true]","[105.09183124126923, 66.33683151761511, 58.69762594010626]"
14,"Positive(s,w_a) NPE","[471.3471699409359, 199.07081839552737, 261.99757352745445]","[451.7596974923332, 183.8789145502164, 260.37132451897526]","[28.42463736367254, 17.726343284251445, 16.68601524209789]","[407.04120639016077, 154.77107153992623, 233.2441738024081]","[498.82853723900536, 212.65293789673873, 287.8674380939591]","[true, true, true]","[91.78733084884459, 57.88186635681251, 54.62326429155098]"
15,"Positive(s,w_a) NPE","[471.3471699409359, 199.07081839552737, 261.99757352745445]","[443.4485389108088, 207.26105811363803, 276.853520212997]","[29.397600769513257, 19.504081781661835, 17.547880086844668]","[396.28339333716696, 173.80652241808002, 243.64384411673782]","[494.33697695235315, 237.02700953675932, 299.01389766912297]","[true, true, true]","[98.0535836151862, 63.2204871186793, 55.370053552385144]"
16,"Positive(s,w_a) NPE","[471.3471699409359, 199.07081839552737, 261.99757352745445]","[445.6980506074962, 195.43702417818022, 270.5035473032821]","[31.330720898793512, 20.3231559798992, 18.26600453785468]","[393.35476025935714, 160.7333205201065, 237.36726315152563]","[495.44152955018495, 226.95171241389008, 296.4166095920259]","[true, true, true]","[102.08676929082782, 66.21839189378358, 59.04934644050027]"
17,"Positive(s,w_a) NPE","[471.3471699409359, 199.07081839552737, 261.99757352745445]","[477.75968992873095, 212.85241259387195, 268.86278534784566]","[30.78504978682754, 20.365374219785085, 18.126764181911632]","[425.43412073223817, 177.64611031973627, 237.8334692309973]","[527.4080551928437, 244.16287402964178, 296.15015367167035]","[true, true, true]","[101.9739344606055, 66.51676370990552, 58.31668444067304]"
18,"Positive(s,w_a) NPE","[471.3471699409359, 199.07081839552737, 261.99757352745445]","[482.01691153897895, 198.57586882231158, 251.8271214643425]","[33.7439062326697, 22.00690033389221, 19.945896161939192]","[423.34040026674165, 159.9912667597995, 215.744853171799]","[532.8563460428006, 232.74216691092897, 282.45480969885983]","[true, true, true]","[109.51594577605897, 72.75090015112949, 66.70995652706083]"
19,"Positive(s,w_a) NPE","[471.3471699409359, 199.07081839552737, 261.99757352745445]","[498.7417079839251, 216.65620410253723, 266.56023008494856]","[28.09085643513929, 18.50702941587226, 24.12685841961213]","[447.5661671652555, 184.74438482500992, 218.51527479449766]","[537.4866165654086, 245.3295802629479, 297.7563532746211]","[true, true, true]","[89.92044940015307, 60.58519543793798, 79.24107848012346]"
20,"Positive(s,w_a) NPE","[471.3471699409359, 199.07081839552737, 261.99757352745445]","[477.8400555288843, 198.83737619506547, 253.6024684818952]","[28.920896738498048, 18.596020047803272, 16.648632824291962]","[430.64601346584936, 167.88516698364927, 226.68828604244854]","[525.4146592337214, 228.537571768544, 281.55444344683656]","[true, true, true]","[94.76864576787204, 60.65240478489474, 54.86615740438802]"
21,"Positive(s,w_a) NPE","[471.3471699409359, 199.07081839552737, 261.99757352745445]","[455.0436733379649, 188.92734535338232, 255.771236040642]","[26.40538263951768, 16.769754888644062, 15.483269817417977]","[412.98436588985925, 161.40200016583674, 230.85649254959583]","[498.70315357773325, 216.16050597113792, 281.7572525136899]","[true, true, true]","[85.718787687874, 54.75850580530118, 50.90075996409405]"
22,"Positive(s,w_a) NPE","[471.3471699409359, 199.07081839552737, 261.99757352745445]","[482.15554201690907, 198.00191339032577, 276.4981455618219]","[29.717521227945813, 19.423048191104797, 15.965504918005209]","[432.42479930426873, 165.00936747109853, 247.04030822164532]","[528.7212354307172, 227.89939523303653, 298.5197320427746]","[true, true, true]","[96.2964361264485, 62.890027761938, 51.479423821129274]"
23,"Positive(s,w_a) NPE","[471.3471699409359, 199.07081839552737, 261.99757352745445]","[459.36866622961304, 185.21467936493383, 256.715115477728]","[28.98398229638121, 17.856521354713262, 16.626619932212684]","[412.64493307584047, 155.83765993105007, 229.44784495965857]","[507.57503690958725, 214.14858865320573, 284.7426688082211]","[true, true, true]","[94.93010383374678, 58.310928722155666, 55.294823848562515]"
24,"Positive(s,w_a) NPE","[471.3471699409359, 199.07081839552737, 261.99757352745445]","[492.809632315915, 209.89844470516556, 263.42861383482045]","[27.952558569761173, 18.90580970303194, 16.94722505854617]","[445.7519151074266, 177.5622552210469, 234.81713633450212]","[534.680172911138, 239.43565238571844, 291.39426739373107]","[true, true, true]","[88.9282578037114, 61.87339716467153, 56.57713105922895]"
25,"Positive(s,w_a) NPE","[471.3471699409359, 199.07081839552737, 261.99757352745445]","[445.430433736792, 202.02052693964364, 269.6305002181124]","[31.90027730439432, 21.89499897209043, 19.262993130756104]","[392.76539122280224, 163.5557382541664, 233.53156271220246]","[497.85387649236947, 236.17792961133276, 296.61378036240296]","[true, true, true]","[105.08848526956723, 72.62219135716634, 63.082217650200505]"
26,"Positive(s,w_a) NPE","[471.3471699409359, 199.07081839552737, 261.99757352745445]","[445.63697328408335, 179.86646042654402, 255.51471124764845]","[28.655315097668115, 17.29289823235585, 16.673919010564465]","[399.2844879980193, 151.4727857841101, 228.5403614713665]","[492.1566473415629, 208.49899107305424, 283.44278628106156]","[true, true, true]","[92.87215934354361, 57.02620528894414, 54.90242480969505]"
27,"Positive(s,w_a) NPE","[471.3471699409359, 199.07081839552737, 261.99757352745445]","[472.8976865582848, 195.21813486511653, 249.5795865633559]","[30.244801615293344, 18.782140968637915, 16.783836327122618]","[423.1698670582984, 164.4522564303104, 221.74768406029025]","[521.5549363584528, 226.15817521542326, 277.2204406690802]","[true, true, true]","[98.38506930015438, 61.70591878511286, 55.47275660878992]"
28,"Positive(s,w_a) NPE","[471.3471699409359, 199.07081839552737, 261.99757352745445]","[492.50511181798987, 199.90111169606797, 269.21432656709084]","[32.907015126795294, 27.238695857993953, 20.954219683780625]","[430.9120536575784, 149.9920948650924, 227.20858213523584]","[536.1892756392959, 236.2803707543498, 296.88081964040276]","[true, true, true]","[105.27722198171756, 86.28827588925739, 69.67223750516692]"
29,"Positive(s,w_a) NPE","[471.3471699409359, 199.07081839552737, 261.99757352745445]","[498.2399281587395, 196.33694316398993, 262.1736320503008]","[27.099366861847137, 17.395973955233895, 16.256521702615046]","[451.2042031195457, 166.50228987458485, 235.8342209239163]","[535.9040736423713, 224.08952296229148, 289.29541124989333]","[true, true, true]","[84.69987052282556, 57.587233087706636, 53.46119032597704]"
30,"Positive(s,w_a) NPE","[471.3471699409359, 199.07081839552737, 261.99757352745445]","[463.5597153811082, 200.97552529409205, 271.10981085924357]","[31.211156020665378, 20.35280333796737, 17.77954219888519]","[411.83880398573694, 165.65893666710664, 239.5538148594289]","[514.5387504200552, 232.60902042125673, 296.98295899765066]","[true, true, true]","[102.69994643431824, 66.95008375415009, 57.429144138221744]"
31,"Positive(s,w_a) NPE","[471.3471699409359, 199.07081839552737, 261.99757352745445]","[469.37962378312574, 218.57420689603217, 271.87229953540583]","[33.619415020188875, 20.271137843105123, 18.364291339170848]","[410.0380779286474, 179.82191883555709, 237.88995277607233]","[520.7302955753984, 246.72187382364262, 297.1800948377422]","[true, true, true]","[110.69221764675098, 66.89995498808554, 59.29014206166988]"
32,"Positive(s,w_a) NPE","[471.3471699409359, 199.07081839552737, 261.99757352745445]","[456.1711372107311, 202.03810364258862, 261.120206639331]","[30.940148241509945, 20.869388733181893, 18.07205406549]","[405.40778535570064, 166.70137298024474, 230.49987470913388]","[507.56455432915874, 234.6926464868274, 290.3416175855427]","[true, true, true]","[102.1567689734581, 67.99127350658267, 59.8417428764088]"
33,"Positive(s,w_a) NPE","[471.3471699409359, 199.07081839552737, 261.99757352745445]","[483.9966741450552, 210.38130531386636, 257.27209775353526]","[28.892947347806317, 18.398664682596003, 16.9643616677526]","[436.16817937001065, 178.90371337035265, 229.0252549562428]","[530.0757775483312, 239.9146995501575, 285.4195203946966]","[true, true, true]","[93.90759817832054, 61.01098617980486, 56.39426543845377]"
34,"Positive(s,w_a) NPE","[471.3471699409359, 199.07081839552737, 261.99757352745445]","[499.65463443620615, 197.36606179415776, 256.7950389038922]","[31.42952064322624, 23.64126445391814, 20.788888282713728]","[439.57565755868893, 154.36648372917026, 216.969482800167]","[538.1276107295148, 230.8106498929117, 287.2758583222104]","[true, true, true]","[98.55195317082587, 76.44416616374144, 70.30637552204342]"
35,"Positive(s,w_a) NPE","[471.3471699409359, 199.07081839552737, 261.99757352745445]","[501.7849875278068, 199.3949023742105, 245.2469271016944]","[29.983945760097214, 19.32542400401767, 17.43896631078853]","[447.5234060433668, 163.54251174544154, 216.06694153283178]","[538.1134703806166, 228.6273588846201, 274.0514794976887]","[true, true, true]","[90.59006433724983, 65.08484713917855, 57.98453796485694]"
36,"Positive(s,w_a) NPE","[471.3471699409359, 199.07081839552737, 261.99757352745445]","[496.06486356568786, 211.1451976612024, 251.7689170452867]","[30.752954664489927, 20.758008577600197, 18.867593206146445]","[439.5137077803289, 171.29037911048746, 217.6139443673266]","[537.1519456692902, 241.16829459324012, 281.0324356921928]","[true, true, true]","[97.63823788896127, 69.87791548275266, 63.41849132486618]"
37,"Positive(s,w_a) NPE","[471.3471699409359, 199.07081839552737, 261.99757352745445]","[422.1750140785834, 175.58587952425646, 247.13869364487738]","[27.381510996083577, 18.428509378009398, 16.4729368065578]","[378.52037790123677, 145.80276136168624, 220.27419135183493]","[468.8505266161576, 206.4467935069479, 274.0280720967913]","[false, true, true]","[90.33014871492082, 60.64403214526166, 53.75388074495635]"
38,"Positive(s,w_a) NPE","[471.3471699409359, 199.07081839552737, 261.99757352745445]","[481.628709885394, 203.59117629472408, 262.9782543808654]","[33.35200361406113, 23.356971231371688, 21.206444878366764]","[423.4064980170314, 160.81883816606734, 222.10566500363947]","[530.5023239019596, 237.67147175645786, 293.1229710973517]","[true, true, true]","[107.09582588492816, 76.85263359039052, 71.01730609371222]"
39,"Positive(s,w_a) NPE","[471.3471699409359, 199.07081839552737, 261.99757352745445]","[487.8071153484299, 189.74922940382487, 269.4769224097332]","[34.30854183517441, 25.8604766069419, 20.47081820797375]","[422.55321316963654, 142.49716373134456, 230.37448551154498]","[534.1772927153736, 225.16246902219186, 297.01093195323796]","[true, true, true]","[111.62407954573706, 82.6653052908473, 66.63644644169298]"
40,"Positive(s,w_a) NPE","[471.3471699409359, 199.07081839552737, 261.99757352745445]","[463.247303471409, 181.75276415043277, 248.9536632665661]","[29.143624864766736, 17.87302282059236, 16.182227118661558]","[416.92030702991894, 152.4368722809025, 222.8417396960839]","[511.3215686600221, 211.5179489293012, 275.7928562464754]","[true, true, true]","[94.40126163010314, 59.08107664839872, 52.95111655039153]"
41,"Positive(s,w_a) NPE","[471.3471699409359, 199.07081839552737, 261.99757352745445]","[437.4291450473483, 181.61611593696716, 245.3385214030487]","[26.454052653587617, 18.666533425499466, 15.772997568518077]","[394.8382593999243, 151.2816440617833, 220.3268227842361]","[481.3956361058363, 211.02058994024623, 270.6807600075909]","[true, true, true]","[86.55737670591196, 59.738945878462914, 50.35393722335479]"
42,"Positive(s,w_a) NPE","[471.3471699409359, 199.07081839552737, 261.99757352745445]","[480.8292506241655, 201.71723923436772, 268.98845680983493]","[33.595909696281836, 24.066371452444617, 21.2054461762387]","[421.139254145201, 157.71493908683607, 226.95146290848493]","[530.3496945726876, 236.6253612529926, 296.6357950667408]","[true, true, true]","[109.21044042748656, 78.91042216615654, 69.68433215825587]"
43,"Positive(s,w_a) NPE","[471.3471699409359, 199.07081839552737, 261.99757352745445]","[500.2302091147152, 195.70463046159506, 260.76627634716004]","[31.574791234548226, 24.226152656021316, 21.31197470777324]","[440.3524592117419, 151.7440501044688, 219.10684369850395]","[538.6260385461842, 229.2769435012108, 290.9735597280186]","[true, true, true]","[98.27357933444227, 77.532893396742, 71.86671602951463]"
44,"Positive(s,w_a) NPE","[471.3471699409359, 199.07081839552737, 261.99757352745445]","[449.50674465283043, 193.8584768223804, 268.4383012179994]","[31.329634675143527, 21.012181203034455, 18.407938059919058]","[398.7108671645816, 158.44558351132503, 235.31734427890902]","[502.89790885688706, 226.96274580548837, 295.82763104344764]","[true, true, true]","[104.18704169230546, 68.51716229416334, 60.51028676453862]"
45,"Positive(s,w_a) NPE","[471.3471699409359, 199.07081839552737, 261.99757352745445]","[435.5456886065257, 168.32344781032006, 231.9564068614948]","[27.57469106529111, 16.316731921355284, 15.082817363412095]","[391.0538079086945, 142.34585360464808, 208.30369251102854]","[481.0073911924803, 196.02565316114683, 257.9092286943799]","[true, false, false]","[89.9535832837858, 53.67979955649875, 49.605536183351376]"
46,"Positive(s,w_a) NPE","[471.3471699409359, 199.07081839552737, 261.99757352745445]","[476.25775210748566, 203.64199309910327, 264.8483307286378]","[30.69673390772676, 18.891860637459597, 17.752209342956284]","[425.95517159998235, 171.7610662435784, 234.71087302296814]","[523.2998319429634, 233.53724062262611, 292.7993523411699]","[true, true, true]","[97.344660342981, 61.77617437904772, 58.088479318201735]"
47,"Positive(s,w_a) NPE","[471.3471699409359, 199.07081839552737, 261.99757352745445]","[447.7496980186616, 168.22375337400604, 259.80341817261245]","[27.215429087041617, 18.036609946249875, 16.244754903244527]","[404.140384557421, 138.37433703653954, 233.53439019102382]","[494.190521396317, 197.27041815568163, 286.8490109390344]","[true, false, true]","[90.05013683889604, 58.89608111914208, 53.314620748010555]"
48,"Positive(s,w_a) NPE","[471.3471699409359, 199.07081839552737, 261.99757352745445]","[492.54333822232337, 206.372755601473, 262.648171167394]","[31.31734774017731, 22.525242451783374, 20.468054572885983]","[436.2206229379985, 162.2042763884198, 225.00388267219432]","[535.3734510965237, 238.2478481925937, 292.9516122560439]","[true, true, true]","[99.15282815852521, 76.0435718041739, 67.9477295838496]"
49,"Positive(s,w_a) NPE","[471.3471699409359, 199.07081839552737, 261.99757352745445]","[423.9206975883523, 203.46232100379564, 273.21042647139205]","[28.52275390594439, 19.01216190524354, 17.673423966227393]","[377.8022030211814, 170.7468014773728, 241.4921918579935]","[471.022193405978, 232.74794746017346, 297.9256126294759]","[false, true, true]","[93.21999038479657, 62.001145982800665, 56.43342077148239]"
50,"Positive(s,w_a) NPE","[471.3471699409359, 199.07081839552737, 261.99757352745445]","[490.4351261638917, 207.17622239414598, 257.1684432516765]","[30.548095953066003, 22.393932566724004, 17.5986079606431]","[436.4024078385339, 165.93217495042506, 227.79114456462304]","[534.4233779277012, 239.80441438804618, 285.95655189321826]","[true, true, true]","[98.02097008916724, 73.87223943762112, 58.16540732859522]"
51,"Positive(s,w_a) NPE","[471.3471699409359, 199.07081839552737, 261.99757352745445]","[462.9106983599725, 194.02908658656435, 261.68069241511927]","[32.79209233222046, 22.900992617155943, 19.199592623404705]","[409.39052677773776, 155.16401612627632, 228.17349386019922]","[516.3090020260338, 230.1916065576476, 291.89678316901274]","[true, true, true]","[106.91847524829603, 75.02759043137127, 63.72328930881352]"
52,"Positive(s,w_a) NPE","[471.3471699409359, 199.07081839552737, 261.99757352745445]","[476.0608743186767, 192.73142954363433, 237.18064004714893]","[34.76147928437285, 20.73440161167326, 18.228509556082198]","[415.26045480835893, 158.77069924021328, 207.03568318628976]","[530.0337578644081, 226.95942362828964, 266.6974326765914]","[true, true, true]","[114.7733030560492, 68.18872438807637, 59.661749490301645]"
53,"Positive(s,w_a) NPE","[471.3471699409359, 199.07081839552737, 261.99757352745445]","[442.89358398488497, 191.02303498442996, 244.87538221688374]","[30.229852886282934, 23.149164474820033, 18.306307920189155]","[392.1739026003378, 145.44770008026433, 212.71916188636638]","[492.3990452674922, 224.06123187616797, 273.29207824285373]","[true, true, true]","[100.22514266715444, 78.61353179590364, 60.572916356487355]"
54,"Positive(s,w_a) NPE","[471.3471699409359, 199.07081839552737, 261.99757352745445]","[411.4972750906444, 173.8412520700136, 261.5793924691261]","[27.27418540535685, 19.321193350126595, 17.745942117418053]","[367.56371176837945, 142.79318582097576, 232.4904513787776]","[457.6866416176844, 206.18887009368956, 290.14941533055105]","[false, true, true]","[90.12292984930497, 63.395684272713794, 57.658963951773444]"
55,"Positive(s,w_a) NPE","[471.3471699409359, 199.07081839552737, 261.99757352745445]","[503.4311063863851, 209.388399732337, 250.58580525196157]","[27.06199150663099, 19.410771285095766, 19.99925328853004]","[453.06089532663174, 176.18935917059045, 217.18816086301845]","[538.4258257112185, 240.29208105328692, 283.15411266334274]","[true, true, true]","[85.36493038458678, 64.10272188269647, 65.96595180032429]"
56,"Positive(s,w_a) NPE","[471.3471699409359, 199.07081839552737, 261.99757352745445]","[469.8906332474892, 194.93915842527883, 274.89354668525243]","[33.18213505406804, 21.759855964696563, 18.294233058041584]","[411.8775680846941, 154.35026700166966, 239.43245032891878]","[522.2794657869914, 226.74302644938294, 298.4377929649264]","[true, true, true]","[110.40189770229733, 72.39275944771327, 59.00534263600764]"
57,"Positive(s,w_a) NPE","[471.3471699409359, 199.07081839552737, 261.99757352745445]","[455.4260972342468, 195.74535893304522, 236.5449645417135]","[30.191244032805773, 17.31527259796294, 15.808786599904181]","[407.07908223812996, 166.98383278521305, 211.2174606573618]","[505.09080245297116, 224.11901282051278, 262.9170309544122]","[true, true, true]","[98.0117202148412, 57.135180035299726, 51.6995702970504]"
58,"Positive(s,w_a) NPE","[471.3471699409359, 199.07081839552737, 261.99757352745445]","[430.14516981887715, 166.5773657009614, 249.18415623671376]","[25.999335338124222, 16.148126184551707, 15.57947705224337]","[389.37686090319505, 140.28887527846874, 223.91275951602455]","[473.48744621891365, 193.52387933481236, 275.23900623694533]","[true, false, true]","[84.1105853157186, 53.23500405634363, 51.32624672092078]"
59,"Positive(s,w_a) NPE","[471.3471699409359, 199.07081839552737, 261.99757352745445]","[455.6308935375207, 199.09596549566356, 267.40575056906533]","[33.39460311013247, 23.16314555993056, 19.286239042715767]","[401.0239667974419, 158.96478967215293, 233.03700207858623]","[512.9706620996293, 236.62784037508453, 295.96829448437956]","[true, true, true]","[111.94669530218738, 77.6630507029316, 62.93129240579333]"
60,"Positive(s,w_a) NPE","[471.3471699409359, 199.07081839552737, 261.99757352745445]","[458.371057733511, 203.13249899388117, 268.65103833376105]","[30.02620343542547, 20.036682965885646, 17.324907766216434]","[409.5520373516329, 169.19384283352363, 238.52058862746716]","[508.28442109553407, 234.98598740927073, 294.96006247320173]","[true, true, true]","[98.73238374390115, 65.7921445757471, 56.43947384573457]"
61,"Positive(s,w_a) NPE","[471.3471699409359, 199.07081839552737, 261.99757352745445]","[492.05099389821925, 208.71768177110536, 264.7669049175878]","[28.870912980461437, 21.58175319697747, 17.52308493356899]","[441.4852050409831, 170.87786331738764, 235.67394625527407]","[535.4749221996526, 242.0574152697378, 293.063380219762]","[true, true, true]","[93.98971715866952, 71.17955195235015, 57.38943396448792]"
62,"Positive(s,w_a) NPE","[471.3471699409359, 199.07081839552737, 261.99757352745445]","[477.17882452213803, 198.08071027010834, 235.63272925533983]","[35.569107019625505, 20.739430868928288, 18.864102091839424]","[417.0559632999074, 163.20616240158478, 203.394525354589]","[530.9737632605163, 231.29509361262674, 265.6126631802386]","[true, true, true]","[113.91779996060893, 68.08893121104197, 62.21813782564959]"
63,"Positive(s,w_a) NPE","[471.3471699409359, 199.07081839552737, 261.99757352745445]","[478.3217901839486, 212.75172312569887, 263.03749675063693]","[32.672021574590254, 23.030245657113213, 23.05735700673245]","[421.3052649564924, 171.70345968039695, 218.18239720984434]","[527.7667909582545, 246.16041607512213, 294.7670164622955]","[true, true, true]","[106.46152600176214, 74.45695639472518, 76.58461925245115]"
64,"Positive(s,w_a) NPE","[471.3471699409359, 199.07081839552737, 261.99757352745445]","[482.2656613948444, 184.84865446957554, 250.19246909993203]","[33.523614389935766, 21.172224107952825, 18.459669659625288]","[422.9046113011969, 145.95359314367255, 218.9837323915731]","[531.4224640563564, 216.47754640869854, 279.6539087573916]","[true, true, true]","[108.51785275515948, 70.523953265026, 60.67017636581849]"
65,"Positive(s,w_a) NPE","[471.3471699409359, 199.07081839552737, 261.99757352745445]","[488.91626858089256, 197.35730811287553, 258.9579724514575]","[27.325593982881525, 17.892808237641738, 16.59481388729861]","[443.20224434083246, 167.45013312182698, 231.8955288022593]","[531.0498675326586, 226.1875265132618, 286.62858039732174]","[true, true, true]","[87.84762319182613, 58.73739339143481, 54.73305159506245]"
66,"Positive(s,w_a) NPE","[471.3471699409359, 199.07081839552737, 261.99757352745445]","[439.962368855688, 190.21570776961622, 267.9338925652308]","[30.33158349610934, 23.571573579685406, 18.57899586521124]","[391.3778268964408, 149.05648727580453, 234.80691604281427]","[489.6463124087657, 225.85138897297963, 295.72568159233504]","[true, true, true]","[98.2684855123249, 76.7949016971751, 60.91876554952077]"
67,"Positive(s,w_a) NPE","[471.3471699409359, 199.07081839552737, 261.99757352745445]","[477.146155199406, 197.79398806498628, 257.52281117555003]","[31.23291082350848, 21.736753577927892, 18.13224022759233]","[423.1995327513946, 160.61377184143322, 226.70826050394874]","[525.9646195021023, 231.44607199359038, 286.9173363723717]","[true, true, true]","[102.76508675070772, 70.83230015215716, 60.209075868422985]"
68,"Positive(s,w_a) NPE","[471.3471699409359, 199.07081839552737, 261.99757352745445]","[458.0935593781592, 179.66144525079275, 264.53868599491574]","[29.24383774329127, 19.02808512636217, 17.25021651865472]","[410.7378761391171, 147.9628751929721, 235.77264774405484]","[507.035339662298, 210.51472083561524, 292.91146768998317]","[true, true, true]","[96.29746352318091, 62.551845642643144, 57.13881994592833]"
69,"Positive(s,w_a) NPE","[471.3471699409359, 199.07081839552737, 261.99757352745445]","[463.5679832783764, 191.77999601333607, 251.07416143052797]","[28.674976127356178, 17.31546458367644, 16.10009461483396]","[417.55708735184106, 163.62293531433147, 225.73307562214552]","[509.8226897601859, 220.55359424683041, 278.31359292359184]","[true, true, true]","[92.26560240834482, 56.93065893249894, 52.58051730144632]"
70,"Positive(s,w_a) NPE","[471.3471699409359, 199.07081839552737, 261.99757352745445]","[451.2864192988222, 186.63742005454955, 255.7599548496264]","[32.49563291905954, 27.597371517995914, 20.242635227479077]","[398.2633736066992, 137.99495369391664, 221.2368784130171]","[505.8511217648405, 228.9244833826363, 288.76593120460365]","[true, true, true]","[107.58774815814132, 90.92952968871967, 67.52905279158654]"
71,"Positive(s,w_a) NPE","[471.3471699409359, 199.07081839552737, 261.99757352745445]","[462.2955719795407, 183.10016720114754, 239.46133987577014]","[29.880014636835956, 21.171902756878758, 16.93613128706626]","[412.6950923545379, 146.41731087707734, 210.82496008593853]","[512.0757661986139, 215.82092610262342, 266.1842112401087]","[true, true, true]","[99.380673844076, 69.40361522554608, 55.35925115417018]"
72,"Positive(s,w_a) NPE","[471.3471699409359, 199.07081839552737, 261.99757352745445]","[469.3627232689501, 173.3597412537811, 253.9054873509863]","[29.819486845708962, 18.19664412861122, 16.49597680934132]","[421.0222062680215, 143.59150393554742, 227.6605369421526]","[519.223522316368, 203.19229852819922, 280.88085766563165]","[true, true, true]","[98.20131604834648, 59.600794592651795, 53.22032072347906]"
73,"Positive(s,w_a) NPE","[471.3471699409359, 199.07081839552737, 261.99757352745445]","[497.89802103572646, 185.6708961031836, 241.32463896615644]","[30.46209204424651, 18.79743186704628, 17.450946046313526]","[444.6461267454598, 153.11510644691134, 213.3085745759046]","[537.6515738485141, 215.36656696752468, 269.97964081935345]","[true, true, true]","[93.00544710305428, 62.251460520613335, 56.67106624344885]"
74,"Positive(s,w_a) NPE","[471.3471699409359, 199.07081839552737, 261.99757352745445]","[460.2552381153493, 174.78602158234528, 237.66826088586882]","[26.698313807623123, 16.66870369398146, 14.231642479144943]","[417.6990124042539, 147.82817036246902, 215.27104641753434]","[505.7164554116101, 201.66450887509592, 261.54229019485666]","[true, true, false]","[88.01744300735623, 53.836338512626895, 46.271243777322326]"
75,"Positive(s,w_a) NPE","[471.3471699409359, 199.07081839552737, 261.99757352745445]","[505.9204101005413, 200.99439502133419, 248.19869590809014]","[23.86103407984616, 16.793336772465764, 14.821152755025178]","[463.29641747774, 172.5357800934664, 224.5306702334013]","[538.2085488678481, 227.4577310991449, 272.3965762680596]","[true, true, true]","[74.91213139010807, 54.921951005678494, 47.86590603465831]"
76,"Positive(s,w_a) NPE","[471.3471699409359, 199.07081839552737, 261.99757352745445]","[433.28020798222923, 199.05839279696502, 270.83275843491884]","[30.479059445667197, 20.723694105597517, 18.45514887865734]","[383.19501717513117, 162.2864284337227, 237.54512160329853]","[483.39598090712894, 230.35505153920198, 296.9086737530813]","[true, true, true]","[100.20096373199777, 68.06862310547928, 59.36355214978278]"
77,"Positive(s,w_a) NPE","[471.3471699409359, 199.07081839552737, 261.99757352745445]","[515.0102923600582, 199.45522763935986, 226.88975636732565]","[22.92057087981983, 17.987288541182554, 14.203405661653152]","[471.13112407409255, 166.45252984915956, 203.73681779196377]","[540.1284832847956, 224.07582514249233, 249.84771832384632]","[true, true, false]","[68.99735921070305, 57.623295293332774, 46.11090053188255]"
78,"Positive(s,w_a) NPE","[471.3471699409359, 199.07081839552737, 261.99757352745445]","[446.50631169687864, 193.47188184484227, 267.37445326398824]","[28.825100960686992, 17.939563528310348, 16.71239424266843]","[400.200486904096, 163.8314717593208, 238.60579971867355]","[494.46897194371905, 222.31483517247395, 293.5774809279001]","[true, true, true]","[94.26848503962304, 58.48336341315314, 54.971681209226574]"
79,"Positive(s,w_a) NPE","[471.3471699409359, 199.07081839552737, 261.99757352745445]","[444.8501062357492, 176.57456610798167, 245.00786719048145]","[29.463070564907337, 17.743585975741265, 16.49938857480949]","[395.89993851557585, 147.11963342161974, 218.31744416475087]","[492.3622022279524, 205.10749255995893, 272.5595120351195]","[true, true, true]","[96.46226371237657, 57.98785913833919, 54.24206787036863]"
80,"Positive(s,w_a) NPE","[471.3471699409359, 199.07081839552737, 261.99757352745445]","[431.58035497791013, 182.05356300548175, 242.43202249151975]","[27.186438387365943, 17.00582487517382, 15.833638311410807]","[388.5672410554734, 154.33435369421775, 216.69239014302116]","[477.27671395871283, 209.9713205055434, 269.42201324537933]","[true, true, true]","[88.70947290323943, 55.636966811325635, 52.729623102358175]"
81,"Positive(s,w_a) NPE","[471.3471699409359, 199.07081839552737, 261.99757352745445]","[487.6858481973107, 191.43253111233003, 269.95530924340875]","[34.177631336860706, 26.703031908385686, 20.59041958715468]","[423.295346862266, 141.7497296633386, 228.40507827917847]","[535.1623406119505, 227.10079312234342, 297.012344675052]","[true, true, true]","[111.86699374968453, 85.35106345900482, 68.60726639587355]"
82,"Positive(s,w_a) NPE","[471.3471699409359, 199.07081839552737, 261.99757352745445]","[483.39503413240806, 200.1913336035909, 265.7581920599605]","[32.164878675226895, 24.237243248526156, 18.1541608169389]","[427.0160060255852, 156.26629529906216, 232.99239881175893]","[531.3197879746939, 235.59529204166446, 293.66504609359225]","[true, true, true]","[104.30378194910867, 79.3289967426023, 60.67264728183332]"
83,"Positive(s,w_a) NPE","[471.3471699409359, 199.07081839552737, 261.99757352745445]","[490.53849346626487, 216.67340526352785, 264.4602656260186]","[29.859599537616464, 18.796187028185383, 25.34823756399003]","[439.33096043217995, 184.96210436829492, 217.83593977714804]","[535.4607042874538, 246.64327151439846, 297.82367310170713]","[true, true, true]","[96.12974385527389, 61.68116714610355, 79.98773332455909]"
84,"Positive(s,w_a) NPE","[471.3471699409359, 199.07081839552737, 261.99757352745445]","[488.5926344710187, 193.5095355885827, 242.61378425673988]","[32.928417503916656, 20.448551708861228, 18.07229240494868]","[430.43143619666745, 154.81291334134227, 212.57372403555306]","[533.7615944284547, 223.96997605016128, 271.1532705301052]","[true, true, true]","[103.33015823178727, 69.15706270881901, 58.57954649455215]"
85,"Positive(s,w_a) NPE","[471.3471699409359, 199.07081839552737, 261.99757352745445]","[420.99031590107217, 182.40101999731723, 246.63082534527862]","[30.381689189535983, 22.273012228263347, 19.180343339620748]","[371.7207747687461, 145.0381864074321, 215.2181585901844]","[472.7972207417489, 219.24772831568413, 278.28163517955653]","[true, true, true]","[101.07644597300282, 74.20954190825202, 63.06347658937213]"
86,"Positive(s,w_a) NPE","[471.3471699409359, 199.07081839552737, 261.99757352745445]","[458.89359849547026, 205.16515625985508, 270.33936469987475]","[32.88657546764144, 23.448760990982013, 19.736768829291176]","[404.2245571596846, 164.21569825308822, 233.86248027300329]","[513.2051277109312, 240.70014612833677, 297.6366359699381]","[true, true, true]","[108.98057055124656, 76.48444787524855, 63.7741556969348]"
87,"Positive(s,w_a) NPE","[471.3471699409359, 199.07081839552737, 261.99757352745445]","[471.824781180291, 188.46452187674578, 261.60852887281567]","[31.05107239227223, 21.13334605525152, 18.082283562483532]","[419.9778102165361, 152.93079445958648, 231.2026467929755]","[521.3112487054399, 221.87025461820775, 290.70177414908335]","[true, true, true]","[101.33343848890377, 68.93946015862127, 59.49912735610786]"
88,"Positive(s,w_a) NPE","[471.3471699409359, 199.07081839552737, 261.99757352745445]","[422.15123434215525, 177.62998724591733, 273.06729235319693]","[31.52183051626723, 21.69167294333832, 19.556516259634012]","[368.88477299280044, 139.585167848932, 234.823706700154]","[472.70943806768327, 210.285647105145, 298.17667111433565]","[true, true, true]","[103.82466507488283, 70.70047925621299, 63.352964414181656]"
89,"Positive(s,w_a) NPE","[471.3471699409359, 199.07081839552737, 261.99757352745445]","[494.12178614395975, 187.09051893227323, 230.81418904690454]","[33.83928721189136, 20.857120656899824, 17.032887492177558]","[431.4952137244966, 146.49405604228224, 201.76614944041563]","[536.966323487355, 216.85456083060356, 256.9411437516304]","[true, true, false]","[105.47110976285842, 70.36050478832132, 55.17499431121479]"
90,"Positive(s,w_a) NPE","[471.3471699409359, 199.07081839552737, 261.99757352745445]","[480.82430029516127, 178.33579014672722, 255.1614826943402]","[29.26813412166043, 17.68124718325949, 16.539079570670406]","[432.38435424864826, 149.41225422558276, 228.28364562831956]","[526.6234900016411, 206.87001424983714, 282.8611375592829]","[true, true, true]","[94.23913575299287, 57.457760024254384, 54.57749193096333]"
91,"Positive(s,w_a) NPE","[471.3471699409359, 199.07081839552737, 261.99757352745445]","[449.9848526479684, 202.06393372917356, 269.1364269893616]","[32.054834179032866, 21.186481010877202, 19.992184213185684]","[397.34207316298904, 166.66313824902363, 231.24080472907545]","[502.65228430572046, 235.72719292708197, 296.4282574873202]","[true, true, true]","[105.31021114273142, 69.06405467805834, 65.18745275824475]"
92,"Positive(s,w_a) NPE","[471.3471699409359, 199.07081839552737, 261.99757352745445]","[445.78626353198206, 196.01850107682895, 255.9892261136611]","[32.900207878162426, 23.15324903900693, 18.35101391983224]","[392.99225727545365, 157.03018700227014, 225.6627222151018]","[501.0818125416184, 233.16075544059953, 286.2473946818433]","[true, true, true]","[108.08955526616472, 76.13056843832939, 60.584672466741466]"
93,"Positive(s,w_a) NPE","[471.3471699409359, 199.07081839552737, 261.99757352745445]","[452.796275249321, 202.23286604138102, 266.319344238204]","[31.923269788286795, 21.295735223949304, 18.980040166946146]","[400.50774165708236, 166.15077336783528, 232.7607820642104]","[506.24401852601136, 236.05817184551032, 294.99575156865933]","[true, true, true]","[105.736276868929, 69.90739847767503, 62.23496950444894]"
94,"Positive(s,w_a) NPE","[471.3471699409359, 199.07081839552737, 261.99757352745445]","[436.1583392305911, 187.3572214414171, 270.5273972150215]","[29.580333062508263, 19.939580333973293, 18.158991224249245]","[387.83241054696657, 151.59655953873323, 237.7883367288545]","[485.1789929065432, 218.34965315620815, 296.6179955517897]","[true, true, true]","[97.34658235957664, 66.75309361747492, 58.829658822935215]"
95,"Positive(s,w_a) NPE","[471.3471699409359, 199.07081839552737, 261.99757352745445]","[444.3356723829911, 191.87863658745593, 249.5110795220376]","[26.746964457973558, 17.529669267809606, 15.915791184205846]","[401.36357962143836, 162.47642381465312, 223.77383210337155]","[487.2996898106704, 220.65917806160184, 276.2069456645567]","[true, true, true]","[85.93611018923201, 58.18275424694872, 52.433113561185166]"
96,"Positive(s,w_a) NPE","[471.3471699409359, 199.07081839552737, 261.99757352745445]","[433.5504685436, 179.98137614088154, 242.99387312093788]","[30.093830463096555, 20.654240487991114, 17.832664122255412]","[385.4253291627667, 146.2702793590988, 213.65989907013991]","[483.8510040652017, 214.1039958731235, 272.38545902050157]","[true, true, true]","[98.42567490243505, 67.8337165140247, 58.72555995036166]"
97,"Positive(s,w_a) NPE","[471.3471699409359, 199.07081839552737, 261.99757352745445]","[457.578378086423, 183.69527759011058, 249.48368803160264]","[31.345349650564135, 21.25691077718744, 17.783587379695263]","[406.0750087288118, 149.36428335961423, 220.37216885405505]","[509.68248325862265, 218.08941439031477, 278.7400938311812]","[true, true, true]","[103.60747452981087, 68.72513103070054, 58.36792497712614]"
98,"Positive(s,w_a) NPE","[471.3471699409359, 199.07081839552737, 261.99757352745445]","[461.2948295478261, 213.466580351261, 273.19451486741536]","[31.73882699791911, 19.633335447477826, 17.27602825628034]","[408.806892435696, 178.8948325117046, 241.94849974833397]","[512.5600642202002, 242.68176416648365, 297.55822429183075]","[true, true, true]","[103.75317178450416, 63.78693165477904, 55.60972454349678]"
99,"Positive(s,w_a) NPE","[471.3471699409359, 199.07081839552737, 261.99757352745445]","[479.20733993254817, 210.6693237018357, 262.58797210736964]","[33.32374509183639, 23.901995627545997, 23.900695438491354]","[422.8997896225439, 170.1887917926845, 216.2183124515799]","[531.1368679844513, 246.85570074121375, 295.2053605374283]","[true, true, true]","[108.23707836190744, 76.66690894852925, 78.98704808584841]"
