truth_index,truth_label,test_index,method,delta_integrated_squared_error,delta_integrated_absolute_error,delta_pointwise_coverage95,delta_mean_width95,orientation_estimate_degrees,orientation_error_degrees,orientation_abs_error_degrees,orientation_covers95,orientation_width95_degrees,axis_ratio_estimate,axis_ratio_error,axis_ratio_covers95,axis_ratio_width95
0,low,0,Linear,8.546825429879443e-05,0.006314902122613417,1.0,0.03761480782539262,174.52978641189287,0.00242630367508618,0.00242630367508618,1.0,14.953548877209839,1.449394300792698,0.1003479672540033,1.0,0.3302573743136128
0,low,1,Linear,5.7261938152487817e-05,0.005818332451059065,1.0,0.033424868943173265,170.04412623828975,-4.483233869928051,4.483233869928051,1.0,24.366247671387523,1.2866441795693908,-0.06240215396930382,1.0,0.21700522067103623
0,low,2,Linear,8.132892220573844e-05,0.007048682727832466,1.0,0.03702201711527778,171.6918352572087,-2.83552485100907,2.83552485100907,1.0,19.6698585820545,1.324470064552211,-0.024576268986483685,1.0,0.2506891260707884
0,low,3,Linear,8.02546018940004e-06,0.0021490543909020027,1.0,0.033558523114459206,175.12594309640696,0.5985829881891587,0.5985829881891587,1.0,17.48646793512085,1.3289664126913228,-0.020079920847371868,1.0,0.20378658166044983
0,low,4,Linear,4.8252502115807576e-05,0.00532582548076153,1.0,0.029735208876599653,171.24987085099775,-3.2774892572200516,3.2774892572200516,1.0,13.262512772687858,1.422045886567203,0.07299955302850836,1.0,0.2087149714136758
0,low,5,Linear,1.2333394017892241e-05,0.0024486678114010174,1.0,0.030075250808862034,172.8924646278122,-1.6348954804056017,1.6348954804056017,1.0,14.679857455729534,1.3781364450730829,0.02909011153438823,1.0,0.20139030356456877
0,low,6,Linear,0.00024103244569374048,0.010257077953515258,0.75,0.037535746267247976,176.29818648401357,1.770826375795793,1.770826375795793,1.0,13.906062856225947,1.4869216322389882,0.13787529870029358,1.0,0.3083588758872766
0,low,7,Linear,3.443929014086009e-06,0.001241986573529116,1.0,0.03484481741821908,174.0486670646346,-0.4786930435831846,0.4786930435831846,1.0,18.80636382676125,1.3392911871275723,-0.009755146411122295,1.0,0.22648060376056023
0,low,8,Linear,6.44617644059506e-05,0.0061453037131170285,1.0,0.035754748800958774,169.30850122838618,-5.21885887983162,5.21885887983162,1.0,15.580348782323817,1.4073918712548337,0.05834553771613904,1.0,0.24993524595775996
0,low,9,Linear,0.00012461555300035787,0.007898353580920234,1.0,0.03385670556403764,171.06064746111068,-3.4667126471071206,3.4667126471071206,1.0,13.432266566305689,1.4655661451785955,0.11651981163990088,1.0,0.24909983247166445
0,low,10,Linear,7.49771605738009e-05,0.006252561589919159,1.0,0.03469469281160061,171.31391152214314,-3.213448586074653,3.213448586074653,1.0,15.369852993267878,1.386311849604632,0.03726551606593742,1.0,0.2359349312752408
0,low,11,Linear,3.778123507458308e-05,0.004362513175272624,1.0,0.03596514150054273,175.6583263874225,1.1309662792047217,1.1309662792047217,1.0,19.59409548365684,1.3135341467682151,-0.035512186770479515,1.0,0.23607736676775515
0,low,12,Linear,2.3803665577732928e-05,0.0037811877095252125,1.0,0.031716463172566385,171.90735144359198,-2.6200086646258263,2.6200086646258263,1.0,14.24635945686679,1.3985709191503672,0.04952458561167261,1.0,0.2096550399864503
0,low,13,Linear,4.5391523979351356e-05,0.004536431484490187,1.0,0.03477296380965733,170.18732252232476,-4.340037585893035,4.340037585893035,1.0,18.252156784258077,1.3533532660038519,0.004306932465157232,1.0,0.2444338504064012
0,low,14,Linear,8.733742337153364e-05,0.007830860465965615,1.0,0.03591227540766833,176.43931250327358,1.911952395055798,1.911952395055798,1.0,17.27042915792449,1.3460345007464765,-0.003011832792218172,1.0,0.2217242032301272
0,low,15,Linear,7.264785162476289e-06,0.002017569467831215,1.0,0.03395103710798699,175.34067627940107,0.8133161711832878,0.8133161711832878,1.0,17.220867404643688,1.3639981417156422,0.014951808176947523,1.0,0.24129058752167287
0,low,16,Linear,5.918290191494181e-05,0.005436638161276428,1.0,0.03346215324626895,170.92500857065997,-3.6023515375578246,3.6023515375578246,1.0,15.26388081157869,1.403782133506121,0.05473579996742628,1.0,0.27604719266882216
0,low,17,Linear,0.00010134107278508108,0.008581655958789312,1.0,0.034419653690681694,175.04289545213848,0.5155353439206771,0.5155353439206771,1.0,17.305894000499254,1.3314633651192431,-0.017582968419451506,1.0,0.1982904362953848
0,low,18,Linear,5.530772781403921e-06,0.0017090036824878075,1.0,0.03059994084101204,175.54044496554698,1.0130848573291953,1.0130848573291953,1.0,16.263249839572552,1.3313163044731646,-0.017730029065530006,1.0,0.19345816280825878
0,low,19,Linear,2.4444652288319002e-05,0.003783831641277449,1.0,0.03491744003313025,171.4440739375314,-3.083286170686378,3.083286170686378,1.0,15.763585653145926,1.3928375703915343,0.0437912368528397,1.0,0.2434625166165867
0,low,20,Linear,6.864302659421603e-05,0.005636176629614224,1.0,0.03420160999713182,170.5040279739187,-4.023332134299073,4.023332134299073,1.0,17.979630397151446,1.385770249346687,0.03672391580799239,1.0,0.2996898352370889
0,low,21,Linear,2.4998565078862995e-05,0.003604248665057467,1.0,0.03407359213650175,172.55344329057496,-1.973916817642818,1.973916817642818,1.0,15.741881031905532,1.4065607936342786,0.05751446009558392,1.0,0.23930200164818993
0,low,22,Linear,9.274695002581227e-06,0.002307552113181966,1.0,0.03208742973098822,176.8392617554643,2.3119016472465104,2.3119016472465104,1.0,15.574463615241704,1.3615927028267754,0.012546369288080728,1.0,0.2084968752568761
0,low,23,Linear,2.214654671226266e-05,0.003649377778700974,1.0,0.03631216732462437,177.43705408432993,2.9096939761121345,2.9096939761121345,1.0,17.4883491273394,1.38915355901178,0.04010722547308543,1.0,0.323508828208106
0,low,24,Linear,2.9843601257213887e-05,0.0037863438268888722,1.0,0.03196074156506042,171.61114092263435,-2.9162191855834396,2.9162191855834396,1.0,16.51294726560224,1.3559223286429944,0.006875995104299815,1.0,0.19383071229817217
0,low,25,Linear,6.439309712841824e-05,0.005765529603829689,1.0,0.0377934887449821,173.26883248269104,-1.2585276255267377,1.2585276255267377,1.0,23.180932597274804,1.2958944152286533,-0.05315191831004129,1.0,0.23281221525488904
0,low,26,Linear,4.0625725146977206e-05,0.00533565668768204,1.0,0.03398784063290441,173.93310076339657,-0.5942593448212199,0.5942593448212199,1.0,19.314245713691914,1.3563156215485632,0.007269288009868591,1.0,0.2737817394875408
0,low,27,Linear,4.1473097404590274e-05,0.004820815391451172,1.0,0.033151352494149224,169.14764559509356,-5.379714513124215,5.379714513124215,1.0,19.11351934111326,1.3483793577446717,-0.0006669757940229726,1.0,0.23963340861306648
0,low,28,Linear,4.698225778599794e-05,0.0046464106185065066,1.0,0.03763338148019641,172.19517096388788,-2.332189144329919,2.332189144329919,1.0,16.410738787555548,1.396885723269085,0.04783938973039037,1.0,0.2249343386725724
0,low,29,Linear,0.0001520786219506703,0.009122462215043666,0.875,0.0318672293532565,179.43638102323627,4.909020915018476,4.909020915018476,1.0,14.225116280186969,1.375225316304302,0.026178982765607373,1.0,0.2036555929360202
0,low,30,Linear,8.485022353347825e-06,0.0019838305214162446,1.0,0.03077464283343066,173.00457611523,-1.5227839929877907,1.5227839929877907,1.0,15.620548254888478,1.355370367193171,0.006324033654476313,1.0,0.19996279758701507
0,low,31,Linear,5.812942906221482e-05,0.00565773419862976,1.0,0.032204789970358146,169.35103457884136,-5.176325529376413,5.176325529376413,1.0,13.722857316366014,1.3943877225286574,0.04534138898996276,1.0,0.20097364317167643
0,low,32,Linear,1.404191281843485e-05,0.0029470127417965306,1.0,0.03437179356058127,174.28235492653164,-0.2450051816861628,0.2450051816861628,1.0,16.744904788928288,1.3713755743059806,0.02232924076728593,1.0,0.31310778390582916
0,low,33,Linear,2.882272609230429e-05,0.003860783761688027,1.0,0.03154095177872776,175.8979485664831,1.3705884582653112,1.3705884582653112,1.0,18.14555788743011,1.3311108132108187,-0.01793552032787593,1.0,0.2522778719921963
0,low,34,Linear,2.714231735166851e-05,0.0038789753074988803,1.0,0.032595883712514796,178.43821029124098,3.9108501830232005,3.9108501830232005,1.0,16.235533055772663,1.3386412919514774,-0.010405041587217223,1.0,0.22034751039876865
0,low,35,Linear,5.2902074985863204e-05,0.0054126697966763145,1.0,0.036203901184813446,168.67973640254192,-5.8476237056758835,5.8476237056758835,1.0,18.674958122927336,1.3778792245372538,0.028832890998559124,1.0,0.2514771987068667
0,low,36,Linear,9.660210553278128e-05,0.0082586429479621,1.0,0.03360740663117089,172.63045940225854,-1.8969007059592662,1.8969007059592662,1.0,17.07182655491404,1.3403690294869568,-0.008677304051737833,1.0,0.2038935778834774
0,low,37,Linear,3.332516470067396e-05,0.00400099833456833,1.0,0.032046835105765344,178.0889874983423,3.5616273901245252,3.5616273901245252,1.0,15.200475856291098,1.35537883071978,0.006332497181085417,1.0,0.21657123316778049
0,low,38,Linear,0.0002337345223932698,0.012903868789773338,0.75,0.0345237158597503,177.54328499986332,3.0159248916455343,3.0159248916455343,1.0,16.755578563318505,1.351776373081679,0.0027300395429843416,1.0,0.2010449985403273
0,low,39,Linear,8.609747102228242e-05,0.006538881179931723,1.0,0.035772561766975686,171.50455120207496,-3.022808906142827,3.022808906142827,1.0,14.976509420271187,1.4415394213137385,0.09249308777504384,1.0,0.2670474468143078
0,low,40,Linear,0.00019605364065575982,0.011620804615571273,0.875,0.03477819009837526,174.53284532345864,0.005485215240841117,0.005485215240841117,1.0,18.513580669987896,1.3037363204330212,-0.0453100131056734,1.0,0.1968782213945406
0,low,41,Linear,3.695890260147122e-05,0.004292028466382966,1.0,0.03289644570915213,171.39089398122056,-3.1364661269972367,3.1364661269972367,1.0,16.402933556557173,1.3459499356044033,-0.003096397934291284,1.0,0.20953845756810874
0,low,42,Linear,4.9268676709568986e-05,0.00532039745459871,1.0,0.031021998782568772,177.3032126692089,2.7758525609911104,2.7758525609911104,1.0,14.78354548738074,1.342974916636677,-0.006071416902017734,1.0,0.2033546691750201
0,low,43,Linear,2.1379714461852964e-05,0.0031876381553684976,1.0,0.03670255611548523,172.56849621419056,-1.958863894027243,1.958863894027243,1.0,17.888094316841027,1.3798019539732431,0.030755620434548492,1.0,0.29866702045632376
0,low,44,Linear,0.00016974526648293363,0.009577981741071192,0.875,0.03724550902021342,167.03539726607258,-7.491962842145222,7.491962842145222,1.0,31.221909180195258,1.2508728802940745,-0.09817345324462012,1.0,0.21961653679970183
0,low,45,Linear,5.595742427367369e-05,0.005569757783956922,1.0,0.03555492861759816,179.3106835526221,4.783323444404293,4.783323444404293,1.0,14.234603679503012,1.4020511538465592,0.053004820307864575,1.0,0.26274652041361835
0,low,46,Linear,2.0667439853190085e-05,0.0034290763563933555,1.0,0.03402226792349563,173.650476738743,-0.8768833694747699,0.8768833694747699,1.0,16.163996820283955,1.3767962508544265,0.027749917315731842,1.0,0.26939497760856024
0,low,47,Linear,6.126706028299381e-05,0.005168373253423983,1.0,0.0320461918861983,172.72177227687894,-1.8055878313388483,1.8055878313388483,1.0,13.898739950776607,1.4119846400611782,0.06293830652248356,1.0,0.2173075769656958
0,low,48,Linear,4.0627775658872285e-05,0.005045447329834837,1.0,0.03607512330240545,172.7364270284387,-1.7909330797790899,1.7909330797790899,1.0,21.020943015691653,1.3590549438580628,0.010008610319368172,1.0,0.3263830985973273
0,low,49,Linear,5.622390714225705e-05,0.005953862530312691,1.0,0.031717521268376396,176.78581877718946,2.2584586689716604,2.2584586689716604,1.0,14.99294946522165,1.3649075084138838,0.01586117487518912,1.0,0.20207676723656065
0,low,50,Linear,5.7143971932911606e-05,0.005886889934095187,1.0,0.03478957047008277,168.18296539538196,-6.344394712835821,6.344394712835821,1.0,19.144035724025013,1.3338560516963243,-0.015190281842370368,1.0,0.21883015676820805
0,low,51,Linear,0.00011133989088640302,0.0076586790024947326,1.0,0.03478016830285536,177.62382018944336,3.0964600812255734,3.0964600812255734,1.0,15.006947589614255,1.4040132480694665,0.05496691453077185,1.0,0.21864441249996847
0,low,52,Linear,0.00012580381137420075,0.009203044806826531,1.0,0.036779612864789875,171.76858710960315,-2.7587729986146416,2.7587729986146416,1.0,18.495394556278168,1.3314288363756737,-0.017617497163020968,1.0,0.21906873777262992
0,low,53,Linear,4.257563015755422e-05,0.005128796335720343,1.0,0.034083076098052174,172.8692805150298,-1.6580795931879877,1.6580795931879877,1.0,17.499068571721786,1.3759775794334659,0.02693124589477125,1.0,0.2981783166259251
0,low,54,Linear,8.628777723001972e-05,0.007106625567160842,1.0,0.03446598031540749,170.09835174786843,-4.429008360349365,4.429008360349365,1.0,15.27366894317053,1.4463242303268198,0.09727789678812515,1.0,0.28990284072995
0,low,55,Linear,0.00012832175777920886,0.00834116946126189,0.75,0.031843486024456635,171.68717930962927,-2.8401807985885044,2.8401807985885044,1.0,23.609071846704307,1.2516166542651066,-0.09742967927358803,1.0,0.20917985010851536
0,low,56,Linear,0.00016982909659837546,0.008845593004003461,0.75,0.032677591340156804,1.5023751590055925,6.975015050787792,6.975015050787792,0.0,14.121415670335262,1.3776556573922785,0.028609323853583835,1.0,0.22312722166927945
0,low,57,Linear,5.264512485491726e-05,0.005313027599291568,1.0,0.030089103264203883,174.1976374973217,-0.32972261089610927,0.32972261089610927,1.0,12.631350046556156,1.436313610607285,0.08726727706859028,1.0,0.20697040629329821
0,low,58,Linear,6.267930763354021e-05,0.005650617726836807,1.0,0.03632814963789694,179.78809260118916,5.260732492971368,5.260732492971368,1.0,18.89439674823039,1.350823953036483,0.0017776194977883186,1.0,0.286469406051564
0,low,59,Linear,4.89742311611225e-05,0.005076011736924749,1.0,0.033560280509251535,171.86022342599856,-2.6671366822192444,2.6671366822192444,1.0,18.42919029568026,1.3071797290386693,-0.04186660450002533,1.0,0.20028158379440253
0,low,60,Linear,3.1406466145408755e-05,0.00402325089831466,1.0,0.030795358262842628,170.80277133298685,-3.7245887752309392,3.7245887752309392,1.0,16.435084488672054,1.3249334134668544,-0.024112920071840183,1.0,0.19049116421612977
0,low,61,Linear,2.36288450598617e-05,0.0035226888115193777,1.0,0.03611064256207247,175.44378393488935,0.9164238266715773,0.9164238266715773,1.0,15.366509004187122,1.4106326436036918,0.06158631006499715,1.0,0.3215955816594571
0,low,62,Linear,0.00011280474566140597,0.007203967696364354,1.0,0.03611297255096988,169.6650985403813,-4.862261567836475,4.862261567836475,1.0,14.813014012908775,1.4307808100998745,0.08173447656117983,1.0,0.2637823347020707
0,low,63,Linear,2.5426274350196756e-05,0.0034937115823505116,1.0,0.03287669502537809,172.1042436066859,-2.4231165015318794,2.4231165015318794,1.0,15.564987816928522,1.3679278367092074,0.018881503170512737,1.0,0.21299753655382703
0,low,64,Linear,7.1265846426913894e-06,0.001993465665264168,1.0,0.03414741570364079,175.4383471067686,0.9109869985507905,0.9109869985507905,1.0,15.877646471901274,1.3824013379642286,0.03335500442553396,1.0,0.26099560860616133
0,low,65,Linear,8.003244156534135e-05,0.0070456459571117845,1.0,0.03327921917423424,173.42587522857323,-1.101484879644556,1.101484879644556,1.0,22.52792403050177,1.2571352942158776,-0.09191103932281708,1.0,0.20969642799096055
0,low,66,Linear,4.739165593006939e-06,0.0015693966328003937,1.0,0.03322979587465604,175.27815033605756,0.7507902278397708,0.7507902278397708,1.0,17.11862179495519,1.3412081816101993,-0.007838151928495352,1.0,0.21376407219346327
0,low,67,Linear,6.126597677865837e-05,0.00579449410745124,1.0,0.033038813276166555,171.05550525160365,-3.471854856614152,3.471854856614152,1.0,20.098150509244242,1.2893191267834256,-0.05972720675526899,1.0,0.19410928053413268
0,low,68,Linear,0.00016694850404214384,0.01101166668709743,1.0,0.032113282678723376,175.32643701846723,0.7990769102494443,0.7990769102494443,1.0,15.407080440964224,1.3771836136050721,0.0281372800663775,1.0,0.196070356905929
0,low,69,Linear,2.0327057908665968e-05,0.003686998006728679,1.0,0.029319578410306902,173.61831823560826,-0.9090418726095209,0.9090418726095209,1.0,15.020643138381105,1.3538359190271883,0.0047895854884936195,1.0,0.18990721531292665
0,low,70,Linear,3.718316475910502e-05,0.00440759599635699,1.0,0.03566712023080098,175.59244421248317,1.0650841042653876,1.0650841042653876,1.0,17.13400012251874,1.3915589372642432,0.04251260372554855,1.0,0.21028294615195886
0,low,71,Linear,3.8219887659137696e-05,0.0047480414582707076,1.0,0.03248456420170461,171.4614908745879,-3.0658692336298974,3.0658692336298974,1.0,20.45714969737899,1.2939065737291444,-0.055139759809550215,1.0,0.21885188573226233
0,low,72,Linear,2.59117898771601e-05,0.0039001525036206123,1.0,0.03456714991428005,176.53501789996048,2.007657791742703,2.007657791742703,1.0,16.911342864243892,1.354549803518658,0.005503469979963427,1.0,0.22169894656539402
0,low,73,Linear,7.124703172979069e-05,0.005759926708495719,1.0,0.032602346463590386,172.0267905706284,-2.5005695375893953,2.5005695375893953,1.0,13.74258575348174,1.4033706303162001,0.0543242967775055,1.0,0.22938824595624108
0,low,74,Linear,3.337354286184389e-05,0.004360993950570454,1.0,0.03521231544505748,175.3398261518558,0.8124660436380049,0.8124660436380049,1.0,19.175918542201828,1.3006877465082192,-0.048358587030475464,1.0,0.20527072544300817
0,low,75,Linear,0.00026997398245839053,0.013949094103354064,0.75,0.033840433522646166,176.5207099977225,1.9933498895046988,1.9933498895046988,1.0,14.66641348683937,1.3784054658469174,0.029359132308222735,1.0,0.21893568348030756
0,low,76,Linear,5.02697590501321e-05,0.005150774511049568,1.0,0.034377238775867895,170.30082543608205,-4.226534672135732,4.226534672135732,1.0,15.521101784015968,1.3982679611474782,0.04922162760878357,1.0,0.23352753281715266
0,low,77,Linear,2.361517033931097e-05,0.0036115667173266114,1.0,0.03219042552460268,174.72766610796407,0.20030599974626967,0.20030599974626967,1.0,18.372822403652368,1.3101010446447574,-0.038945288893937224,1.0,0.20294680578340452
0,low,78,Linear,5.475864311840434e-05,0.005657339071892929,1.0,0.03505567320726053,169.37169846994294,-5.155661638274862,5.155661638274862,1.0,16.29762463626827,1.4009159390591075,0.051869605520412865,1.0,0.25004374503939597
0,low,79,Linear,4.740337135297677e-05,0.004704420099647316,1.0,0.03149823735125964,175.32671721978883,0.7993571115710371,0.7993571115710371,1.0,13.68309836658348,1.4178231996214874,0.06877686608279276,1.0,0.20467907089209247
0,low,80,Linear,2.303975135792508e-05,0.003926608558842505,1.0,0.03333892725672544,175.05325314023187,0.5258930320140763,0.5258930320140763,1.0,17.13097829680448,1.346737369824511,-0.002308963714183543,1.0,0.23652634379069926
0,low,81,Linear,1.881230835986273e-05,0.0030687634999587224,1.0,0.03329733106824235,174.22784112260373,-0.2995189856140591,0.2995189856140591,1.0,20.13613967657821,1.3104307561025987,-0.038615577436095894,1.0,0.25340099640595803
0,low,82,Linear,4.795837203294585e-06,0.0015987256445848808,1.0,0.03496160546423535,173.84040632601423,-0.6869537822035534,0.6869537822035534,1.0,16.959436445509176,1.3757705843379893,0.026724250799294635,1.0,0.2461063772495804
0,low,83,Linear,9.079377298543943e-05,0.0068713434403345625,1.0,0.037217647618441346,167.9107528512391,-6.616607256978705,6.616607256978705,1.0,19.168172006458743,1.3337451075785043,-0.015301225960190346,1.0,0.22427410301650053
0,low,84,Linear,2.1435939736290846e-05,0.0032339924809950335,1.0,0.03267446779312231,171.96657501858624,-2.560785089631561,2.560785089631561,1.0,14.613604549740403,1.3824747819432375,0.03342844840454284,1.0,0.21340928863800324
0,low,85,Linear,1.3014294619305834e-05,0.002758494513811577,1.0,0.037554588897246104,175.7365713228488,1.2092112146309908,1.2092112146309908,1.0,17.22719438041538,1.396299907517054,0.047253573978359276,1.0,0.32311838877543897
0,low,86,Linear,0.00017565071610523052,0.009656998774325819,0.75,0.032708224083052705,178.23999699762555,3.7126368894077553,3.7126368894077553,1.0,14.890815316627199,1.4167447460110258,0.06769841247233122,1.0,0.20283174112214475
0,low,87,Linear,0.00022815431427379378,0.010725890218634458,0.75,0.03366357517106064,167.14081085408378,-7.38654925413402,7.38654925413402,1.0,16.232496536752848,1.342619198414643,-0.006427135124051686,1.0,0.1996139199439657
0,low,88,Linear,4.877263197410409e-05,0.005140582761920101,1.0,0.03275471950298713,169.72011673485753,-4.807243373360271,4.807243373360271,1.0,14.807465230269932,1.393864918335445,0.04481858479675038,1.0,0.23046267184945912
0,low,89,Linear,0.00022134821961259155,0.012512315026814895,0.75,0.031787030849333396,177.27380768134995,2.746447573132166,2.746447573132166,1.0,14.118524654125489,1.3651608800272952,0.016114546488600556,1.0,0.20202057912005666
0,low,90,Linear,3.771040911967044e-05,0.004625557163435147,1.0,0.03053627815762881,170.08866332428204,-4.438696783935752,4.438696783935752,1.0,14.832040399126548,1.3727477742758312,0.023701440737136537,1.0,0.20276480057018276
0,low,91,Linear,7.303759943165871e-05,0.005879368163875756,1.0,0.039205243268248535,170.3061972968406,-4.22116281137719,4.22116281137719,1.0,23.591388847429148,1.3614596811218507,0.012413347583156042,1.0,0.29126785173698844
0,low,92,Linear,4.425475390113588e-05,0.005489069150542601,1.0,0.03452075867618678,173.3870443722779,-1.1403157359399008,1.1403157359399008,1.0,18.52032345163118,1.357588960180584,0.008542626641889317,1.0,0.3170776519064791
0,low,93,Linear,2.5376022092382322e-05,0.003583946901349546,1.0,0.03666544538076864,171.88678431581394,-2.640575792403849,2.640575792403849,1.0,17.601460717845697,1.3895348839725408,0.04048855043384614,1.0,0.3004017248166664
0,low,94,Linear,5.3604542245112944e-05,0.004934238629617009,1.0,0.035145899215054954,170.49112928694132,-4.036230821276476,4.036230821276476,1.0,20.98397124024993,1.342416559871988,-0.006629773666706695,1.0,0.21907097825027266
0,low,95,Linear,0.0001976779924306383,0.011613215708050064,0.875,0.03445058541889535,172.632733674728,-1.8946264334897882,1.8946264334897882,1.0,20.09068610626249,1.309933473894731,-0.039112859643963604,1.0,0.1875001511799137
0,low,96,Linear,0.0003951168095472552,0.014605931796979797,0.5,0.03297508132623773,2.518445550940878,7.991085442723087,7.991085442723087,0.0,13.404350123136153,1.3888319922737582,0.03978565873506357,1.0,0.21571275827477665
0,low,97,Linear,0.00010838732768604815,0.007057031999273766,1.0,0.035675025203935895,170.2282210398709,-4.29913906834688,4.29913906834688,1.0,14.609275591200849,1.4180646211292947,0.06901828759060002,1.0,0.24282316032064744
0,low,98,Linear,6.0703191741537454e-05,0.00674521774269083,1.0,0.03419523636467318,174.14235479046735,-0.38500531775043606,0.38500531775043606,1.0,17.104254086522186,1.348893901297738,-0.0001524322409567347,1.0,0.2099321246691379
0,low,99,Linear,2.064711232071635e-05,0.0035603675405072774,1.0,0.03498034003140846,174.09492293276958,-0.43243717544821664,0.43243717544821664,1.0,19.748946596177568,1.3386702911385235,-0.010376042400171093,1.0,0.25673902258670567
0,low,0,"Positive(s,w_a)",4.197480950215367e-05,0.004895462452925141,1.0,0.03656724171233736,174.05673393502192,-0.4706261731958617,0.4706261731958617,1.0,15.79141925161774,1.4339349124174965,0.08488857887880186,1.0,0.2767777649182934
0,low,1,"Positive(s,w_a)",5.656183179729413e-05,0.005859721711986783,1.0,0.03781910320334115,171.62510507970512,-2.9022550285126636,2.9022550285126636,1.0,24.5104496847248,1.281823117987473,-0.06722321555122157,1.0,0.22892943448412373
0,low,2,"Positive(s,w_a)",4.199038598167589e-05,0.004510103326313156,1.0,0.03555366456575266,170.99371822742265,-3.5336418807951344,3.5336418807951344,1.0,17.55427508109472,1.3312173157862064,-0.01782901775248824,1.0,0.21814164161399274
0,low,3,"Positive(s,w_a)",8.557248696252686e-06,0.0022063749117257592,1.0,0.03119789443852301,175.25690611439603,0.7295460061782316,0.7295460061782316,1.0,17.265211633040106,1.3227175987391693,-0.026328734799525355,1.0,0.19114381686099158
0,low,4,"Positive(s,w_a)",7.499312022954577e-05,0.006490487324938801,1.0,0.02943296273897064,170.93230574011778,-3.5950543681000102,3.5950543681000102,1.0,12.189372060986582,1.442315951444891,0.09326961790619648,1.0,0.2043265412702806
0,low,5,"Positive(s,w_a)",3.5009615115083946e-05,0.00428070202928572,1.0,0.030375091476957234,170.85687419278105,-3.6704859154367493,3.6704859154367493,1.0,14.398897480520406,1.385533080691215,0.036486747152520316,1.0,0.20091855011535875
0,low,6,"Positive(s,w_a)",0.00013886829960006212,0.008114249857789834,0.875,0.03682579732872871,176.0925568216063,1.5651967133885079,1.5651967133885079,1.0,15.463634369246744,1.4726373097671606,0.12359097622846593,1.0,0.2864245490105366
0,low,7,"Positive(s,w_a)",1.9045833423995674e-05,0.0031378696717246544,1.0,0.03458772052993515,172.87976505816195,-1.64759505005583,1.64759505005583,1.0,17.52626266587684,1.3706345148213432,0.02158818128264861,1.0,0.23495690465812769
0,low,8,"Positive(s,w_a)",7.199518256855727e-05,0.0063533799240714185,1.0,0.034919744477479205,168.78186824700018,-5.745491861217601,5.745491861217601,1.0,14.933972119461885,1.4013322101755654,0.05228587663687079,1.0,0.23129945295861254
0,low,9,"Positive(s,w_a)",0.00010484959693923415,0.007445901574027749,1.0,0.03568601215778693,170.5272862282874,-4.000073879930389,4.000073879930389,1.0,13.822725807402191,1.4589429724142693,0.10989663887557466,1.0,0.2502602481346816
0,low,10,"Positive(s,w_a)",8.361015216053947e-05,0.006784748532367786,1.0,0.03348307755186794,170.74774486943502,-3.7796152387827617,3.7796152387827617,1.0,15.612010661064133,1.3670591414564017,0.018012807917707097,1.0,0.21373436375411425
0,low,11,"Positive(s,w_a)",2.628093212670003e-05,0.0036994490138109854,1.0,0.03392602683035483,174.16005149268256,-0.3673086155352351,0.3673086155352351,1.0,17.746651434212502,1.3159663514822164,-0.03307998205647822,1.0,0.21429657986143913
0,low,12,"Positive(s,w_a)",5.448719006409704e-05,0.0057185511876932035,1.0,0.030787705641129367,170.90175117422834,-3.6256089339894393,3.6256089339894393,1.0,13.796560270148195,1.4203495317387953,0.07130319820010067,1.0,0.2181379019535541
0,low,13,"Positive(s,w_a)",6.970168599376805e-05,0.005677131165782365,1.0,0.03327313418160876,170.22055468001042,-4.306805428207364,4.306805428207364,1.0,16.269081213373727,1.3689220372868258,0.01987570374813119,1.0,0.22099795313113502
0,low,14,"Positive(s,w_a)",5.4881314702037384e-05,0.006382892801460528,1.0,0.03292420468133709,174.99614385661533,0.4687837483975373,0.4687837483975373,1.0,15.553380089015299,1.3599253746646318,0.010879041125937183,1.0,0.214733103117265
0,low,15,"Positive(s,w_a)",2.2959118335414782e-05,0.0038434570492042464,1.0,0.033843339415794,174.51550493620647,-0.011855172011324118,0.011855172011324118,1.0,17.459935693104896,1.373883874780599,0.024837541241904404,1.0,0.22695938230211343
0,low,16,"Positive(s,w_a)",6.462136249230344e-05,0.0055655863561266975,1.0,0.03444294830759504,171.2642627274188,-3.2630973807989903,3.2630973807989903,1.0,17.01612783331886,1.4059346849533825,0.05688835141468784,1.0,0.24393109134108948
0,low,17,"Positive(s,w_a)",2.118747070629721e-06,0.000997498028387329,1.0,0.0321057385026369,174.03188311190686,-0.49547699631093606,0.49547699631093606,1.0,16.88743694335321,1.365994048175592,0.01694771463689726,1.0,0.2094689117543771
0,low,18,"Positive(s,w_a)",9.991858174825312e-06,0.0021448669061373527,1.0,0.030158573702686875,172.62124646461632,-1.906113643601481,1.906113643601481,1.0,15.756351991593478,1.357396506924451,0.008350173385756277,1.0,0.19175515861763603
0,low,19,"Positive(s,w_a)",2.6389807472555295e-05,0.003910955167605573,1.0,0.03225115921628217,171.59975982991827,-2.927600278299524,2.927600278299524,1.0,15.113407077007698,1.3961288955091198,0.04708256197042515,1.0,0.22195701705699822
0,low,20,"Positive(s,w_a)",5.3564218648041056e-05,0.005290909985277106,1.0,0.044943387074423025,171.36055903399233,-3.1668010742254733,3.1668010742254733,1.0,26.345302649168,1.3689482844796805,0.019901950940985902,1.0,0.2992964001144791
0,low,21,"Positive(s,w_a)",2.4190401879584746e-05,0.0037438040191266043,1.0,0.034093214125713055,173.86168596271784,-0.6656741454999473,0.6656741454999473,1.0,15.651709235909236,1.415036102109194,0.06598976857049932,1.0,0.2395492602197169
0,low,22,"Positive(s,w_a)",5.292970338719984e-06,0.0017233720314808927,1.0,0.030829439988668706,175.2785464510444,0.7511863428266068,0.7511863428266068,1.0,15.1833061272431,1.37833818704588,0.029291853507185328,1.0,0.20463930142499276
0,low,23,"Positive(s,w_a)",3.775666012634445e-05,0.0042560563370615785,1.0,0.03677544631148456,177.3746388207631,2.847278712545315,2.847278712545315,1.0,20.51693410535625,1.3686088979835291,0.019562564444834507,1.0,0.27173980820978394
0,low,24,"Positive(s,w_a)",1.891608030725368e-05,0.0030295956595554527,1.0,0.03193071818024775,171.74670694458683,-2.7806531636309555,2.7806531636309555,1.0,17.220079403371415,1.3429099584715012,-0.006136375067193445,1.0,0.19056945509758627
0,low,25,"Positive(s,w_a)",8.681515389844878e-05,0.006752726129407321,1.0,0.03470600576054413,172.50163829262507,-2.025721815592718,2.025721815592718,1.0,20.576990569290555,1.2968439049759883,-0.05220242856270629,1.0,0.21144598486166655
0,low,26,"Positive(s,w_a)",4.977661937060973e-05,0.0056550179470017765,1.0,0.04019497093586653,174.13483396949337,-0.3925261387244109,0.3925261387244109,1.0,23.583553205956168,1.336368993013346,-0.012677340525348635,1.0,0.2695080005076109
0,low,27,"Positive(s,w_a)",5.069105868168946e-05,0.005504783495872277,1.0,0.041724121944101134,168.90397113698586,-5.623388971231932,5.623388971231932,1.0,22.802285606598936,1.3330024535758955,-0.0160438799627991,1.0,0.25217587268574126
0,low,28,"Positive(s,w_a)",3.9353097753604345e-05,0.004645970319357202,1.0,0.033235569737185576,171.39527519115742,-3.132084917060379,3.132084917060379,1.0,13.58121037067735,1.408797262271031,0.05975092873233634,1.0,0.23064556921893953
0,low,29,"Positive(s,w_a)",4.828184726945834e-05,0.005078568616164306,1.0,0.03091205678787694,177.3524124198088,2.8250523115909827,2.8250523115909827,1.0,15.591013005101475,1.3702026817617299,0.02115634822303525,1.0,0.1926501385986661
0,low,30,"Positive(s,w_a)",2.458104963197078e-05,0.004121792291295989,1.0,0.02819496682074178,174.26226021873427,-0.2650998894835335,0.2650998894835335,1.0,14.398895253273544,1.3641025164302922,0.015056182891597603,1.0,0.18359646787331885
0,low,31,"Positive(s,w_a)",5.349466246250722e-05,0.00496437201667393,1.0,0.031163287211703944,170.56070624369912,-3.966653864518684,3.966653864518684,1.0,14.225392258883803,1.3787450254249742,0.029698691886279605,1.0,0.19790544518576048
0,low,32,"Positive(s,w_a)",5.7949660267762005e-05,0.006409070847963966,1.0,0.034199460176938416,174.65480000662896,0.1274398984111717,0.1274398984111717,1.0,19.262096101753073,1.3586986811244417,0.009652347585747068,1.0,0.23790438038679218
0,low,33,"Positive(s,w_a)",3.2733534313065296e-05,0.0037798806080961977,1.0,0.03960222295936066,174.24831965251875,-0.27904045569903885,0.27904045569903885,1.0,24.596243790992336,1.3097912490297683,-0.03925508450892634,1.0,0.24859337026684458
0,low,34,"Positive(s,w_a)",2.7764235255059747e-05,0.003981927551171928,1.0,0.030926312012223012,178.78823795008046,4.260877841862669,4.260877841862669,1.0,16.639716293979728,1.3356010626737018,-0.013445270864992809,1.0,0.2005389578162151
0,low,35,"Positive(s,w_a)",8.1713384497224e-05,0.006758019353734592,1.0,0.036555584752861664,167.48303411757496,-7.044325990642834,7.044325990642834,1.0,17.288166415746762,1.359261981826022,0.010215648287327461,1.0,0.2353033857568252
0,low,36,"Positive(s,w_a)",3.386660090544297e-05,0.004389442148378403,1.0,0.033058592638647764,172.05227426719938,-2.4750858410184047,2.4750858410184047,1.0,17.769075090337772,1.3498844067632216,0.0008380732245270028,1.0,0.1974748977268881
0,low,37,"Positive(s,w_a)",3.391942064337812e-05,0.004005824977163355,1.0,0.03147299304539669,177.6949577489081,3.16759764069032,3.16759764069032,1.0,15.790900195718718,1.3553009794603894,0.006254645921694779,1.0,0.20357277175328226
0,low,38,"Positive(s,w_a)",0.0001265936322826849,0.00777582784466842,1.0,0.03552220081340035,177.60582278376918,3.0784626755514037,3.0784626755514037,1.0,15.705901267764201,1.4206147483008154,0.07156841476212072,1.0,0.22949631529022207
0,low,39,"Positive(s,w_a)",0.0001072987597782092,0.007365204208693185,1.0,0.03579057607112908,171.33068508147778,-3.196675026740004,3.196675026740004,1.0,13.433375438367948,1.4649600263043048,0.11591369276561014,1.0,0.27377976470498244
0,low,40,"Positive(s,w_a)",8.929871771058073e-05,0.007563566096810037,1.0,0.032906556527759014,174.12701025187386,-0.4003498563439226,0.4003498563439226,1.0,17.194418286673923,1.309942062373431,-0.039104271165263604,1.0,0.19567503680892973
0,low,41,"Positive(s,w_a)",3.923592921806886e-05,0.004433097642893596,1.0,0.03200842699395465,170.33901935857787,-4.188340749639915,4.188340749639915,1.0,16.361286742272924,1.3603030002904979,0.011256666751803257,1.0,0.19671175520831685
0,low,42,"Positive(s,w_a)",2.3461137524392266e-05,0.003364282617854051,1.0,0.029201735699407965,177.1400667937231,2.61270668550531,2.61270668550531,1.0,14.786297077905715,1.3466368806786293,-0.002409452860065331,1.0,0.1854507652129309
0,low,43,"Positive(s,w_a)",4.2565985972403836e-05,0.004885014997394428,1.0,0.036714968558728,172.68488311852562,-1.8424769896921638,1.8424769896921638,1.0,18.183230735015158,1.3806179753922951,0.03157164185360051,1.0,0.2502004527721342
0,low,44,"Positive(s,w_a)",0.00012260774482311922,0.008136360855228652,1.0,0.04379370635396648,168.11325289901905,-6.414107209198759,6.414107209198759,1.0,28.761317033722055,1.2679656601468872,-0.08108067339180747,1.0,0.23552368410027102
0,low,45,"Positive(s,w_a)",3.354790799858525e-05,0.004420690199252608,1.0,0.03344300283585084,177.72118157886385,3.193821470646064,3.193821470646064,1.0,14.761594089765142,1.4050855813823215,0.056039247843626905,1.0,0.23489607374472832
0,low,46,"Positive(s,w_a)",2.4479510345948136e-05,0.0039217258901484975,1.0,0.03396390808174366,173.90509208782908,-0.6222680203887022,0.6222680203887022,1.0,17.44152470353254,1.3745804869385523,0.02553415339985765,1.0,0.2350654917484143
0,low,47,"Positive(s,w_a)",6.38991405760261e-05,0.005390682865816419,1.0,0.031874904223137775,171.87954223787565,-2.64781787034213,2.64781787034213,1.0,13.937014836760621,1.413473200308463,0.06442686676976828,1.0,0.20616126356743414
0,low,48,"Positive(s,w_a)",6.206969111463506e-05,0.006430623522518254,1.0,0.04235549639279269,173.16570610737236,-1.3616540008454348,1.3616540008454348,1.0,24.93592517312451,1.3516180445402048,0.002571711001510213,1.0,0.28899551679633406
0,low,49,"Positive(s,w_a)",3.880636062781663e-05,0.004366788425506564,1.0,0.02986443728466967,177.84647312933743,3.3191130211196476,3.3191130211196476,1.0,13.817886597897672,1.3886281757285732,0.03958184218987859,1.0,0.19546068075280743
0,low,50,"Positive(s,w_a)",5.7088610387686365e-05,0.0057829570346178945,1.0,0.03279226973339575,168.7126289208859,-5.814731187331897,5.814731187331897,1.0,15.80592434813835,1.3696391295290398,0.020592795990345136,1.0,0.22411197235396685
0,low,51,"Positive(s,w_a)",6.944010097518369e-05,0.006457439161061428,1.0,0.03174306737750538,0.3030392497225978,5.7756791415047966,5.7756791415047966,1.0,15.56224197612518,1.4025421415552741,0.053495808016579494,1.0,0.2099344846201212
0,low,52,"Positive(s,w_a)",5.445605535451729e-05,0.0059317163220804535,1.0,0.033845611155474575,172.53623253446744,-1.9911275737503418,1.9911275737503418,1.0,18.20259818024983,1.3357965403057914,-0.013249793232903206,1.0,0.20983305978305822
0,low,53,"Positive(s,w_a)",4.149290905370816e-05,0.005340326622573134,1.0,0.04342264546808374,173.73312590497557,-0.7942342032422283,0.7942342032422283,1.0,26.090025891014832,1.3595904005810193,0.01054406704232469,1.0,0.2935813793236548
0,low,54,"Positive(s,w_a)",6.919164650783449e-05,0.006547219418130928,1.0,0.03864466550568511,171.09202980504506,-3.435330303172734,3.435330303172734,1.0,17.278142563183064,1.4423614728773773,0.09331513933868263,1.0,0.29804912580144616
0,low,55,"Positive(s,w_a)",0.00020629978215405275,0.010263492338898082,0.75,0.040530915247960084,169.76996953891148,-4.757390569306305,4.757390569306305,1.0,28.896621035134263,1.2441098035045541,-0.1049365300341405,1.0,0.21787602586956378
0,low,56,"Positive(s,w_a)",9.043393553401973e-05,0.006917572043312922,1.0,0.030985796277110938,1.1606491803717336,6.633289072153934,6.633289072153934,1.0,15.778123300204866,1.3445323653809322,-0.004513968157762394,1.0,0.19962548205609654
0,low,57,"Positive(s,w_a)",3.723871781872714e-05,0.004628319560729112,1.0,0.028652403470596468,174.4940875921128,-0.033272516104979465,0.033272516104979465,1.0,13.409616765056798,1.424655986307299,0.07560965276860432,1.0,0.19470776968888437
0,low,58,"Positive(s,w_a)",7.312323988173042e-05,0.00605049268119312,1.0,0.030945618250636225,178.33351362115846,3.8061535129406705,3.8061535129406705,1.0,16.189973117305765,1.3545754450385303,0.005529111499835704,1.0,0.23468471120268353
0,low,59,"Positive(s,w_a)",4.161192866391352e-05,0.004791635061789118,1.0,0.0329678089568941,171.62783828628568,-2.8995218219321077,2.8995218219321077,1.0,18.808310517339045,1.3073789927222548,-0.04166734081643986,1.0,0.20727011826755426
0,low,60,"Positive(s,w_a)",4.676733794127612e-05,0.004823203490346807,1.0,0.029412131971389283,170.02008782021258,-4.507272288005207,4.507272288005207,1.0,16.680250132544014,1.3247616199837793,-0.02428471355491535,1.0,0.17914043533394142
0,low,61,"Positive(s,w_a)",1.943456438184224e-05,0.003266706445470289,1.0,0.03479064002455425,175.78751145738784,1.2601513491700556,1.2601513491700556,1.0,17.000226643478207,1.4013678408972938,0.052321507358599195,1.0,0.26275999274570405
0,low,62,"Positive(s,w_a)",9.87349365864403e-05,0.0077154310488491374,1.0,0.033131747601990676,169.14647325524223,-5.38088685297557,5.38088685297557,1.0,12.765722913307535,1.4403163661759506,0.09127003263725597,1.0,0.24261267210763382
0,low,63,"Positive(s,w_a)",2.284672518595831e-05,0.0035380425758830525,1.0,0.031749550481740815,170.89881163434984,-3.6285484738679536,3.6285484738679536,1.0,16.53876701790438,1.3447778454245647,-0.0042684881141299424,1.0,0.19768294232848072
0,low,64,"Positive(s,w_a)",6.097386864198906e-06,0.0017653301523667976,1.0,0.03447595951410756,175.53425985353715,1.0068997453193687,1.0068997453193687,1.0,17.496525678513745,1.3732987607757259,0.02425242723703125,1.0,0.23300609126606542
0,low,65,"Positive(s,w_a)",3.272786353414374e-05,0.00422485393931644,1.0,0.03677434699143872,174.37302983749206,-0.15433027072574856,0.15433027072574856,1.0,24.89570128982061,1.295001465637699,-0.05404486790099572,1.0,0.24794402080695765
0,low,66,"Positive(s,w_a)",9.745911883443478e-06,0.002233800841424593,1.0,0.031008263562456218,174.9702154474844,0.4428553392666022,0.4428553392666022,1.0,17.128392231025963,1.332234941624569,-0.01681139191412573,1.0,0.1936358718992457
0,low,67,"Positive(s,w_a)",2.707434415581095e-05,0.003737978372984697,1.0,0.03282668694874774,173.97435760550147,-0.5530025027163142,0.5530025027163142,1.0,18.415260216439908,1.3137660008833265,-0.03528033265536812,1.0,0.19451154033258544
0,low,68,"Positive(s,w_a)",9.802324320058618e-05,0.008487671116067031,1.0,0.03196495114184437,175.04586146507836,0.5185013568605708,0.5185013568605708,1.0,16.012582583316096,1.3671790647344382,0.018132731195743546,1.0,0.20121011352751195
0,low,69,"Positive(s,w_a)",6.047265584664278e-05,0.006559254799459795,1.0,0.02744436917513386,174.8188935821613,0.2915334739435244,0.2915334739435244,1.0,15.591932623704785,1.3507135343318706,0.0016672007931759492,1.0,0.17186307528920808
0,low,70,"Positive(s,w_a)",1.6118276766933933e-05,0.0032555278378643324,1.0,0.030480230268079823,173.95620715738335,-0.5711529508344458,0.5711529508344458,1.0,15.859439135534972,1.364820535547435,0.015774202008740357,1.0,0.21752179997971477
0,low,71,"Positive(s,w_a)",4.4729478792202884e-05,0.005287906173937339,1.0,0.040394360742728064,172.12582423112195,-2.401535877095831,2.401535877095831,1.0,25.351442628989957,1.2871251536816657,-0.06192117985702894,1.0,0.222521160605885
0,low,72,"Positive(s,w_a)",1.3674753801633722e-05,0.0027050684110564,1.0,0.03158587605329286,176.88152076283765,2.354160654619849,2.354160654619849,1.0,15.306649031718543,1.3814689826610134,0.032422649122318736,1.0,0.21022031980275124
0,low,73,"Positive(s,w_a)",8.12564677285975e-05,0.006116452247488001,1.0,0.03297111273756407,171.21399947566235,-3.3133606325554337,3.3133606325554337,1.0,14.170009183337031,1.4222366768235621,0.07319034328486751,1.0,0.23700986986689676
0,low,74,"Positive(s,w_a)",6.658564461617846e-05,0.006053438350270411,1.0,0.033637207422306435,175.42214173133982,0.8947816231220288,0.8947816231220288,1.0,20.91497629436925,1.2837804309261707,-0.06526590261252396,1.0,0.2030333776393347
0,low,75,"Positive(s,w_a)",0.0003261812853070311,0.015377725051246483,0.5,0.03330356744779625,176.3480627412158,1.8207026329980291,1.8207026329980291,1.0,15.24218180514316,1.3829364600277254,0.03389012648903078,1.0,0.21412477826168397
0,low,76,"Positive(s,w_a)",4.2702973568838434e-05,0.004583514818203682,1.0,0.03238445543513366,171.6118928471147,-2.9154672611030934,2.9154672611030934,1.0,15.472709045181997,1.4000762506914883,0.0510299171527937,1.0,0.2122090462709907
0,low,77,"Positive(s,w_a)",4.2233445942774034e-05,0.004690380841292904,1.0,0.03184593889551058,171.88905577734192,-2.6383043308758767,2.6383043308758767,1.0,17.834732082410856,1.3147080060608538,-0.034338327477840824,1.0,0.19526267925807184
0,low,78,"Positive(s,w_a)",8.436982401469969e-05,0.006642373550028298,1.0,0.032807050231437436,168.7268947747864,-5.800465333431417,5.800465333431417,1.0,14.029374799486153,1.4089150708143416,0.05986873727564701,1.0,0.23880686047158428
0,low,79,"Positive(s,w_a)",1.9239482394592303e-05,0.003424069718627606,1.0,0.030205304519105136,175.33461297937373,0.807252871155937,0.807252871155937,1.0,14.176484221516752,1.4063685102488188,0.057322176710124184,1.0,0.19605713575082317
0,low,80,"Positive(s,w_a)",5.040380292938508e-05,0.005746484777974202,1.0,0.03128123877545231,176.16029572720072,1.6329356189829396,1.6329356189829396,1.0,16.86178142137743,1.3529124295964499,0.0038660960577552306,1.0,0.20890783747614838
0,low,81,"Positive(s,w_a)",3.2569138284958516e-05,0.0038725762174710993,1.0,0.04085986194085528,172.56365591559072,-1.9637041926270833,1.9637041926270833,1.0,25.218912015753865,1.3094022828814447,-0.03964405065724996,1.0,0.24610408301638032
0,low,82,"Positive(s,w_a)",1.6248227471781846e-05,0.0028080414426995826,1.0,0.03205852382915902,173.9512642913759,-0.5760958168418787,0.5760958168418787,1.0,15.913233465901701,1.3864252348227222,0.037378901284027544,1.0,0.21765284223228898
0,low,83,"Positive(s,w_a)",5.0298251528599874e-05,0.0053789357268090865,1.0,0.03341515677289277,168.79315566346173,-5.734204444756052,5.734204444756052,1.0,15.684892012943973,1.3718290654054865,0.022782731866791917,1.0,0.234523937642924
0,low,84,"Positive(s,w_a)",4.9820327903671264e-05,0.0048323882468303036,1.0,0.03400840354299978,171.87618790786703,-2.651172200350764,2.651172200350764,1.0,15.340020102520272,1.3886795712833715,0.039633237744676864,1.0,0.22808519152922146
0,low,85,"Positive(s,w_a)",2.1003106911612256e-05,0.0032909351834908653,1.0,0.036782575161229125,174.3726257217797,-0.15473438643808807,0.15473438643808807,1.0,17.4379183768123,1.399466719903066,0.050420386364371295,1.0,0.27535661459806504
0,low,86,"Positive(s,w_a)",0.00016056320428479892,0.008663200629402913,0.875,0.03245646800649952,0.30515911863225426,5.777799010414455,5.777799010414455,1.0,15.057812576933522,1.4036046517618739,0.05455831822317925,1.0,0.2134617683537121
0,low,87,"Positive(s,w_a)",0.00011104268237190701,0.00752798497778825,1.0,0.0328206183413613,169.520396655703,-5.006963452514786,5.006963452514786,1.0,17.408752128301934,1.3369881782299144,-0.012058155308780183,1.0,0.19223007892693955
0,low,88,"Positive(s,w_a)",5.367152645511327e-05,0.00538571892884748,1.0,0.03130764333169608,169.64715336048644,-4.88020674773136,4.88020674773136,1.0,14.432177800336333,1.393489434071115,0.0444431005324204,1.0,0.21145904716429342
0,low,89,"Positive(s,w_a)",0.00014778414579339893,0.0097594254697779,1.0,0.03001298479449356,177.77458068223078,3.2472205740129994,3.2472205740129994,1.0,14.002343183470568,1.3760189496121453,0.026972616073450695,1.0,0.19082274157632773
0,low,90,"Positive(s,w_a)",4.627956285724721e-05,0.005118991193601837,1.0,0.03108915616980228,169.6930472719167,-4.834312836301085,4.834312836301085,1.0,14.871858965927835,1.3797426901836376,0.030696356644942968,1.0,0.2014469217626229
0,low,91,"Positive(s,w_a)",7.583974118135494e-05,0.006318691031605321,1.0,0.04248900912411013,170.86993759670924,-3.657422511508545,3.657422511508545,1.0,25.071763366348932,1.3501145767440847,0.001068243205390118,1.0,0.28518547723628385
0,low,92,"Positive(s,w_a)",6.055995231059159e-05,0.00644045732216385,1.0,0.042266282846161025,173.93074450936507,-0.5966155988527104,0.5966155988527104,1.0,25.512094826343127,1.3502376195729637,0.0011912860342691012,1.0,0.2881827213078325
0,low,93,"Positive(s,w_a)",4.8085031104045817e-05,0.004847393316300702,1.0,0.03729319242869017,171.96605975074561,-2.5613003574721778,2.5613003574721778,1.0,18.426608760381125,1.386691997680132,0.03764566414143733,1.0,0.2713908640607323
0,low,94,"Positive(s,w_a)",4.499971339152229e-05,0.0047525686385164745,1.0,0.0368043612248438,171.19466972685757,-3.332690381360208,3.332690381360208,1.0,21.090387109587542,1.3560526525946113,0.007006319055916643,1.0,0.260166951811563
0,low,95,"Positive(s,w_a)",0.00011500321591419278,0.009247584710377022,1.0,0.03781673298206798,175.19562442798087,0.6682643197630849,0.6682643197630849,1.0,21.256224541783673,1.3437335723661057,-0.005312761172588942,1.0,0.23301127390584342
0,low,96,"Positive(s,w_a)",0.00017715710372494424,0.00908093639358136,0.75,0.030299719390481622,1.03055520968841,6.5031951014706255,6.5031951014706255,1.0,13.190668101230427,1.3913300719164248,0.04228373837773014,1.0,0.20071155505765104
0,low,97,"Positive(s,w_a)",6.637235974657654e-05,0.006183262661121909,1.0,0.031582546871653225,170.57153009902942,-3.955830009188376,3.955830009188376,1.0,13.087618612229212,1.4294502039649373,0.08040387042624264,1.0,0.22252177593436429
0,low,98,"Positive(s,w_a)",3.3177005749931975e-05,0.004828733805887213,1.0,0.03295382748740831,173.66243955860998,-0.8649205496078246,0.8649205496078246,1.0,16.281462474684165,1.3667712653010087,0.017724931762314045,1.0,0.2138583520637114
0,low,99,"Positive(s,w_a)",3.374863234728823e-05,0.003994149141749483,1.0,0.040474686428752044,174.47758623271355,-0.049773875504228945,0.049773875504228945,1.0,23.724536238510733,1.3201062150341134,-0.028940118504581225,1.0,0.2557186264751281
1,center,0,Linear,7.327859156429141e-05,0.006526869182438566,1.0,0.03757890705529869,18.074624507378523,-3.7568262826861116,3.7568262826861116,1.0,12.436080713175295,1.4588145978162936,-0.05897948381810347,1.0,0.2317811104774823
1,center,1,Linear,0.0015434061089188737,0.029144732077570193,0.25,0.036752531867556344,11.32374567424082,-10.507705115823821,10.507705115823821,0.0,8.22913500769502,1.8624931080731164,0.3446990264387193,0.0,0.32256103801199476
1,center,2,Linear,0.0006042537489921215,0.02197509944044151,0.5,0.045544131649980564,23.227008313713227,1.3955575236485875,1.3955575236485875,1.0,15.758438983748762,1.4613754947828983,-0.05641858685149881,1.0,0.25828738001343177
1,center,3,Linear,0.000117203446061489,0.008654887661900331,1.0,0.0394810403529886,23.504815036391864,1.6733642463272218,1.6733642463272218,1.0,13.814579771982713,1.3989491761068769,-0.11884490552752025,1.0,0.2492717031176448
1,center,4,Linear,0.0002743827132593223,0.013577917810987902,0.75,0.03697459941218743,25.359557709219757,3.528106919155114,3.528106919155114,1.0,10.285449225185834,1.5382663539304415,0.020472272296044425,1.0,0.25045782363822955
1,center,5,Linear,0.00031360897502007243,0.015274104614838994,0.75,0.041375684937501066,20.072649765205902,-1.7588010248587416,1.7588010248587416,1.0,10.464313695541962,1.574697445862941,0.05690336422854392,1.0,0.2515512763504526
1,center,6,Linear,0.0001335568322323677,0.008627147411704781,1.0,0.035240681576050016,18.65913576169258,-3.172315028372062,3.172315028372062,1.0,9.24260689603803,1.5763691231168022,0.05857504148240511,1.0,0.2295041315249411
1,center,7,Linear,0.0001179332093814909,0.008046103336115397,1.0,0.03930216018649882,26.16680286823457,4.335352078169933,4.335352078169933,1.0,10.75874315926338,1.5318211566683326,0.014027075033935521,1.0,0.27817653219196936
1,center,8,Linear,3.175342004422749e-05,0.004139604706638755,1.0,0.037744749887628944,20.325129224499292,-1.5063215655653455,1.5063215655653455,1.0,10.474799928352292,1.5560701963182368,0.038276114683839735,1.0,0.2732759278895456
1,center,9,Linear,8.154937711331763e-05,0.007099924342999195,1.0,0.03670869216572749,17.19060174306623,-4.64084904699841,4.64084904699841,1.0,10.316306095295094,1.5492565404408059,0.031462458806408744,1.0,0.23794070192735206
1,center,10,Linear,0.00020352711719456677,0.012477158696751783,1.0,0.04096809585060491,23.52284404118756,1.691393251122917,1.691393251122917,1.0,10.620601556526896,1.5467842813233486,0.028990199688951446,1.0,0.2369673583931362
1,center,11,Linear,4.4471835674000046e-05,0.005395946465145479,1.0,0.03752436311999984,21.151628244550803,-0.6798225455138458,0.6798225455138458,1.0,11.368048502491973,1.4937110423701936,-0.02408303926420352,1.0,0.2419428239347725
1,center,12,Linear,3.544162045095937e-05,0.004331086374874106,1.0,0.04075736905891033,23.629737479385753,1.7982866893211136,1.7982866893211136,1.0,12.25806639814466,1.539051395425626,0.02125731379122886,1.0,0.2671721566808929
1,center,13,Linear,0.0001204740628974838,0.008634626621610826,1.0,0.03889668645892125,20.297245208943867,-1.5342055811207669,1.5342055811207669,1.0,9.139824429106248,1.656616452381565,0.13882237074716786,0.0,0.26159973055867747
1,center,14,Linear,3.733946878957484e-05,0.005507158682238199,1.0,0.040403864379458664,21.327283270702193,-0.504167519362451,0.504167519362451,1.0,11.896493409346272,1.515111279543819,-0.002682802090578029,1.0,0.2344799307587786
1,center,15,Linear,0.0001546336920662109,0.009803400295296222,0.875,0.03410415357605861,22.11714113582375,0.2856903457591052,0.2856903457591052,1.0,12.925809003559571,1.3766427352423762,-0.14115134639202087,0.0,0.20380237358708708
1,center,16,Linear,0.00043138666264074584,0.01594054669941081,0.625,0.04048549839694085,27.10675007671232,5.275299286647683,5.275299286647683,1.0,13.607590824759999,1.4356857454726928,-0.08210833616170432,1.0,0.23785267043609548
1,center,17,Linear,0.00025187836887793496,0.013513213219660777,0.875,0.0396256482807261,21.983419413412015,0.15196862334738195,0.15196862334738195,1.0,10.118003162726538,1.5874263739358054,0.06963229230140833,1.0,0.2398742444971691
1,center,18,Linear,0.00020642713113738648,0.010120159420859545,0.875,0.036298982055626955,21.581725137794653,-0.24972565226999,0.24972565226999,1.0,11.955808859828323,1.4184367470310717,-0.09935733460332541,1.0,0.22137915168239597
1,center,19,Linear,0.00012541893252529694,0.00904810015706293,1.0,0.035033622458966664,20.258259742015863,-1.5731910480487805,1.5731910480487805,1.0,8.781611292036654,1.6441559421997787,0.12636186056538157,0.0,0.257096927220116
1,center,20,Linear,0.00015323580171071934,0.008679824838133418,0.875,0.03676539950286182,17.761396441113202,-4.070054348951438,4.070054348951438,1.0,12.316108665801314,1.4550383587168267,-0.06275572291757037,1.0,0.2294856983396214
1,center,21,Linear,8.241861668171155e-05,0.007403443486951107,1.0,0.036228818457795686,23.847311384876445,2.0158605948118082,2.0158605948118082,1.0,10.459030598696007,1.4983100031228758,-0.01948407851152134,1.0,0.2339782739116374
1,center,22,Linear,2.6883615524544267e-05,0.0035599247238895584,1.0,0.034860514885541864,20.95154259639177,-0.8799081936728688,0.8799081936728688,1.0,10.50838480211805,1.4855344759914082,-0.03225960564298891,1.0,0.21843599427706195
1,center,23,Linear,0.0001995104332455959,0.012078375165618683,0.875,0.03892251888894855,20.058268644359565,-1.7731821457050814,1.7731821457050814,1.0,10.281010961052827,1.562528305667517,0.044734224033119885,1.0,0.28315170553852864
1,center,24,Linear,1.504399545984779e-05,0.0031018746773712794,1.0,0.0366826569759631,19.746915080596118,-2.0845357094685255,2.0845357094685255,1.0,10.184200308518651,1.5151307305343746,-0.0026633511000224708,1.0,0.22023863761195672
1,center,25,Linear,0.00012074781012594044,0.00870089946115639,1.0,0.03675821761996911,25.638480440443242,3.8070296503785994,3.8070296503785994,1.0,8.841492629350318,1.6032153043131678,0.08542122267877073,1.0,0.25534995132223504
1,center,26,Linear,0.00016441192103466376,0.009816757767623073,1.0,0.04153466750793878,21.062682543108075,-0.7687682469565643,0.7687682469565643,1.0,13.848720627929389,1.4164370144954002,-0.10135706713899695,1.0,0.2510612348432386
1,center,27,Linear,6.0237417607050116e-05,0.005931192454659721,1.0,0.03590252850890919,21.511875047772918,-0.3195757422917232,0.3195757422917232,1.0,9.093093389360316,1.6026850512175839,0.08489096958318676,1.0,0.2540104216048289
1,center,28,Linear,9.260156915785078e-05,0.00842210922490918,1.0,0.03767458964556289,20.756717331006545,-1.0747334590580926,1.0747334590580926,1.0,11.066205445940001,1.5295028822246988,0.01170880059030166,1.0,0.279568619696106
1,center,29,Linear,7.147016759164701e-05,0.006049015544366816,1.0,0.03434072441562162,24.980922862892054,3.149472072827406,3.149472072827406,1.0,10.024989003411088,1.5170478463091226,-0.0007462353252745135,1.0,0.23098414344693885
1,center,30,Linear,9.419834443395374e-05,0.0077209671601706385,1.0,0.03584638746028933,16.85284553732595,-4.978605252738682,4.978605252738682,1.0,10.408843852819933,1.53475156168442,0.016957480050022955,1.0,0.2326606442799657
1,center,31,Linear,0.0004251444576724755,0.015394386783396705,0.625,0.04090143807936877,23.12031693234417,1.2888661422795342,1.2888661422795342,1.0,8.86200675937904,1.663793243760039,0.1459991621256418,0.0,0.264370000335707
1,center,32,Linear,7.139312696154076e-06,0.002090890197246918,1.0,0.03657700503593626,21.468908491539306,-0.3625422985253393,0.3625422985253393,1.0,10.388240606138028,1.5052062350691737,-0.012587846565223382,1.0,0.22944952788529194
1,center,33,Linear,9.087322560973694e-05,0.0072540244918898366,1.0,0.040752159333059985,25.082009698582933,3.250558908518289,3.250558908518289,1.0,10.04816948861093,1.6087138790184616,0.09091979738406453,1.0,0.2639830471400524
1,center,34,Linear,6.0251440211680276e-05,0.005485668031155103,1.0,0.03546904646313293,24.04217526202025,2.2107244719556163,2.2107244719556163,1.0,10.741528561001617,1.4915203207786585,-0.026273760855738626,1.0,0.2468161068350656
1,center,35,Linear,0.00011883202550218952,0.007375669954440725,1.0,0.036715470202781736,23.112823977072498,1.2813731870078555,1.2813731870078555,1.0,8.6168709356863,1.621858213847226,0.10406413221282884,1.0,0.2585558499835934
1,center,36,Linear,4.391914551757543e-05,0.0057561019699040065,1.0,0.03805713879196296,20.942171784932146,-0.8892790051324937,0.8892790051324937,1.0,10.463474820444626,1.5351544281216654,0.017360346487268252,1.0,0.2365616292011805
1,center,37,Linear,4.569122164130847e-06,0.0016956012374081144,1.0,0.03704852699227141,21.352880651824144,-0.47857013824049655,0.47857013824049655,1.0,10.224880146475702,1.5444060412388312,0.026611959604434077,1.0,0.24222981143685263
1,center,38,Linear,9.82745321936047e-05,0.007442742473942575,1.0,0.035045884840371445,26.247942382453434,4.41649159238879,4.41649159238879,1.0,9.450859411400074,1.5615855346308511,0.04379145299645404,1.0,0.25311347930563044
1,center,39,Linear,0.00014754697512270887,0.010794920333946911,1.0,0.038936204233913224,21.623104007329793,-0.20834678273484958,0.20834678273484958,1.0,12.037971040416183,1.4857822363861197,-0.03201184524827738,1.0,0.24649256077477677
1,center,40,Linear,0.00022433315445162484,0.01116279702962063,0.875,0.03861656491740489,26.725180708175902,4.893729918111256,4.893729918111256,1.0,10.841970723518724,1.4994763351412488,-0.018317746493148324,1.0,0.24627228162701575
1,center,41,Linear,0.00012294699041979758,0.00999877295558542,1.0,0.03731059987892137,21.472283451847666,-0.3591673382169705,0.3591673382169705,1.0,10.452564177424383,1.500239872764794,-0.017554208869603016,1.0,0.21848184992435504
1,center,42,Linear,0.0002484145229188309,0.012644236523175532,0.625,0.03273118913401472,21.092526832405678,-0.7389239576589671,0.7389239576589671,1.0,8.513223129710553,1.6156905282484062,0.09789644661400909,1.0,0.23396589833519066
1,center,43,Linear,4.709767779268921e-05,0.005377872154813029,1.0,0.03823315059885323,24.48955616903564,2.658105378971004,2.658105378971004,1.0,11.38266666922876,1.5657856435395971,0.04799156190520004,1.0,0.26601332696981705
1,center,44,Linear,3.909369947682374e-05,0.0051221980590409775,1.0,0.0392701658690758,18.601055640530458,-3.230395149534185,3.230395149534185,1.0,12.72587626979318,1.4951072332957833,-0.022686848338613785,1.0,0.23286063119877065
1,center,45,Linear,2.929058859372306e-05,0.003822335162743329,1.0,0.037419614505265514,23.677085160601095,1.8456343705364526,1.8456343705364526,1.0,10.013707039402444,1.5486606942525039,0.030866612618106748,1.0,0.2641765525504902
1,center,46,Linear,3.8106366889017015e-05,0.004448026193074256,1.0,0.037391976351764965,21.752627361007512,-0.07882342905712936,0.07882342905712936,1.0,11.340466760371136,1.455293393168364,-0.06250068846603307,1.0,0.21803946510364458
1,center,47,Linear,0.0002190752907356488,0.0101492193689095,0.875,0.04095306357861348,18.12741470089279,-3.704036089171854,3.704036089171854,1.0,14.835943784654672,1.4185797847675046,-0.09921429686689254,1.0,0.27545839981360576
1,center,48,Linear,0.0001081153137754051,0.008157692166458138,1.0,0.0359087266174072,24.26015201616764,2.4287012261030037,2.4287012261030037,1.0,11.723896482994444,1.4079482254218147,-0.10984585621258236,0.0,0.20958004895554927
1,center,49,Linear,0.00010072412506101185,0.008621719709499353,1.0,0.03642929768864619,23.62573025463303,1.7942794645683957,1.7942794645683957,1.0,9.501523910335017,1.5157533463049215,-0.0020407353294755737,1.0,0.22461679996814676
1,center,50,Linear,3.893563005807001e-05,0.004702917482374755,1.0,0.034908538894403145,22.452362808408914,0.6209120183442742,0.6209120183442742,1.0,9.069025155691563,1.5741579510142008,0.056363869379803644,1.0,0.24510386093795034
1,center,51,Linear,8.84474363068713e-05,0.007514085444856246,1.0,0.03880108552710743,18.49738793042724,-3.3340628596373953,3.3340628596373953,1.0,13.172796155048665,1.4319581999665585,-0.08583588166783862,1.0,0.22994290223680025
1,center,52,Linear,8.222286446661721e-05,0.0075532457624540835,1.0,0.03727209318994117,25.880376289566836,4.048925499502196,4.048925499502196,1.0,11.236636401234849,1.4604586046482027,-0.057335476986194456,1.0,0.22976970106085215
1,center,53,Linear,0.000452549957845215,0.015810328493911802,0.75,0.03876486381369661,27.270379075909457,5.438928285844811,5.438928285844811,1.0,16.2699426964736,1.3257773077771167,-0.19201677385728044,0.0,0.23753337859776624
1,center,54,Linear,3.3480583818202364e-05,0.0044910930456907305,1.0,0.037645827165548075,18.643417397858578,-3.1880333922060684,3.1880333922060684,1.0,10.81879444938642,1.5226683266040477,0.00487424496965061,1.0,0.24568070635461026
1,center,55,Linear,2.167634279778673e-05,0.003720198118323271,1.0,0.039099722635762356,22.780228899847966,0.9487781097833277,0.9487781097833277,1.0,9.945034200424217,1.5663240209809008,0.048529939346503737,1.0,0.2395136051090323
1,center,56,Linear,0.0002622729969161434,0.012436620844395984,0.75,0.03360667455104171,19.770925548941726,-2.060525241122915,2.060525241122915,1.0,11.327543374460106,1.4339007442806146,-0.08389333735378246,1.0,0.2164967981951258
1,center,57,Linear,0.00016351424389452244,0.010962044000201092,1.0,0.03557097271463107,23.722065507055433,1.8906147169907954,1.8906147169907954,1.0,10.101063160382903,1.514340809177278,-0.0034532724571190165,1.0,0.23370403185067445
1,center,58,Linear,0.0001614879172768228,0.009528356316355428,0.875,0.03724012877054359,20.4191463383909,-1.4123044516737404,1.4123044516737404,1.0,8.441715380990733,1.6687541067777194,0.1509600251433223,0.0,0.2669695143443853
1,center,59,Linear,2.1546734678936458e-05,0.0035834722808247566,1.0,0.0367851063283798,23.35973615565883,1.5282853655941948,1.5282853655941948,1.0,11.414550939161876,1.4776689228153794,-0.04012515881901768,1.0,0.2303905593101041
1,center,60,Linear,0.00023026045464398566,0.013619477490607006,1.0,0.03921877016478328,22.91177243794479,1.0803216478801525,1.0803216478801525,1.0,11.222951158895551,1.4955887481177135,-0.022205333516683634,1.0,0.24488237851387984
1,center,61,Linear,5.002204125180168e-05,0.005460419112756997,1.0,0.03867029061681784,23.183880040238737,1.3524292501740895,1.3524292501740895,1.0,11.192316668677305,1.4851267556760035,-0.03266732595839361,1.0,0.23496098317308856
1,center,62,Linear,0.00014028014773635216,0.009886280124626785,1.0,0.03931621151870479,23.812568798010265,1.9811180079456208,1.9811180079456208,1.0,10.152977760385351,1.553396971768799,0.03560289013440188,1.0,0.24756224667465787
1,center,63,Linear,0.0002135067361760116,0.012563967290505303,1.0,0.03997529176227951,21.002926274024137,-0.8285245160405088,0.8285245160405088,1.0,10.454116334577352,1.5748387097568306,0.057044628122433494,1.0,0.28327102815047933
1,center,64,Linear,4.398932129263415e-05,0.005737232163349805,1.0,0.03596459390245329,21.470568246228645,-0.3608825438360015,0.3608825438360015,1.0,9.408512261416949,1.5439486398430988,0.026154558208701717,1.0,0.2314532992556826
1,center,65,Linear,4.696330404997558e-05,0.0052000462713883795,1.0,0.03528711712884412,19.84206767053366,-1.9893831195309764,1.9893831195309764,1.0,10.36318981098331,1.5153117063502315,-0.0024823752841656166,1.0,0.23802616018595213
1,center,66,Linear,8.201277902301901e-05,0.007898270241569737,1.0,0.038789752463686177,21.858147307608476,0.026696517543839646,0.026696517543839646,1.0,10.256411642871585,1.5515320860147932,0.03373800438039609,1.0,0.24149647009918707
1,center,67,Linear,0.00015953991199882034,0.009588136597216445,1.0,0.03891813468492974,24.010135229539834,2.178684439475196,2.178684439475196,1.0,9.336514827569038,1.587855080602946,0.07006099896854878,1.0,0.24240474212975105
1,center,68,Linear,1.1278956560845884e-05,0.0026451405908649583,1.0,0.037663668115145994,22.960115487173944,1.1286646971093093,1.1286646971093093,1.0,11.167487565986287,1.4989586693688557,-0.018835412265541418,1.0,0.22775140210173395
1,center,69,Linear,0.00043305431007996956,0.017440055210553525,0.375,0.033910425573178915,22.077450060897295,0.24599927083265688,0.24599927083265688,1.0,8.889370222206654,1.6225872825998504,0.1047932009654533,1.0,0.2744960092209905
1,center,70,Linear,2.564648351519094e-05,0.0040216386126859125,1.0,0.03900240310184354,24.525968028023676,2.694517237959034,2.694517237959034,1.0,10.346430024843546,1.5159614030140645,-0.0018326786203326506,1.0,0.24317416989165297
1,center,71,Linear,3.6726698578512664e-05,0.004715220859338984,1.0,0.03565545705796562,22.61495900324287,0.7835082131782354,0.7835082131782354,1.0,10.67146617198772,1.4720903151853961,-0.04570376644900098,1.0,0.21987596486524508
1,center,72,Linear,6.416828758000899e-05,0.0065385469172616366,1.0,0.035619917207416425,17.77292560803189,-4.058525182032759,4.058525182032759,1.0,10.517011759213137,1.4760569245260124,-0.04173715710838466,1.0,0.21993139720194366
1,center,73,Linear,0.00020811373050969514,0.01155987593438395,1.0,0.04145470610959245,24.374145099571944,2.542694309507306,2.542694309507306,1.0,11.241894822231746,1.5793373342330983,0.06154325259870119,1.0,0.27299827905310425
1,center,74,Linear,9.995943257338103e-05,0.007404535296268375,1.0,0.04217989028233867,17.694034649112137,-4.137416140952498,4.137416140952498,1.0,14.126080349870692,1.4563106308281468,-0.061483450806250284,1.0,0.2543484390806543
1,center,75,Linear,5.541246755887409e-05,0.0059694817499648415,1.0,0.03651973616829802,22.56840844002805,0.736957649963405,0.736957649963405,1.0,10.720383190045414,1.4794713678726303,-0.03832271376176677,1.0,0.2336048451470487
1,center,76,Linear,3.513704704162482e-05,0.004541022291924976,1.0,0.03655144816254146,19.040636692601055,-2.790814097463586,2.790814097463586,1.0,10.608987356563592,1.5177854210379904,-8.660596406695475e-06,1.0,0.2369716049569326
1,center,77,Linear,0.00020518529861474812,0.011200113025311131,1.0,0.03973281868286196,15.177010783783375,-6.65444000628127,6.65444000628127,0.0,10.097671307406133,1.598150683112418,0.08035660147802082,1.0,0.26228807585089275
1,center,78,Linear,7.454779397878099e-05,0.006665832614131196,1.0,0.03880053507229474,23.56378312089439,1.7323323308297502,1.7323323308297502,1.0,10.030006984123805,1.6254816235740894,0.10768754193969232,1.0,0.27617183850511107
1,center,79,Linear,0.00010366551542997568,0.008330077399998312,1.0,0.038062767326619784,26.32953142746524,4.498080637400604,4.498080637400604,1.0,10.151479613642893,1.5874438737645036,0.06964979213010647,1.0,0.24277060484027246
1,center,80,Linear,6.899505959484693e-05,0.007559241728336987,1.0,0.03525801249491455,21.80267014893511,-0.028780641129529494,0.028780641129529494,1.0,9.805383245990086,1.5186616267017525,0.0008675450673554241,1.0,0.22128621990101793
1,center,81,Linear,5.7293175903696626e-05,0.00620168284349668,1.0,0.0360655881928665,22.33559451631174,0.5041437262470949,0.5041437262470949,1.0,10.647908750140504,1.4801160702608231,-0.03767801137357396,1.0,0.21202534901149894
1,center,82,Linear,0.00015565732959128432,0.009750788005214868,1.0,0.03649503917194808,19.27338119701196,-2.5580695930526804,2.5580695930526804,1.0,8.689669501852242,1.6716009969123653,0.1538069152779682,0.0,0.26891865159777684
1,center,83,Linear,2.1572221325800778e-05,0.003402108588972388,1.0,0.037401006928926644,20.175375207756254,-1.6560755823083935,1.6560755823083935,1.0,10.437833690947668,1.5396089550141092,0.021814873379712107,1.0,0.24750115020646923
1,center,84,Linear,3.550595363435456e-05,0.004488349302752904,1.0,0.03598421746368214,24.287315634966856,2.4558648449022207,2.4558648449022207,1.0,10.269967511830242,1.5410177104645797,0.023223628830182586,1.0,0.25663169016822174
1,center,85,Linear,0.0001578395521215058,0.010229211902317278,1.0,0.03734307331238777,21.033733385469596,-0.7977174045950475,0.7977174045950475,1.0,8.636260121612084,1.6817866381399629,0.16399255650556577,0.0,0.255745597840632
1,center,86,Linear,3.2333518987911874e-05,0.004433751582425573,1.0,0.03556982717615332,22.410786398006312,0.5793356079416729,0.5793356079416729,1.0,9.174495483103552,1.5539987208692931,0.03620463923489603,1.0,0.22141726592120348
1,center,87,Linear,5.9911001949728935e-05,0.006351651151288963,1.0,0.038997467581016874,24.917235429555877,3.085784639491237,3.085784639491237,1.0,13.560321712790694,1.4547349038877917,-0.06305917774660541,1.0,0.24194812117816178
1,center,88,Linear,4.4799481295101276e-05,0.005402474696718386,1.0,0.0355579549144025,23.730178078281718,1.8987272882170698,1.8987272882170698,1.0,10.92083662090004,1.4639469392032545,-0.053847142431142636,1.0,0.2169804074097943
1,center,89,Linear,8.3574778991535e-05,0.007813486731137928,1.0,0.041861190206325845,20.892088945801927,-0.9393618442627166,0.9393618442627166,1.0,11.186808359662322,1.553366323083341,0.035572241448943887,1.0,0.2575422994082004
1,center,90,Linear,9.617118447498227e-05,0.007039495894319718,1.0,0.03943157398575734,18.107599637325098,-3.7238511527395444,3.7238511527395444,1.0,11.469724821591093,1.5225499040741917,0.004755822439794555,1.0,0.25343580498666696
1,center,91,Linear,0.00011032594612249934,0.007903376810015524,1.0,0.03802161303821642,17.730961688515052,-4.100489101549589,4.100489101549589,1.0,10.670860517766661,1.5514417720820701,0.03364769044767302,1.0,0.2504925875563002
1,center,92,Linear,7.421304185812012e-05,0.0066043831238955285,1.0,0.03599646618615278,17.37621987932066,-4.45523091074398,4.45523091074398,1.0,10.83414175785373,1.5036873715206556,-0.014106710113741538,1.0,0.22320345381066065
1,center,93,Linear,3.900292480895848e-05,0.005245402425942569,1.0,0.037286876092947674,20.77361004601942,-1.0578407440452158,1.0578407440452158,1.0,10.658674908136835,1.5002296765830925,-0.017564405051304632,1.0,0.23178689879189407
1,center,94,Linear,0.0006259557315428857,0.02153854750990035,0.25,0.03239707611449752,18.85593677150214,-2.975514018562496,2.975514018562496,1.0,10.208203768608293,1.483361014442138,-0.034433067192259026,1.0,0.21984751052076845
1,center,95,Linear,5.580462049406293e-05,0.005789959323344915,1.0,0.03766687952942694,21.680359372108885,-0.15109141795575362,0.15109141795575362,1.0,11.860192835456683,1.461572226726725,-0.056221854907672064,1.0,0.2210920627025943
1,center,96,Linear,1.9580678422623457e-05,0.003310291356805578,1.0,0.03535713434441925,21.339578678056768,-0.49187211200786923,0.49187211200786923,1.0,9.66492206763148,1.5573248797500283,0.039530798115631205,1.0,0.23537737887993293
1,center,97,Linear,0.00040415834865870797,0.01623179909225794,0.625,0.03813002909437791,23.22501723309702,1.393566443032381,1.393566443032381,1.0,8.682075233341056,1.6276561722472551,0.10986209061285801,1.0,0.2594848631919735
1,center,98,Linear,1.3265659447164733e-05,0.0030571177924048135,1.0,0.03662769023669774,22.56074281928992,0.7292920292252822,0.7292920292252822,1.0,9.911197790657743,1.5144147387839388,-0.0033793428504582668,1.0,0.23137304017365823
1,center,99,Linear,0.00015762822610266325,0.009954593622478936,1.0,0.03709152895310536,24.80539208469306,2.9739412946284225,2.9739412946284225,1.0,9.246803398549467,1.6663790287462121,0.14858494711181502,0.0,0.2656586483199128
1,center,0,"Positive(s,w_a)",8.343085284621787e-05,0.007293646916657175,1.0,0.0364586058962016,19.395174328749363,-2.43627646131528,2.43627646131528,1.0,12.67721289599535,1.4234680434884948,-0.09432603814590235,1.0,0.22357284081175233
1,center,1,"Positive(s,w_a)",0.0016401066261202094,0.02995233239485071,0.25,0.03532808817491299,11.448111300097214,-10.383339489967426,10.383339489967426,0.0,8.198580909684704,1.881738348674371,0.36394426703997396,0.0,0.3617400552594683
1,center,2,"Positive(s,w_a)",0.0005502415007414264,0.021065865745299988,0.25,0.03947997199894084,23.387585911266385,1.5561351212017427,1.5561351212017427,1.0,12.220352478669408,1.4740958168671638,-0.043698264767233264,1.0,0.2626124199406328
1,center,3,"Positive(s,w_a)",9.398468940876853e-05,0.007416024518426487,1.0,0.03720567320228028,22.406477748696517,0.5750269586318685,0.5750269586318685,1.0,13.921357811430005,1.4118356788746689,-0.10595840275972823,1.0,0.25012758435861215
1,center,4,"Positive(s,w_a)",0.00020106504668193103,0.011799735901051623,1.0,0.035063016857598786,24.666110995849092,2.834660205784451,2.834660205784451,1.0,11.127493497057436,1.5211151631791817,0.00332108154478461,1.0,0.24467098313987612
1,center,5,"Positive(s,w_a)",0.00010201594139255304,0.007659010273165523,1.0,0.03555696165738756,20.80340154084265,-1.0280492492219877,1.0280492492219877,1.0,9.53179642077745,1.584829018343304,0.06703493670890692,1.0,0.24001578691265446
1,center,6,"Positive(s,w_a)",0.0001904108334278171,0.010966219346848514,0.75,0.03081560034897407,18.864096977899397,-2.967353812165246,2.967353812165246,1.0,8.890457434269639,1.5653525425469705,0.04755846091257343,1.0,0.2195754344797458
1,center,7,"Positive(s,w_a)",0.000143080433862737,0.009045667958545238,1.0,0.03612660573940379,24.937734782493813,3.1062839924291716,3.1062839924291716,1.0,10.257180812874013,1.5577464718981595,0.039952390263762405,1.0,0.24599051290873475
1,center,8,"Positive(s,w_a)",0.0001735247830709859,0.009875385381494399,1.0,0.037166748372968815,18.446113516941438,-3.385337273123202,3.385337273123202,1.0,10.3124982698742,1.5802319447182491,0.06243786308385202,1.0,0.29467055903100947
1,center,9,"Positive(s,w_a)",4.46472968118057e-05,0.005294587871913348,1.0,0.0340243925516516,18.329496300517818,-3.5019544895468315,3.5019544895468315,1.0,10.215135834151972,1.541242832571872,0.023448750937474783,1.0,0.22237316366580795
1,center,10,"Positive(s,w_a)",3.202970006560258e-05,0.0043594377039006095,1.0,0.036385257096967515,22.32106867976888,0.4896178897042398,0.4896178897042398,1.0,9.855692360741797,1.5566265037278881,0.038832422093491026,1.0,0.2385986408726024
1,center,11,"Positive(s,w_a)",7.197965013003937e-05,0.005946912093461519,1.0,0.03711581858497774,20.88900903047319,-0.9424417595914562,0.9424417595914562,1.0,12.382438168748326,1.4635270522096202,-0.0542670294247769,1.0,0.2324854457488712
1,center,12,"Positive(s,w_a)",4.6037999094015574e-05,0.004912357539658317,1.0,0.03663402059099313,24.495531815894267,2.6640810258296326,2.6640810258296326,1.0,10.592678760137694,1.5394650311944569,0.02167094956005977,1.0,0.2658508207252428
1,center,13,"Positive(s,w_a)",7.702280415257875e-05,0.0070619542605054085,1.0,0.038045036436342175,19.599873121119817,-2.231577668944823,2.231577668944823,1.0,10.090932158926849,1.6211478160771398,0.10335373444274265,1.0,0.26996572712277733
1,center,14,"Positive(s,w_a)",1.7068224768184513e-05,0.0032986097753497736,1.0,0.04018310422367604,20.65671254832911,-1.1747382417355245,1.1747382417355245,1.0,12.59258420264549,1.4918265037430631,-0.02596757789133397,1.0,0.25212295062153633
1,center,15,"Positive(s,w_a)",0.00017695640561758233,0.010711586564688784,0.875,0.030981726758232218,19.351568451919785,-2.479882338144859,2.479882338144859,1.0,12.815172686688381,1.3708297389327941,-0.14696434270160297,0.0,0.18376488703549199
1,center,16,"Positive(s,w_a)",0.0003839728006345832,0.015355520978439079,0.5,0.03566196627794097,25.8621176604648,4.030666870400152,4.030666870400152,1.0,12.36375962045388,1.4286174287583178,-0.08917665287607934,1.0,0.2130169290478623
1,center,17,"Positive(s,w_a)",6.0022016436711254e-05,0.006666400843168163,1.0,0.03539431855035064,21.43712544073465,-0.39432534932999314,0.39432534932999314,1.0,10.008440820995489,1.5495755802443545,0.03178149860995738,1.0,0.23549233385645807
1,center,18,"Positive(s,w_a)",0.00023113989901640721,0.012200748427126337,0.875,0.03323654658411369,21.547947063866165,-0.2835037261984727,0.2835037261984727,1.0,11.481905973119975,1.444794998197992,-0.07299908343640515,1.0,0.22166568304621936
1,center,19,"Positive(s,w_a)",0.00014943392810300182,0.009725091126996538,0.875,0.03266184757902927,20.741127962937366,-1.090322827127274,1.090322827127274,1.0,8.49459586020034,1.66106923171669,0.14327515008229286,0.0,0.24294583160939554
1,center,20,"Positive(s,w_a)",3.919658599543783e-05,0.004556800192565713,1.0,0.03367200980596587,19.062642678863238,-2.7688081112014022,2.7688081112014022,1.0,10.663955957083397,1.496781339306603,-0.021012742327794154,1.0,0.22637840845857338
1,center,21,"Positive(s,w_a)",1.0058136562726696e-05,0.0027948996992526753,1.0,0.03235968431708076,22.265278487188304,0.43382769712366065,0.43382769712366065,1.0,9.729680574187041,1.519121610300449,0.0013275286660519026,1.0,0.21507930382690277
1,center,22,"Positive(s,w_a)",8.311048647907715e-05,0.006210883584302669,1.0,0.03056054042564621,23.452220046268963,1.6207692562043163,1.6207692562043163,1.0,10.434693800501048,1.4553399290383409,-0.062454152596056245,1.0,0.198507454469671
1,center,23,"Positive(s,w_a)",0.00010933470961031342,0.007707725603020271,1.0,0.03621066123936433,20.980898006338535,-0.8505527837261074,0.8505527837261074,1.0,9.93897223318177,1.5941779753618281,0.07638389372743104,1.0,0.2606257542562316
1,center,24,"Positive(s,w_a)",7.336668928615785e-06,0.0021636596112632627,1.0,0.033020926926772415,20.478930731341077,-1.3525200587235684,1.3525200587235684,1.0,9.7035366168636,1.5321775052679716,0.014383423633574477,1.0,0.2168799243623536
1,center,25,"Positive(s,w_a)",0.00013169788494675537,0.008535503833204785,0.875,0.03270591854320606,26.299362065949357,4.467911275884709,4.467911275884709,1.0,9.689952930030621,1.5379748166703378,0.020180735035940645,1.0,0.22912385095387022
1,center,26,"Positive(s,w_a)",0.00010058643403735132,0.00688687219649028,1.0,0.035893779201213484,19.40399136311688,-2.4274594269477676,2.4274594269477676,1.0,13.571238103403434,1.4508235839727408,-0.0669704976616563,1.0,0.22760068804189126
1,center,27,"Positive(s,w_a)",0.00013020263320633524,0.009147728856430377,1.0,0.03387166156348211,20.561323565017194,-1.2701272250474525,1.2701272250474525,1.0,8.266658566081347,1.666453414879572,0.14865933324517489,0.0,0.2514440633422408
1,center,28,"Positive(s,w_a)",1.5810850508955496e-05,0.0030486099519727375,1.0,0.03584024846546108,22.591200701239387,0.7597499111747485,0.7597499111747485,1.0,10.911800792450174,1.5423203414765503,0.024526259842153175,1.0,0.2585764886952904
1,center,29,"Positive(s,w_a)",6.933055838037203e-05,0.007409752123324814,1.0,0.031347261024549086,21.816289709988865,-0.015161080075781545,0.015161080075781545,1.0,9.578690426454445,1.5145988687226437,-0.003195212911753398,1.0,0.21918106689580763
1,center,30,"Positive(s,w_a)",1.896927249999845e-05,0.0034815181154946423,1.0,0.03334354744379536,19.4931469951465,-2.3383037949181453,2.3383037949181453,1.0,10.177938029852417,1.5144727151832185,-0.0033213664511786423,1.0,0.22494721208009394
1,center,31,"Positive(s,w_a)",0.0002604807842940934,0.01138051717272233,0.75,0.03500823344594962,23.65311246362276,1.821661673558117,1.821661673558117,1.0,8.355705919867125,1.6388747889580235,0.12108070732362641,0.0,0.24969384322478372
1,center,32,"Positive(s,w_a)",8.025799177318303e-06,0.001910063503220832,1.0,0.03253373146845993,21.85654919642052,0.025098406355876207,0.025098406355876207,1.0,10.075381000680865,1.4977481699372288,-0.020045911697168295,1.0,0.21097510458987268
1,center,33,"Positive(s,w_a)",0.00013391511480161802,0.009456756462017333,1.0,0.03709385195624018,26.998123532851398,5.1666727427867585,5.1666727427867585,0.0,9.885123971013893,1.5978487689493486,0.08005468731495147,1.0,0.268332869478084
1,center,34,"Positive(s,w_a)",3.7503467142305e-06,0.0016367407259635276,1.0,0.03633348876690259,21.841488553216763,0.010037763152117555,0.010037763152117555,1.0,11.224513635253912,1.4988919803918133,-0.018902101242583846,1.0,0.22954355309210306
1,center,35,"Positive(s,w_a)",9.694316365165803e-05,0.007096074799628205,1.0,0.03280751009452599,23.6885852567113,1.8571344666466594,1.8571344666466594,1.0,8.336648649366396,1.6191154715597673,0.10132138992537021,1.0,0.23211532328691797
1,center,36,"Positive(s,w_a)",4.385462054242551e-05,0.005523896353830267,1.0,0.035542469939830616,21.819106840624073,-0.012343949440572738,0.012343949440572738,1.0,9.7471479331713,1.553070082281631,0.03527600064723391,1.0,0.23923954206582287
1,center,37,"Positive(s,w_a)",7.673121578726722e-06,0.0021751022366125056,1.0,0.03388975601649667,22.08573291814039,0.254282128075754,0.254282128075754,1.0,9.981447582138236,1.537870219274447,0.020076137640049785,1.0,0.22569968504160687
1,center,38,"Positive(s,w_a)",0.00011612915178907495,0.00817340390778967,1.0,0.03365733859830725,26.513800763110034,4.68234997304539,4.68234997304539,1.0,9.813642732569182,1.5563530874999947,0.03855900586559757,1.0,0.2475666787868378
1,center,39,"Positive(s,w_a)",2.261485063428162e-05,0.0038025391203258493,1.0,0.03620290910115201,20.72147810201506,-1.1099726880495835,1.1099726880495835,1.0,11.405836301968835,1.4728537736132827,-0.04494030802111437,1.0,0.2580973862057654
1,center,40,"Positive(s,w_a)",0.00010379004915638397,0.007552163377826583,1.0,0.03575998797873469,25.564317110592366,3.7328663205277324,3.7328663205277324,1.0,10.421307884602374,1.5059560119539228,-0.011838069680474295,1.0,0.2290285611279177
1,center,41,"Positive(s,w_a)",0.00017320968575061736,0.011811282791474186,1.0,0.034164535032066165,21.512069255678092,-0.31938153438654415,0.31938153438654415,1.0,10.390187693314964,1.490464489474859,-0.027329592159538008,1.0,0.20382404309548297
1,center,42,"Positive(s,w_a)",9.095940312406623e-05,0.007341872856382836,1.0,0.030334218239392235,23.278790718084668,1.4473399280200299,1.4473399280200299,1.0,8.667212877241624,1.5758677320842978,0.05807365044990065,1.0,0.21528818886272272
1,center,43,"Positive(s,w_a)",2.1865209484318924e-05,0.0034916309860055276,1.0,0.03605456145621084,23.76548898925214,1.9340381991874982,1.9340381991874982,1.0,10.381241609545375,1.5296926344939301,0.011898552859533007,1.0,0.26872335518794843
1,center,44,"Positive(s,w_a)",3.99861404313e-05,0.004386079255530677,1.0,0.03858339445409784,20.088333666393765,-1.743117123670872,1.743117123670872,1.0,12.33448659290239,1.4808471222175859,-0.036946959416811254,1.0,0.24745742266161508
1,center,45,"Positive(s,w_a)",5.0495183924774055e-05,0.004968006614234938,1.0,0.036446557985131876,24.35319494759173,2.5217441575270936,2.5217441575270936,1.0,10.692442880392754,1.5415138154663264,0.02371973383192927,1.0,0.2325460844328775
1,center,46,"Positive(s,w_a)",2.8768141190117638e-05,0.004460487403674965,1.0,0.0348874991735064,21.645227489664304,-0.18622330040033885,0.18622330040033885,1.0,11.424662571944808,1.45667274098859,-0.0611213406458071,1.0,0.21461378406645282
1,center,47,"Positive(s,w_a)",0.00027931569762085527,0.01163786008971595,1.0,0.041567293901646096,17.347687339229616,-4.483763450835021,4.483763450835021,1.0,14.710343748046261,1.4370387535899918,-0.08075532804440533,1.0,0.2760693244036958
1,center,48,"Positive(s,w_a)",0.00017935300247554588,0.011048837886995433,0.875,0.032920632589802594,27.204723581291837,5.373272791227195,5.373272791227195,1.0,12.03850727774009,1.4078639168263172,-0.10993016480807993,0.0,0.19974666381396267
1,center,49,"Positive(s,w_a)",6.652598114306529e-05,0.006563369691358109,1.0,0.03232496749754556,23.898040434838983,2.066589644774344,2.066589644774344,1.0,9.238862901613185,1.518640168129343,0.0008460864949459967,1.0,0.2089394111429026
1,center,50,"Positive(s,w_a)",6.27916426980295e-05,0.006046046963509445,1.0,0.03202776834052783,21.414808697251246,-0.41664209281339837,0.41664209281339837,1.0,8.54692129897613,1.5993398790175706,0.08154579738317347,1.0,0.23144069276626023
1,center,51,"Positive(s,w_a)",6.506463576569321e-05,0.005988354950926272,1.0,0.035654000948008364,18.460706347410095,-3.370744442654547,3.370744442654547,1.0,11.811214221348354,1.4636230035571898,-0.054171078077207335,1.0,0.2216565749042867
1,center,52,"Positive(s,w_a)",8.007832545948705e-05,0.007493881119571465,1.0,0.0341736600640859,25.771399854072573,3.939949064007936,3.939949064007936,1.0,11.458678877844973,1.454964119878225,-0.06282996175617206,1.0,0.2148337472909796
1,center,53,"Positive(s,w_a)",0.0005837912421240039,0.016519071317015004,0.625,0.036021966148539614,28.014668166306237,6.1832173762416,6.1832173762416,1.0,15.886740151009784,1.3535861505009867,-0.16420793113341037,0.0,0.23504151847200583
1,center,54,"Positive(s,w_a)",4.8587589860694686e-05,0.0050054262297032056,1.0,0.036275010726438156,19.662498163844898,-2.168952626219738,2.168952626219738,1.0,10.235736724518256,1.5447502264445763,0.02695614481017916,1.0,0.23933591753892425
1,center,55,"Positive(s,w_a)",1.982096630910336e-05,0.0035866004447505603,1.0,0.03662265173962945,23.270927386785768,1.4394765967211292,1.4394765967211292,1.0,10.16851986774181,1.5605820494799525,0.042787967845555386,1.0,0.25049754739108865
1,center,56,"Positive(s,w_a)",0.00027600027864256707,0.011616524515239394,0.625,0.031293077354024486,16.80769037826969,-5.023760411794952,5.023760411794952,1.0,10.959245954988404,1.4526429571092965,-0.06515112452510063,1.0,0.2036770557424501
1,center,57,"Positive(s,w_a)",3.5110015102376903e-05,0.004694130046841531,1.0,0.03508820259549784,24.904596380574766,3.073145590510121,3.073145590510121,1.0,10.213383121737053,1.5229964749365081,0.00520239330211103,1.0,0.2323245249636514
1,center,58,"Positive(s,w_a)",8.014447559133137e-05,0.007219495848645512,1.0,0.03185790723177595,20.362483965027643,-1.468966825036997,1.468966825036997,1.0,8.283883535222602,1.6229452662865391,0.10515118465214202,1.0,0.23795535551779023
1,center,59,"Positive(s,w_a)",2.646178177199806e-06,0.001310803433667208,1.0,0.035077562405187133,22.05211613100729,0.22066534094264553,0.22066534094264553,1.0,10.629201267917663,1.5028135283554829,-0.014980553278914233,1.0,0.24366657333992547
1,center,60,"Positive(s,w_a)",0.00017474665447672397,0.010350689200201964,0.75,0.03503448735726211,23.83037766040552,1.9989268703408811,1.9989268703408811,1.0,11.839570553802664,1.447900660126871,-0.0698934215075262,1.0,0.2131846560619779
1,center,61,"Positive(s,w_a)",8.578085635198562e-05,0.007779310143622979,1.0,0.03516732326863937,23.279775645937892,1.448324855873245,1.448324855873245,1.0,11.07679179431867,1.4890774283301298,-0.028716653304267314,1.0,0.22678535654051446
1,center,62,"Positive(s,w_a)",0.0001481132158994345,0.010526538263091967,1.0,0.036332419658630294,23.250360792563725,1.41891000249908,1.41891000249908,1.0,9.81242342948841,1.5504850261276308,0.03269094449323373,1.0,0.23415788391383008
1,center,63,"Positive(s,w_a)",8.157661877319544e-05,0.0064140975691333755,1.0,0.03654351123309785,18.872472133613936,-2.9589786564507095,2.9589786564507095,1.0,10.448330266378253,1.548982136003405,0.031188054369007956,1.0,0.2632284644380889
1,center,64,"Positive(s,w_a)",1.6607843321207685e-05,0.002785878059559002,1.0,0.03258503865989859,21.962271162433765,0.1308203723691289,0.1308203723691289,1.0,9.327992535397323,1.5555278367556393,0.03773375512124222,1.0,0.22162149861330716
1,center,65,"Positive(s,w_a)",2.3686538922499983e-05,0.003316673169189361,1.0,0.033046297060771675,21.38392463304252,-0.44752615702212584,0.44752615702212584,1.0,10.664328339703653,1.4788458846169055,-0.03894819701749164,1.0,0.21090027832273783
1,center,66,"Positive(s,w_a)",7.371492829013601e-05,0.007342193689508211,1.0,0.03518565088403277,21.523249445987407,-0.30820134407723176,0.30820134407723176,1.0,9.940973121033704,1.5549955212497257,0.037201439615328624,1.0,0.2286924217156192
1,center,67,"Positive(s,w_a)",3.051882599699025e-05,0.004032857283121187,1.0,0.03288667057928369,23.590259516028958,1.758808725964315,1.758808725964315,1.0,9.04116682584081,1.5653439722888183,0.04754989065442117,1.0,0.22110692491085215
1,center,68,"Positive(s,w_a)",1.1993367807558436e-05,0.002804623038547012,1.0,0.03547841051898434,22.710812218629286,0.8793614285646433,0.8793614285646433,1.0,10.84561736431961,1.487485783213987,-0.030308298420410162,1.0,0.2170494060024839
1,center,69,"Positive(s,w_a)",0.00039967844701308653,0.015357309614082743,0.5,0.032694989155032085,23.06628304302025,1.2348322529556046,1.2348322529556046,1.0,8.61676660261526,1.6601632197372165,0.14236913810281937,0.0,0.25778304252274364
1,center,70,"Positive(s,w_a)",6.651793780586447e-05,0.006404183919689724,1.0,0.03528703999752487,25.68459352769209,3.853142737627444,3.853142737627444,1.0,10.839115891771673,1.487251588668282,-0.03054249296611511,1.0,0.22412589261105498
1,center,71,"Positive(s,w_a)",4.058527146760076e-05,0.004858072078215936,1.0,0.03217312424272259,22.480532795910623,0.6490820058459805,0.6490820058459805,1.0,10.2148837063561,1.4712242716946964,-0.046569809939700724,1.0,0.20611711680980194
1,center,72,"Positive(s,w_a)",8.512912106247719e-05,0.006680257898894572,1.0,0.031031580249142876,18.210872444802995,-3.6205783452616522,3.6205783452616522,1.0,10.484290273722465,1.4656056009352332,-0.05218848069916393,1.0,0.199266561667633
1,center,73,"Positive(s,w_a)",0.00010119357097926835,0.008080082855591903,1.0,0.036232388419658285,23.506036044105336,1.6745852540406965,1.6745852540406965,1.0,9.95406677040603,1.562765465907758,0.04497138427336078,1.0,0.2553055222327121
1,center,74,"Positive(s,w_a)",5.3969052367724616e-05,0.005012636105483408,1.0,0.03905701041286944,20.498191632978465,-1.3332591570861756,1.3332591570861756,1.0,12.908493691298233,1.4606341821048037,-0.05715989952959344,1.0,0.25543098463614045
1,center,75,"Positive(s,w_a)",8.420470736266403e-05,0.0070579216585965375,1.0,0.03331823725789716,22.504525874909714,0.6730750848450673,0.6730750848450673,1.0,11.115889693213088,1.4513461779741865,-0.06644790366021058,1.0,0.21075817947483078
1,center,76,"Positive(s,w_a)",7.607480425263743e-05,0.005951687946868405,1.0,0.03431604511743492,19.987983714020704,-1.8434670760439396,1.8434670760439396,1.0,11.893578313632409,1.455063337766452,-0.0627307438679452,1.0,0.21972025739604395
1,center,77,"Positive(s,w_a)",0.00019892280320897538,0.010759403599431004,0.875,0.039562548641002275,15.430077606107742,-6.401373183956902,6.401373183956902,0.0,11.827246191270287,1.5698487099670568,0.052054628332659725,1.0,0.26450239733038994
1,center,78,"Positive(s,w_a)",8.148568582433211e-05,0.006512362325207276,1.0,0.035167536552241974,24.8988395435676,3.0673887535029603,3.0673887535029603,1.0,9.636870073625321,1.5895655397902426,0.07177145815584551,1.0,0.2624826496463015
1,center,79,"Positive(s,w_a)",0.00015291736759774505,0.009293165026265218,0.875,0.03631077779564503,27.78729824645997,5.955847456395324,5.955847456395324,0.0,10.492292588489262,1.501382250643286,-0.01641183099111121,1.0,0.24049244862199193
1,center,80,"Positive(s,w_a)",4.423817651439816e-05,0.005750939153655557,1.0,0.03216772495948175,21.475681437404084,-0.3557693526605553,0.3557693526605553,1.0,9.06615952387611,1.5434061910261248,0.025612109391727644,1.0,0.2121776005313616
1,center,81,"Positive(s,w_a)",6.098645242475804e-05,0.005939313161879183,1.0,0.031798019334913656,23.49062555344006,1.659174763375427,1.659174763375427,1.0,10.391625409164769,1.468998621020123,-0.0487954606142742,1.0,0.19632331542325776
1,center,82,"Positive(s,w_a)",0.00017529654897464634,0.010204863771726623,1.0,0.03339701652832211,19.66571840520015,-2.165732384864494,2.165732384864494,1.0,8.018111205551909,1.6869881552328767,0.1691940735984796,0.0,0.2532919455061955
1,center,83,"Positive(s,w_a)",1.87812563629752e-05,0.003283225787429423,1.0,0.03450839850394161,22.444867157903403,0.6134163678387656,0.6134163678387656,1.0,9.831857861492859,1.5565167736073169,0.038722691972919776,1.0,0.2420102444160741
1,center,84,"Positive(s,w_a)",2.283659006278358e-05,0.003930046536806705,1.0,0.03563186891872273,24.35532764572342,2.5238768556587776,2.5238768556587776,1.0,10.140680306135303,1.5066032564265124,-0.011190825207884725,1.0,0.224072211534998
1,center,85,"Positive(s,w_a)",0.00016004458028199894,0.010098993306919801,1.0,0.03428510104295853,20.363753532434266,-1.467697257630375,1.467697257630375,1.0,8.29844302224008,1.6832295315924442,0.16543544995804704,0.0,0.2570525454098429
1,center,86,"Positive(s,w_a)",3.051915441326915e-06,0.0013247934706377255,1.0,0.03079555179938176,21.799671021021517,-0.0317797690431194,0.0317797690431194,1.0,8.972112229188976,1.5397730976403432,0.021979016005946095,1.0,0.20770406500308547
1,center,87,"Positive(s,w_a)",8.940914214399328e-05,0.007824704916827014,1.0,0.0360564124092193,25.657094479100742,3.825643689036093,3.825643689036093,1.0,12.51748854923504,1.4403764975975315,-0.0774175840368656,1.0,0.2414542700645954
1,center,88,"Positive(s,w_a)",1.7852179622508698e-05,0.00350479234434644,1.0,0.031656355950859034,22.118604966274486,0.28715417620984185,0.28715417620984185,1.0,10.214245783988662,1.4700320594099976,-0.047762022224399514,1.0,0.20584110634552255
1,center,89,"Positive(s,w_a)",1.783135739203207e-05,0.0029061882878670536,1.0,0.038796568894058796,21.178873380626843,-0.6525774094378006,0.6525774094378006,1.0,10.699766338713971,1.556276287398753,0.0384822057643559,1.0,0.2499643167255885
1,center,90,"Positive(s,w_a)",0.00020422215029683734,0.010952881799987754,1.0,0.03840046634289131,17.897267265348923,-3.9341835247157215,3.9341835247157215,1.0,11.195765636805389,1.5451941613186253,0.027400079684228196,1.0,0.2637551335095769
1,center,91,"Positive(s,w_a)",0.00017540922557437644,0.009721240213958572,0.875,0.036118116434410964,17.502498899323793,-4.328951890740849,4.328951890740849,1.0,10.512523067540304,1.5757640694567938,0.05796998782239671,1.0,0.2526258454580137
1,center,92,"Positive(s,w_a)",3.405681762420188e-05,0.004674694501587966,1.0,0.033331950014828415,19.599514626820195,-2.2319361632444474,2.2319361632444474,1.0,10.73207595747939,1.4802995514446227,-0.037494530189774444,1.0,0.21405573714005466
1,center,93,"Positive(s,w_a)",4.695332462611141e-05,0.005125780543287525,1.0,0.03383356291742287,19.03794047265218,-2.793510317412465,2.793510317412465,1.0,10.095973318888747,1.5044661026383894,-0.013327978996007683,1.0,0.2169315284050508
1,center,94,"Positive(s,w_a)",0.0005149932082194288,0.018903051228871728,0.375,0.029880215661767417,18.49917050012859,-3.3322802899360484,3.3322802899360484,1.0,10.153633467498619,1.4561293459749893,-0.06166473565940778,1.0,0.19924580611978415
1,center,95,"Positive(s,w_a)",1.93437857775438e-05,0.0035019566020805387,1.0,0.03445182612945478,20.918388972099383,-0.9130618179652555,0.9130618179652555,1.0,10.856823354104563,1.474735334351785,-0.04305874728261205,1.0,0.21721782398043077
1,center,96,"Positive(s,w_a)",2.2096179846216413e-06,0.0010999821723246053,1.0,0.033312570136122314,22.41925135886143,0.5878005687967911,0.5878005687967911,1.0,9.77176110928198,1.5267816564282888,0.008987574793891673,1.0,0.2216865034521378
1,center,97,"Positive(s,w_a)",0.00024246818989263623,0.011316684284183606,0.75,0.0336842047248456,21.154273065843203,-0.6771777242214394,0.6771777242214394,1.0,8.176312597120848,1.6352873128069358,0.11749323117253874,0.0,0.24216458270693897
1,center,98,"Positive(s,w_a)",3.553435536939479e-05,0.004734526993338747,1.0,0.03323085272251455,21.714734614160943,-0.1167161759037033,0.1167161759037033,1.0,10.30491108114252,1.4838009688808962,-0.03399311275350092,1.0,0.20966509302111125
1,center,99,"Positive(s,w_a)",0.00010347866360882039,0.0073937332911943555,1.0,0.033311103826887865,25.112953248503405,3.281502458438762,3.281502458438762,1.0,8.685936166817946,1.6041445199539528,0.08635043831955569,1.0,0.2339857147243647
2,high,0,Linear,3.112868014077703e-05,0.003928467231795021,1.0,0.046151104565455736,29.853690275756698,-1.278233881080242,1.278233881080242,1.0,7.820245948961255,2.0550388697581767,0.012203154917311387,1.0,0.4308117995398075
2,high,1,Linear,0.00020251548766397955,0.01138201867460571,1.0,0.04557093175136889,27.495287728185534,-3.6366364286514035,3.6366364286514035,1.0,8.663508574117639,1.9085965427373215,-0.13423917210354386,1.0,0.38495586779151725
2,high,2,Linear,0.00011757030130063711,0.008505507534138694,1.0,0.04543254208139668,32.396275859151686,1.2643517023147433,1.2643517023147433,1.0,7.003627567023901,2.123756754434843,0.08092103959397745,1.0,0.4098727647894136
2,high,3,Linear,9.553326249942776e-05,0.007131656161187008,1.0,0.042055767145943806,29.574231456310507,-1.5576927005264312,1.5576927005264312,1.0,7.05201795394751,2.011983869591564,-0.0308518452493014,1.0,0.3813336501133773
2,high,4,Linear,0.00038071154013456684,0.01569536932186223,0.75,0.042885214014600805,29.39147414844628,-1.7404500083906511,1.7404500083906511,1.0,5.945858504742711,2.265689745398336,0.22285403055747066,0.0,0.37730550861834145
2,high,5,Linear,0.00020460977721045267,0.012006671212603293,1.0,0.045166972843620166,29.561501787348806,-1.570422369488135,1.570422369488135,1.0,7.423246236827945,2.0642684852854667,0.021432770444601346,1.0,0.44545589651602935
2,high,6,Linear,5.7469948986577595e-05,0.005357374430944227,1.0,0.034289309476473455,32.92541071204269,1.7934865552057506,1.7934865552057506,1.0,6.270487949790671,2.05501202845091,0.012176313610044787,1.0,0.3228479273721636
2,high,7,Linear,0.00021243878317093526,0.011084648736017869,1.0,0.04396953680950847,28.388585023522136,-2.7433391333148114,2.7433391333148114,1.0,6.767039375647019,2.127247035372375,0.08441132053150957,1.0,0.4604280708648911
2,high,8,Linear,0.0003640592968125718,0.016269141453830755,1.0,0.04941390196805773,30.507226829854854,-0.6246973269820864,0.6246973269820864,1.0,6.971582307959832,2.161684521922748,0.1188488070818825,1.0,0.437448570455252
2,high,9,Linear,5.502150817448943e-05,0.005944535930238827,1.0,0.05015074838118345,30.649294167443518,-0.4826299893934232,0.4826299893934232,1.0,8.22853226794214,2.1072879718329633,0.064452256992098,1.0,0.45787927121231276
2,high,10,Linear,1.301180863589696e-05,0.0023745205254076876,1.0,0.04776589849359263,31.570515323328994,0.4385911664920626,0.4385911664920626,1.0,8.138321336856562,2.01497605906732,-0.027859655773545544,1.0,0.4248434435781163
2,high,11,Linear,0.00019210059178158137,0.011095323653785452,1.0,0.04560611688545014,32.989573675228556,1.8576495183916133,1.8576495183916133,1.0,7.253278538073562,2.057032255411985,0.01419654057111952,1.0,0.4178820525483813
2,high,12,Linear,0.00028913373034970477,0.01271472230410754,0.75,0.03752816169675166,34.95478898166322,3.822864824826279,3.822864824826279,1.0,7.321320766646086,2.078582288872564,0.035746574031698675,1.0,0.34411493915374525
2,high,13,Linear,2.171185633551786e-05,0.0036432514112086645,1.0,0.03938235631186615,32.11804599052016,0.986121833683222,0.986121833683222,1.0,7.486846741555349,2.09673599764485,0.053900282803984734,1.0,0.36551034440474983
2,high,14,Linear,2.7964045703689966e-05,0.0037466520932725365,1.0,0.0429671727689905,31.317607180045687,0.18568302320875393,0.18568302320875393,1.0,7.693065899692497,1.9713889611583486,-0.07144675368251674,1.0,0.374654116801026
2,high,15,Linear,5.6250631567080845e-05,0.005980997158835826,1.0,0.04918128186259486,32.84714347564859,1.7152193188116474,1.7152193188116474,1.0,6.719243899751741,2.107463046812772,0.06462733197190662,1.0,0.46196397308829473
2,high,16,Linear,3.202139772727006e-05,0.004063838490097946,1.0,0.041725026355288186,32.39945641556101,1.2675322587240747,1.2675322587240747,1.0,8.403611331862027,2.000102432701977,-0.042733282138888384,1.0,0.3665483864649046
2,high,17,Linear,3.270604787138401e-05,0.004716878366712081,1.0,0.04856578898612418,31.00094961805445,-0.13097453878249088,0.13097453878249088,1.0,7.030575032477335,2.147453840241507,0.10461812540064175,1.0,0.4367969379272836
2,high,18,Linear,2.285262031711075e-05,0.003710240353630596,1.0,0.04710827572207562,30.07289490473463,-1.0590292521023035,1.0590292521023035,1.0,7.803957552598698,2.0746263338059245,0.03179061896505919,1.0,0.4066013934736463
2,high,19,Linear,5.351248690302254e-05,0.004730001011823022,1.0,0.04736123690783941,30.445793253971466,-0.6861309028654804,0.6861309028654804,1.0,6.855534728147354,2.1361712288191863,0.09333551397832096,1.0,0.4428943332716102
2,high,20,Linear,4.903245981593591e-05,0.0054306045182123674,1.0,0.0413603590969912,29.273128960299207,-1.8587951965377252,1.8587951965377252,1.0,6.84192943594186,2.06294268660005,0.020106971759184855,1.0,0.3767820258267318
2,high,21,Linear,5.9042860173768695e-05,0.005083255691048484,1.0,0.04219291654489393,31.928075519198817,0.7961513623618778,0.7961513623618778,1.0,7.320119575461345,1.9577692312035884,-0.08506648363727698,1.0,0.35959590893641225
2,high,22,Linear,0.00010988384559866001,0.00852812343304458,1.0,0.03986112298242919,31.97139597082712,0.8394718139901803,0.8394718139901803,1.0,7.688084823756468,1.9590798699182894,-0.08375584492257593,1.0,0.36168331798533027
2,high,23,Linear,5.990271788046199e-05,0.006606350016141902,1.0,0.0424747120153768,30.38437091618622,-0.7475532406507136,0.7475532406507136,1.0,7.927227147304182,1.9409809836411391,-0.10185473119972621,1.0,0.3581071534359903
2,high,24,Linear,3.777101148252543e-05,0.004377497154716134,1.0,0.04208866125243151,29.66265409811126,-1.4692700587256844,1.4692700587256844,1.0,7.308332668830208,2.0902862051113167,0.04745049027045134,1.0,0.3766752843917638
2,high,25,Linear,0.00022163544025764664,0.011779935693232204,1.0,0.040176740016746204,34.09312114129424,2.9611969844572976,2.9611969844572976,1.0,6.616361775242863,2.1456234049685055,0.10278769012764011,1.0,0.3752625616492271
2,high,26,Linear,0.00011022209438687039,0.007000267070572834,1.0,0.0425812146349356,30.25420078896127,-0.8777233678756768,0.8777233678756768,1.0,7.761216077860897,1.9248455135683165,-0.11799020127254889,1.0,0.38167860099425677
2,high,27,Linear,4.0346711415631005e-05,0.005467136540930058,1.0,0.04271830564787277,30.602878896150745,-0.5290452606861953,0.5290452606861953,1.0,7.015316414091838,2.055875477537763,0.013039762696897661,1.0,0.3912050210166895
2,high,28,Linear,2.4476054704895345e-05,0.004418431755007504,1.0,0.04013362065997999,30.80537931334023,-0.32654484349671786,0.32654484349671786,1.0,7.8777531129644505,2.0418433871508683,-0.000992327689997019,1.0,0.3406741211208366
2,high,29,Linear,2.201752931706906e-05,0.003312522818534412,1.0,0.04128372727449554,30.036705573652934,-1.0952185831840051,1.0952185831840051,1.0,6.763954650525692,2.069301818737662,0.0264661038967966,1.0,0.38257110059364385
2,high,30,Linear,9.413120766768772e-06,0.002546274856581194,1.0,0.04151805028023812,31.95941764298839,0.827493486151457,0.827493486151457,1.0,8.034741713518539,2.031077858816013,-0.011757856024852131,1.0,0.3790387084694624
2,high,31,Linear,0.00015831671648211545,0.009818138621760475,1.0,0.03699524609786924,32.93673109651311,1.8048069396761648,1.8048069396761648,1.0,6.795785084353291,2.1742917062460707,0.13145599140520536,1.0,0.3186817042260255
2,high,32,Linear,8.26318140642297e-05,0.006568893323602429,1.0,0.043424169776308696,32.83127981635049,1.6993556595135495,1.6993556595135495,1.0,7.189692327766229,2.0665712534987732,0.023735538657907895,1.0,0.40994905962609907
2,high,33,Linear,4.10030944192677e-05,0.005174710194630787,1.0,0.04244660026978004,30.038705531721558,-1.0932186251153875,1.0932186251153875,1.0,7.139657867238268,2.127619022998897,0.08478330815803181,1.0,0.3751518895487571
2,high,34,Linear,0.00011477383771770195,0.008408676473760144,1.0,0.04409838423854712,28.182882463141457,-2.9490416936954835,2.9490416936954835,1.0,8.532492105120312,1.9839453040908477,-0.05889041075001766,1.0,0.3454502105501589
2,high,35,Linear,0.0001092223691809771,0.008272235693655006,1.0,0.04439224059269009,28.91172389331069,-2.2202002635262486,2.2202002635262486,1.0,7.100188699822385,2.1136836080730412,0.07084789323217588,1.0,0.4537526793460023
2,high,36,Linear,0.00011732411128083401,0.007890432778189675,1.0,0.0449714334495915,29.07903495332859,-2.0528892035083492,2.0528892035083492,1.0,8.63737736239215,2.0917892026251184,0.048953487784253014,1.0,0.3771881482493795
2,high,37,Linear,0.00021830931740417992,0.011119874658824247,1.0,0.041824803584370296,30.058304283304675,-1.0736198735322637,1.0736198735322637,1.0,7.116318607488614,1.9366706338465374,-0.10616508099432798,1.0,0.36598351082974334
2,high,38,Linear,5.799839316188212e-06,0.0018861062398285884,1.0,0.042749471815923944,30.47897560722022,-0.6529485496167192,0.6529485496167192,1.0,7.7738122462846615,2.056960030808093,0.01412431596722774,1.0,0.38004820955313434
2,high,39,Linear,0.00021151962448479454,0.011304433145550326,1.0,0.04242457259037527,30.254019675577684,-0.8779044812592485,0.8779044812592485,1.0,8.973841905925728,1.9176575024580853,-0.12517821238278004,1.0,0.3324454267456336
2,high,40,Linear,1.8112552325789894e-05,0.003181690539634308,1.0,0.04200553269446657,30.604995129853215,-0.5269290269837236,0.5269290269837236,1.0,7.525450587635629,2.0263390859568204,-0.016496628884044906,1.0,0.38387330692101496
2,high,41,Linear,0.000218271224423324,0.010146470240289557,1.0,0.046164601307303745,28.448225869157746,-2.683698287679189,2.683698287679189,1.0,9.465598225270579,1.9758358460674197,-0.06699986877344566,1.0,0.42351145472994123
2,high,42,Linear,8.56719020187542e-06,0.0024752705250854165,1.0,0.040546553908419776,31.047665577690545,-0.08425857914640013,0.08425857914640013,1.0,7.611571331550072,2.0670388683809398,0.024203153540074407,1.0,0.36913447873764915
2,high,43,Linear,0.00011733770872142297,0.008690037800007855,1.0,0.04238375862279631,28.456492261462046,-2.6754318953748926,2.6754318953748926,1.0,8.152329355406284,1.987603346307642,-0.05523236853322344,1.0,0.32268150974100207
2,high,44,Linear,2.074734042379553e-05,0.0037680175565980556,1.0,0.04341731700477313,32.021679468823955,0.8897553119870144,0.8897553119870144,1.0,7.564766798817113,2.0019129504532835,-0.0409227643875818,1.0,0.4149347604676572
2,high,45,Linear,0.000268394468225098,0.011558505015153037,0.875,0.0399007398971274,28.959499477715557,-2.1724246791213835,2.1724246791213835,1.0,6.810369765176664,1.934432613297429,-0.10840310154343635,1.0,0.3750898824878697
2,high,46,Linear,2.1297521381229605e-05,0.004042474671543957,1.0,0.04288057363544582,31.05453647034462,-0.07738768649231555,0.07738768649231555,1.0,7.666189896967612,2.069164672611666,0.026328957770800798,1.0,0.3888127116882705
2,high,47,Linear,0.00024253076119897066,0.013249170513866088,1.0,0.045746786270953216,30.19184498184549,-0.9400791749914463,0.9400791749914463,1.0,9.044928366197746,1.8512731739158612,-0.19156254092500413,0.0,0.3471146146247246
2,high,48,Linear,9.12239740631485e-06,0.0024173612418800067,1.0,0.04318519597012746,30.452346842308113,-0.6795773145288336,0.6795773145288336,1.0,7.801518293247789,2.0705285189315044,0.02769280409063901,1.0,0.37007338358304254
2,high,49,Linear,0.00025745933321218406,0.011767301696817061,0.875,0.03711402787001943,34.90477614757502,3.772851990738084,3.772851990738084,0.0,7.0697043392342644,2.0586889469488985,0.015853232108033133,1.0,0.35972996388596834
2,high,50,Linear,8.634034776007802e-05,0.007202994886368309,1.0,0.05048962820137059,29.86591507757064,-1.266009079266298,1.266009079266298,1.0,8.046677142849457,2.122151333395751,0.07931561855488578,1.0,0.4791485693523374
2,high,51,Linear,1.2759890817213095e-05,0.0029694634292830153,1.0,0.04935185946740447,31.041104006026877,-0.09082015081006385,0.09082015081006385,1.0,8.417132695643943,2.0238043827115377,-0.019031332129327616,1.0,0.466556419405465
2,high,52,Linear,0.00019984917367553686,0.010785915566366197,1.0,0.04758255672753663,28.798063574020894,-2.333860582816039,2.333860582816039,1.0,7.27474034118563,2.1423378037534944,0.09950208891262902,1.0,0.42734532658803337
2,high,53,Linear,0.00042783082023022746,0.017909597265556354,0.75,0.04537524596029077,29.463412356461486,-1.6685118003754544,1.6685118003754544,1.0,7.127192850134673,2.073692570657603,0.030856855816737472,1.0,0.4596039976807642
2,high,54,Linear,0.0001635836108412305,0.00948891555920868,0.875,0.04284179662837745,33.06756248330346,1.9356383264665191,1.9356383264665191,1.0,8.229019854478942,1.8880871446500005,-0.15474857019086485,1.0,0.3666917174738866
2,high,55,Linear,0.000140930370443801,0.00970163293235614,1.0,0.04780720272127712,29.096314731226762,-2.035609425610178,2.035609425610178,1.0,7.287635115905441,2.1866523617306464,0.14381664688978102,1.0,0.42875943436296216
2,high,56,Linear,2.96366290227185e-05,0.004379237331233174,1.0,0.04118015228845861,31.83216767445502,0.7002435176180752,0.7002435176180752,1.0,7.977311381876747,2.0094851252677874,-0.033350589573077905,1.0,0.37410624338370346
2,high,57,Linear,0.0005580069789914194,0.02062617781945438,0.375,0.044117502892658235,30.37217396248754,-0.7597501943494043,0.7597501943494043,1.0,7.522492531020042,2.1496009400238867,0.10676522518302134,1.0,0.39051562590538436
2,high,58,Linear,8.019509253450418e-05,0.0063789919060431135,1.0,0.04211276253280144,30.451903338050343,-0.6800208187865892,0.6800208187865892,1.0,7.88327694958681,1.921430304581275,-0.12140541025959029,1.0,0.35578676373963236
2,high,59,Linear,0.00011966970372768982,0.008700490436616568,1.0,0.04461918870181585,33.47999482386377,2.348070667026827,2.348070667026827,1.0,6.95755753815036,2.1140217526120617,0.07118603777119636,1.0,0.4397625506271694
2,high,60,Linear,8.746378068828941e-06,0.002356749796344632,1.0,0.040974566422738945,31.889562890467076,0.7576387336301293,0.7576387336301293,1.0,7.097736532335958,2.061150819228318,0.018315104387452763,1.0,0.39868415128454626
2,high,61,Linear,0.0001844118406560091,0.0108142522036999,1.0,0.047039436053635274,29.636112171937874,-1.4958119848990705,1.4958119848990705,1.0,6.957573574354038,2.1968202768708776,0.1539845620300122,1.0,0.42286825411471796
2,high,62,Linear,0.00021999202074793995,0.011708066501961071,1.0,0.050227560482501286,29.35127270917047,-1.780651447666476,1.780651447666476,1.0,7.434629934716735,2.1803472445818812,0.13751152974101588,1.0,0.4375543519598748
2,high,63,Linear,9.352815256961607e-05,0.008295225199217044,1.0,0.03651367846261091,31.56818828726214,0.4362641304251931,0.4362641304251931,1.0,6.3554234299886465,2.2021869930865225,0.1593512782456572,1.0,0.32111184475897847
2,high,64,Linear,9.869186361458509e-05,0.007743569392766374,1.0,0.04440762013885328,28.98327809635163,-2.1486460604853037,2.1486460604853037,1.0,8.013531834257584,1.9530589964432485,-0.0897767183976168,1.0,0.37806792466168826
2,high,65,Linear,3.87501653694178e-05,0.004837740208718862,1.0,0.041556956760851055,29.895682487492493,-1.236241669344446,1.236241669344446,1.0,7.362395050815709,2.0202663563058953,-0.022569358534969997,1.0,0.3609811032967267
2,high,66,Linear,5.2614706539276075e-05,0.005395418178362664,1.0,0.04860957804757637,32.979302999899915,1.8473788430629763,1.8473788430629763,1.0,7.813085984607719,2.006317075470876,-0.03651863936998945,1.0,0.5016347898412348
2,high,67,Linear,1.954051215852279e-05,0.0034770647857952294,1.0,0.0539099752597014,30.467674342067507,-0.6642498147694271,0.6642498147694271,1.0,9.145378418453083,2.0612377449196613,0.018402030078795928,1.0,0.5150104206768613
2,high,68,Linear,0.0002380266116488555,0.013028297157261936,1.0,0.04437742206709369,30.059253782349437,-1.0726703744874977,1.0726703744874977,1.0,8.924351904925945,1.8585247742950015,-0.18431094054586383,0.0,0.35451992390892206
2,high,69,Linear,0.00010127144036787976,0.00852294795769154,1.0,0.04233003882982192,30.13331774837147,-0.9986064084654684,0.9986064084654684,1.0,7.075652306431106,2.065332337767706,0.022496622926840626,1.0,0.3839315796482512
2,high,70,Linear,0.00010704420642673057,0.008874168013197514,1.0,0.05212825117638925,30.17908562118518,-0.9528385356517604,0.9528385356517604,1.0,8.224819840325999,2.061628370440877,0.018792655600011532,1.0,0.5180020950924467
2,high,71,Linear,9.85871330342867e-05,0.007084481107870459,1.0,0.04692367021668393,29.10568705257274,-2.0262371042642,2.0262371042642,1.0,8.147562653461636,2.0366472292584787,-0.006188485582386605,1.0,0.45608777658094435
2,high,72,Linear,0.0003564926414171229,0.01488002311227798,0.75,0.04466792542809261,28.134329958284557,-2.9975941985523797,2.9975941985523797,1.0,8.398144858606996,1.8511138259454616,-0.19172188889540376,0.0,0.3375195891060787
2,high,73,Linear,0.00011100109486763037,0.008478625216131323,1.0,0.048832152989312705,28.002074273169796,-3.1298498836671422,3.1298498836671422,1.0,8.529972481811772,2.037446710984698,-0.005389003856167474,1.0,0.43029057481469457
2,high,74,Linear,0.00012825720649860804,0.008200387085927166,1.0,0.0431838617485894,28.525541116746822,-2.6063830400901167,2.6063830400901167,1.0,7.68114527362885,1.9816757519726285,-0.06115996286823688,1.0,0.33235711102338716
2,high,75,Linear,0.00013600754676948817,0.009705315633022302,1.0,0.040598971359632974,28.139361006519035,-2.992563150317899,2.992563150317899,1.0,6.668712872306625,2.1312265234628662,0.08839080862200088,1.0,0.36905108321767766
2,high,76,Linear,0.00010041407144560715,0.0076268530612426345,1.0,0.040045006123318065,33.021311684816375,1.8893875279794337,1.8893875279794337,1.0,7.742426935006638,2.094063852209036,0.05122813736817067,1.0,0.3643226542387292
2,high,77,Linear,0.0005106484459489648,0.017684473473523973,0.5,0.041584342982575455,26.349639693369205,-4.782284463467737,4.782284463467737,0.0,7.175388015179926,2.1873409127778696,0.14450519793700423,1.0,0.4052491331321695
2,high,78,Linear,4.167555739411878e-05,0.004458368939851701,1.0,0.04226554691408042,32.34333253427231,1.2114083774353641,1.2114083774353641,1.0,7.770699580996765,2.011804166441499,-0.031031548399366393,1.0,0.3762563168979247
2,high,79,Linear,8.187419372015447e-05,0.0059241754880799205,1.0,0.0449265188224548,30.33471415700131,-0.7972099998356286,0.7972099998356286,1.0,8.446929884386531,1.9538174884151385,-0.08901822642572688,1.0,0.3977330270625321
2,high,80,Linear,0.00016446352826366513,0.011143596864754841,1.0,0.041290525991540226,30.38484004390842,-0.7470841129285207,0.7470841129285207,1.0,7.205142912465761,2.0223111845656945,-0.02052453027517087,1.0,0.3696233032266363
2,high,81,Linear,7.778803323957664e-05,0.007040459357896242,1.0,0.041865205864595724,30.533368861193384,-0.5985552956435493,0.5985552956435493,1.0,8.424538052148728,1.9806539342604694,-0.06218178058039592,1.0,0.34663905126668215
2,high,82,Linear,6.956379072217036e-06,0.0019211114164597333,1.0,0.055435776557217396,30.398113854056188,-0.7338103027807469,0.7338103027807469,1.0,9.014577086144687,2.045748318687306,0.0029126038464406534,1.0,0.5187505652409738
2,high,83,Linear,5.19177583846103e-05,0.004698551041190315,1.0,0.05088656583838245,30.71821783468889,-0.41370632214805075,0.41370632214805075,1.0,7.447934815721741,2.1506593836381414,0.107823668797276,1.0,0.4511747257071037
2,high,84,Linear,7.690495898272425e-05,0.006908544854586011,1.0,0.04382916094043058,28.608117612217804,-2.523806544619133,2.523806544619133,1.0,7.2934017407070435,2.058234558970645,0.015398844129779654,1.0,0.4116453481412783
2,high,85,Linear,0.0002697171050239234,0.013845138528316368,1.0,0.04808903656935889,32.74490896648452,1.6129848096475916,1.6129848096475916,1.0,7.910673378462073,2.050904532854567,0.00806881801370185,1.0,0.4424486546138051
2,high,86,Linear,0.00017014129116642513,0.010312826753009098,1.0,0.04324640646029589,33.55625554256318,2.424331385726237,2.424331385726237,1.0,6.890701338959667,2.165722077650832,0.12288636280996679,1.0,0.4128895184664447
2,high,87,Linear,2.8188865429272298e-05,0.004425467945610724,1.0,0.048962615316967585,31.70592699435505,0.5740028375181113,0.5740028375181113,1.0,8.927562382381943,1.9726176778162423,-0.07021803702462304,1.0,0.43554916600295024
2,high,88,Linear,0.00016784489935194104,0.010565672269140791,1.0,0.04143913690265682,33.44473856470837,2.312814407871435,2.312814407871435,1.0,9.049338533212802,1.8796232885886601,-0.16321242625220522,1.0,0.330915886036957
2,high,89,Linear,0.0002217372441082489,0.011360548456162531,1.0,0.04416576622329279,26.83709899313544,-4.294825163701503,4.294825163701503,0.0,7.255264724699641,2.042746824090881,-8.889074998430502e-05,1.0,0.42443328036433425
2,high,90,Linear,0.00017209549773475203,0.010262655438192131,1.0,0.044835550081189,29.416473938688316,-1.7154502181486158,1.7154502181486158,1.0,8.56898273750951,1.9220644349244875,-0.12077127991637782,1.0,0.37115041342165944
2,high,91,Linear,8.605889340425744e-05,0.007349042110678747,1.0,0.03893410993583012,33.184751589974624,2.0528274331376895,2.0528274331376895,1.0,7.221811773109421,2.0949712844146173,0.05213556957375198,1.0,0.3694321001671943
2,high,92,Linear,0.0002608150426605885,0.014168608456431418,1.0,0.04969561218548304,31.687738851991956,0.5558146951550114,0.5558146951550114,1.0,7.353355838941407,2.1100944818781144,0.06725876703724909,1.0,0.43852415244319776
2,high,93,Linear,8.059671560338787e-05,0.0071074344223421735,1.0,0.043689208360869015,32.95453936178493,1.8226152049479951,1.8226152049479951,1.0,7.008787276595338,2.1095791700672826,0.06674345522641723,1.0,0.4247835304367682
2,high,94,Linear,8.279875376141486e-05,0.007083433402858115,1.0,0.04252155587555955,32.86758979464951,1.7356656378125737,1.7356656378125737,1.0,8.935767801921472,1.934793042654793,-0.10804267218607233,1.0,0.3707116231038132
2,high,95,Linear,7.694328827463917e-05,0.0072844402628707535,1.0,0.0391293806997933,32.011531980686875,0.879607823849939,0.879607823849939,1.0,6.542793828359511,2.0285593371573696,-0.014276377683495767,1.0,0.36018873820834907
2,high,96,Linear,0.00020074137578689967,0.012234862587160973,1.0,0.04799558217082953,31.965305021510346,0.8333808646734127,0.8333808646734127,1.0,8.028160437165784,2.0190921179579133,-0.023743596882952023,1.0,0.43131956702277563
2,high,97,Linear,2.6507056927997844e-05,0.003843833759539681,1.0,0.04841638232852153,29.671291954623076,-1.4606322022138563,1.4606322022138563,1.0,8.230410034757424,2.020220912152961,-0.0226148026879045,1.0,0.43767904803915836
2,high,98,Linear,4.6397816999633856e-05,0.005452926988363524,1.0,0.03921857577180166,32.61100625904622,1.4790821022092806,1.4790821022092806,1.0,7.4280414626293885,2.094513325175652,0.05167761033478646,1.0,0.3770525379741325
2,high,99,Linear,8.633162626195538e-05,0.0077695153124225135,1.0,0.03464126834794878,31.828628735143116,0.6967045783061767,0.6967045783061767,1.0,6.104689210601788,2.202872048439038,0.1600363335981725,1.0,0.31376144177831167
2,high,0,"Positive(s,w_a)",1.815050023332111e-05,0.0034885171432820286,1.0,0.043226405673269165,30.025587492768587,-1.1063366640683532,1.1063366640683532,1.0,8.77262131965502,2.0754171221127464,0.03258140727188108,1.0,0.39212741476109203
2,high,1,"Positive(s,w_a)",0.00013565277577092788,0.009216444809537863,1.0,0.039213643849729855,28.3670664205747,-2.76485773626224,2.76485773626224,1.0,7.085012006266711,1.928737031533081,-0.11409868330778439,1.0,0.3525249086294524
2,high,2,"Positive(s,w_a)",0.00016329180892038736,0.010376707135970033,1.0,0.04176993805088125,32.38070335051942,1.248779193682478,1.248779193682478,1.0,7.020227754837877,2.119174593767612,0.07633887892674673,1.0,0.3976874342964971
2,high,3,"Positive(s,w_a)",3.749831830258241e-05,0.004475094231250527,1.0,0.038309234926542875,30.103019572559074,-1.0289045842778735,1.0289045842778735,1.0,6.891292307058016,2.0355805070139867,-0.007255207826878607,1.0,0.3495016999125111
2,high,4,"Positive(s,w_a)",6.026475370451035e-05,0.006067200634495329,1.0,0.04137699915536152,29.749211009076443,-1.3827131477604975,1.3827131477604975,1.0,6.575876132181762,2.1532365778277276,0.11040086298686225,1.0,0.4169593748348446
2,high,5,"Positive(s,w_a)",0.0002117926923258372,0.012050047807020112,1.0,0.03768263142538717,29.418971346600213,-1.7129528102367266,1.7129528102367266,1.0,6.465182032187983,2.0451659856674316,0.0023302708265662275,1.0,0.3825186022250733
2,high,6,"Positive(s,w_a)",0.00011189826799620089,0.008519742240706549,1.0,0.04109090123835476,32.3532467679892,1.2213226111522575,1.2213226111522575,1.0,8.620850805939108,1.9458889527563916,-0.09694676208447373,1.0,0.3926519755953375
2,high,7,"Positive(s,w_a)",0.00019537499101986998,0.01079186378229906,1.0,0.04254373536720737,28.334356366395244,-2.7975677904416925,2.7975677904416925,1.0,8.160901801701037,2.1263727984495793,0.08353708360871392,1.0,0.41981375009031274
2,high,8,"Positive(s,w_a)",0.0001386173383939168,0.0102421047130363,1.0,0.04338931289006966,31.163240562056405,0.03131640521947068,0.03131640521947068,1.0,6.631014251451237,2.1102278453959293,0.06739213055506399,1.0,0.46091166536347816
2,high,9,"Positive(s,w_a)",4.5156526329295305e-06,0.0017390593296136801,1.0,0.041735525620819953,31.17323841808326,0.041314261246311164,0.041314261246311164,1.0,7.348703638666111,2.0646107189405427,0.021775004099677364,1.0,0.4026846534944175
2,high,10,"Positive(s,w_a)",8.829916152842906e-06,0.0023578005685465525,1.0,0.04177907844827547,31.572140014315814,0.44021585747887376,0.44021585747887376,1.0,7.831388171306607,2.0079069078222367,-0.03492880701862866,1.0,0.38808809643819897
2,high,11,"Positive(s,w_a)",0.00019499176512288645,0.012122431556320404,1.0,0.04215716484604565,32.124296738443824,0.9923725816068822,0.9923725816068822,1.0,7.3238762497303584,2.0803598890377444,0.037524174196879034,1.0,0.4078735370559763
2,high,12,"Positive(s,w_a)",0.00019076032435136973,0.010770850429492801,0.875,0.038201896203881806,34.331916044105405,3.199991887268469,3.199991887268469,1.0,7.287237563982271,2.097098048968068,0.05426233412720283,1.0,0.35622345491079654
2,high,13,"Positive(s,w_a)",4.939245039905588e-05,0.005625048336974169,1.0,0.04038737911318261,32.63274670084782,1.5008225440108782,1.5008225440108782,1.0,7.771405836742478,2.1067066281893996,0.06387091334853423,1.0,0.38534591624339654
2,high,14,"Positive(s,w_a)",3.501827026685842e-05,0.004829481353658588,1.0,0.038913807927026846,31.276215047853526,0.14429089101658826,0.14429089101658826,1.0,7.50908706416451,1.9527063162740972,-0.09012939856676816,1.0,0.3311626102440157
2,high,15,"Positive(s,w_a)",0.0001358411766569558,0.009042902121911946,1.0,0.05071605291543795,34.07068456142588,2.938760404588937,2.938760404588937,1.0,6.635337824339333,2.0757767495931976,0.03294103475233223,1.0,0.472107980925047
2,high,16,"Positive(s,w_a)",4.594148351164625e-05,0.0050731798697355055,1.0,0.04147448093512746,32.910599090505045,1.7786749336681007,1.7786749336681007,1.0,8.369964487835308,1.9997553870708769,-0.04308032776998849,1.0,0.38598454610143285
2,high,17,"Positive(s,w_a)",3.355359498123085e-05,0.00446945249413534,1.0,0.047683035275226736,31.908414100486787,0.7764899436498494,0.7764899436498494,1.0,6.879586278302391,2.1236768241782062,0.0808411093373409,1.0,0.4363504727576204
2,high,18,"Positive(s,w_a)",3.407903983504864e-05,0.00467213574492627,1.0,0.04407743927828437,29.9174564093262,-1.2144677475107344,1.2144677475107344,1.0,8.92481037784105,2.0919165895008396,0.04908087465997424,1.0,0.38165283061416
2,high,19,"Positive(s,w_a)",3.874713001408198e-05,0.0049168154621532555,1.0,0.058503249822327553,30.87915985009839,-0.25276430673854333,0.25276430673854333,1.0,6.932309362903107,2.1607103623610797,0.11787464752021437,1.0,0.48141105245980675
2,high,20,"Positive(s,w_a)",2.525474726485754e-05,0.003921548580473414,1.0,0.03687259457675976,30.296671751585162,-0.8352524052517772,0.8352524052517772,1.0,6.324064660683974,2.08658800728516,0.04375229244429457,1.0,0.3509097383893309
2,high,21,"Positive(s,w_a)",1.4935863870206882e-05,0.00263510196550563,1.0,0.03631285112553365,31.097742791752566,-0.03418136508437466,0.03418136508437466,1.0,6.349769546101499,2.0085808760415857,-0.0342548387992796,1.0,0.33253412408739846
2,high,22,"Positive(s,w_a)",0.00014624997983040427,0.010282112459510965,1.0,0.03953042728758524,31.29085955818556,0.15893540134862574,0.15893540134862574,1.0,7.133649548804357,1.9678344106649943,-0.07500130417587103,1.0,0.3810600577022214
2,high,23,"Positive(s,w_a)",2.348957792179188e-05,0.004047778081301037,1.0,0.03843532686334751,30.686211469300147,-0.445712687536792,0.445712687536792,1.0,7.337227387900373,1.973597861330299,-0.06923785351056644,1.0,0.33790260325961174
2,high,24,"Positive(s,w_a)",1.6492986751696927e-05,0.0032662703519938546,1.0,0.036987864494280466,30.63151153924138,-0.5004126175955612,0.5004126175955612,1.0,6.362356915552442,2.1121052105729237,0.06926949573205832,1.0,0.3573536115092917
2,high,25,"Positive(s,w_a)",8.100946898561034e-05,0.006624528540188503,1.0,0.049740803790437584,33.19792308762576,2.06599893078882,2.06599893078882,1.0,7.59588714898054,2.0584908428660325,0.01565512802516711,1.0,0.4896446491815776
2,high,26,"Positive(s,w_a)",4.0000441719795666e-05,0.004681188071064393,1.0,0.03859227991601682,30.9793387317144,-0.15258542512253984,0.15258542512253984,1.0,7.558018779186817,1.948202903011297,-0.09463281182956829,1.0,0.3263152171999588
2,high,27,"Positive(s,w_a)",4.4089814836220095e-05,0.005009665097825825,1.0,0.03813642098246032,30.157218301494687,-0.974705855342252,0.974705855342252,1.0,6.942811211972976,2.0778876287615393,0.03505191392067397,1.0,0.3538289068930385
2,high,28,"Positive(s,w_a)",8.077272233194287e-05,0.007785458292450508,1.0,0.04578108151164148,30.398438036761632,-0.733486120075301,0.733486120075301,1.0,9.608578748108734,2.0158567798469327,-0.02697893499393267,1.0,0.4557939819692636
2,high,29,"Positive(s,w_a)",9.85467102859764e-05,0.007612157971055959,1.0,0.03746962406256916,29.49575317276817,-1.636170984068779,1.636170984068779,1.0,6.887773487145051,2.0159668028253805,-0.026868912015484803,1.0,0.3301928969513459
2,high,30,"Positive(s,w_a)",1.7156353714650126e-05,0.0034494831288686806,1.0,0.04112320625696673,32.241835724684776,1.109911567847835,1.109911567847835,1.0,7.777485816760505,2.028393218129301,-0.014442496711564168,1.0,0.40221638118550507
2,high,31,"Positive(s,w_a)",0.00013631743932362222,0.009039933929429643,1.0,0.03962642740119117,32.900853807765145,1.7689296509282053,1.7689296509282053,1.0,7.56179696791918,2.167691147189087,0.12485543234822183,1.0,0.3676367782262764
2,high,32,"Positive(s,w_a)",6.797739092646007e-05,0.006597925169967993,1.0,0.03909056794212272,32.08419799881686,0.9522738419799178,0.9522738419799178,1.0,6.721775150152532,2.087587768794033,0.044752053953167614,1.0,0.3788734555551545
2,high,33,"Positive(s,w_a)",7.836070176417498e-05,0.006971570755084959,1.0,0.03750569703627624,30.820509662685964,-0.311414494150974,0.311414494150974,1.0,6.571716720953738,2.156443821483363,0.11360810664249765,1.0,0.36407190054498195
2,high,34,"Positive(s,w_a)",6.749900588892247e-05,0.006179082376450672,1.0,0.04179989553914939,29.157831092408433,-1.974093064428502,1.974093064428502,1.0,8.80151728093048,2.04995179731337,0.007116082472504726,1.0,0.38462420359090155
2,high,35,"Positive(s,w_a)",9.568079600225106e-05,0.008102865863482881,1.0,0.0405277168506759,28.689867313450666,-2.4420568433862737,2.4420568433862737,1.0,7.668412121008849,2.1249339102799523,0.08209819543908692,1.0,0.40393168087461295
2,high,36,"Positive(s,w_a)",0.00012476870256720692,0.008832654360747488,1.0,0.039297998683388576,29.987940047647893,-1.1439841091890481,1.1439841091890481,1.0,7.512861020559191,2.18523710502886,0.1424013901879948,1.0,0.37929498498712366
2,high,37,"Positive(s,w_a)",0.00014333172141332007,0.009358750680186276,1.0,0.03768599662067101,31.769828609539662,0.6379044527027169,0.6379044527027169,1.0,6.660906615148284,1.9648480167814917,-0.07798769805937367,1.0,0.35886896108578314
2,high,38,"Positive(s,w_a)",2.806798189880768e-06,0.0012945016233069026,1.0,0.04376004928381911,30.890512398453684,-0.2414117583832563,0.2414117583832563,1.0,9.212818747662764,2.0763498882085596,0.033514173367694244,1.0,0.4067131908945125
2,high,39,"Positive(s,w_a)",0.00020784605997586607,0.011560481250338336,1.0,0.04602570223072958,30.021359864932883,-1.1105642919040553,1.1105642919040553,1.0,9.727886765545836,1.944399973369727,-0.09843574147113832,1.0,0.43407960217704455
2,high,40,"Positive(s,w_a)",3.7670632918611804e-05,0.004853728512381528,1.0,0.03770756020005973,29.73175498911761,-1.4001691677193209,1.4001691677193209,1.0,6.963383631209893,1.982105109111696,-0.06073060572916944,1.0,0.33778403201812957
2,high,41,"Positive(s,w_a)",0.00012214347461222803,0.009600107135955167,1.0,0.0376537151704047,30.98847744010862,-0.14344671672831988,0.14344671672831988,1.0,6.712483149683933,2.009671833512842,-0.0331638813280235,1.0,0.37484975084303707
2,high,42,"Positive(s,w_a)",1.9001379528980705e-05,0.003924444548376147,1.0,0.04431428263565762,31.139322782334144,0.007398625497212379,0.007398625497212379,1.0,9.624864943776657,2.0348516702434303,-0.00798404459743507,1.0,0.4247670066554301
2,high,43,"Positive(s,w_a)",0.00010667349361309659,0.007862484451295273,1.0,0.04361476978457699,29.208161034340158,-1.9237631224967753,1.9237631224967753,1.0,9.44721172804615,2.014812551198838,-0.02802316364202717,1.0,0.39352325759382567
2,high,44,"Positive(s,w_a)",3.265040668414047e-05,0.004295711588425992,1.0,0.042286819095858186,32.45795537982215,1.326031222985215,1.326031222985215,1.0,8.057959015394998,1.9910517416679825,-0.05178397317288286,1.0,0.39228188237422734
2,high,45,"Positive(s,w_a)",0.00019147395103083378,0.01044902334796375,0.875,0.03740377023014931,29.400549469524115,-1.7313746873128233,1.7313746873128233,1.0,6.923402841767111,1.9730508696034064,-0.06978484523745898,1.0,0.3331774397312173
2,high,46,"Positive(s,w_a)",1.7908051082422565e-06,0.0010860279621522455,1.0,0.039084571407503654,31.307908544405738,0.175984387568793,0.175984387568793,1.0,7.262419667088942,2.069545400675452,0.02670968583458677,1.0,0.3572724115958934
2,high,47,"Positive(s,w_a)",0.00022059285985839166,0.012795498825893531,0.75,0.03850171748333751,30.384960918658233,-0.7469632381787056,0.7469632381787056,1.0,7.349673880479262,1.845570999021205,-0.19726471581966032,0.0,0.3212084720443271
2,high,48,"Positive(s,w_a)",1.204956073830816e-05,0.0025355103624435846,1.0,0.04201784903499297,30.4764740475356,-0.6554501093013475,0.6554501093013475,1.0,8.402269904395363,2.0910222748038443,0.048186559962978937,1.0,0.3990982475168654
2,high,49,"Positive(s,w_a)",0.000291733213131338,0.012713203015391979,0.75,0.038332722195894224,34.86920910679447,3.737284949957533,3.737284949957533,1.0,7.15231319432808,2.0801411856220113,0.03730547078114599,1.0,0.3739195117834564
2,high,50,"Positive(s,w_a)",3.351680672891508e-05,0.004566915737461518,1.0,0.04027572872055545,30.267817088043383,-0.8641070687935559,0.8641070687935559,1.0,6.865547983209219,2.1241572173789747,0.08132150253810932,1.0,0.43595459274495285
2,high,51,"Positive(s,w_a)",4.64790168065787e-06,0.0017150387775792368,1.0,0.04410031024208971,31.27443720097604,0.14251304413910612,0.14251304413910612,1.0,7.791334991997684,2.0171398613184466,-0.025695853522418766,1.0,0.43093570667348935
2,high,52,"Positive(s,w_a)",0.00018645066367228077,0.010194225069642739,1.0,0.042576695312098324,29.112194371252308,-2.019729785584639,2.019729785584639,1.0,7.672194201177984,2.1244294234837144,0.0815937086428491,1.0,0.39687888328376975
2,high,53,"Positive(s,w_a)",0.00022436913919150043,0.01338046239543395,1.0,0.04105695964755173,31.1883710333927,0.05644687655575767,0.05644687655575767,1.0,7.2234121215934435,2.088169456556264,0.04533374171539872,1.0,0.4768591232684576
2,high,54,"Positive(s,w_a)",0.00016175576484517512,0.009459511284566418,0.875,0.03960695629250157,33.31020191552391,2.178277758686967,2.178277758686967,1.0,7.517390647621714,1.89758219690146,-0.14525351793940544,1.0,0.35462704675541046
2,high,55,"Positive(s,w_a)",0.00011119594590535232,0.008534848036265238,1.0,0.04951274156701476,29.400074913131927,-1.731849243705018,1.731849243705018,1.0,7.278585173599705,2.1774127509754635,0.13457703613459815,1.0,0.4307042954906639
2,high,56,"Positive(s,w_a)",9.850285074765155e-05,0.00805315055854785,1.0,0.04174652294865424,31.765929220234383,0.634005063397445,0.634005063397445,1.0,8.592939239178492,1.963304801341066,-0.07953091349979924,1.0,0.38595475983133865
2,high,57,"Positive(s,w_a)",0.0004140301698486401,0.01733847426979235,0.375,0.03713736390385718,30.394880027732604,-0.7370441291043336,0.7370441291043336,1.0,6.581663777891449,2.1669666700431436,0.12413095520227824,1.0,0.3557111898573704
2,high,58,"Positive(s,w_a)",0.00011352259756901832,0.007915669448041944,1.0,0.03764750598429804,30.713974620208862,-0.4179495366280776,0.4179495366280776,1.0,7.348339161378642,1.8834368478996075,-0.15939886694125782,1.0,0.31129085428874115
2,high,59,"Positive(s,w_a)",2.070716889124789e-05,0.003432616786868669,1.0,0.045863868388894724,32.31917313983377,1.1872489829968333,1.1872489829968333,1.0,7.547192402422494,2.0385377299022793,-0.004297984938586019,1.0,0.46149007176781476
2,high,60,"Positive(s,w_a)",2.7565438572085903e-05,0.004055907349181771,1.0,0.038549547416809715,32.42702134469006,1.2950971878531243,1.2950971878531243,1.0,6.942633708038429,2.0587615605501255,0.015925845709260145,1.0,0.3870669405049527
2,high,61,"Positive(s,w_a)",1.2944035876423497e-05,0.002605231850316414,1.0,0.04429181569702958,30.740361841610003,-0.3915623152269316,0.3915623152269316,1.0,6.871131805823794,2.104573812767923,0.061738097927057645,1.0,0.46077463743197855
2,high,62,"Positive(s,w_a)",0.0003191338729189454,0.013989690997191015,0.75,0.04582320465392342,29.272451238843864,-1.8594729179930758,1.8594729179930758,1.0,8.478846685515233,2.1802829820384124,0.13744726719754707,1.0,0.3973420607017075
2,high,63,"Positive(s,w_a)",7.469636466506823e-05,0.006645837168877515,1.0,0.04690602796668384,31.428830960315864,0.29690680347892356,0.29690680347892356,1.0,9.359561743947303,2.1508141943073977,0.10797847946653238,1.0,0.38795555633936174
2,high,64,"Positive(s,w_a)",7.06769270835023e-05,0.006675620009626448,1.0,0.043544301070317204,28.93940915238576,-2.1925150044511854,2.1925150044511854,1.0,8.920786528673078,1.9958314671247515,-0.04700424771611389,1.0,0.3917681222669471
2,high,65,"Positive(s,w_a)",2.913091064712851e-05,0.004202559915509142,1.0,0.0377878059716627,29.87051654073307,-1.2614076161038623,1.2614076161038623,1.0,6.75802843570774,2.03713178007791,-0.005703934762955498,1.0,0.34652557357669633
2,high,66,"Positive(s,w_a)",5.517868553464255e-05,0.0055117812444586455,1.0,0.04439378029495659,32.764557009024934,1.6326328521880002,1.6326328521880002,1.0,8.262907846965753,1.9770768137148675,-0.0657589011259978,1.0,0.4622976889891093
2,high,67,"Positive(s,w_a)",6.973197338822877e-06,0.0020913871431610226,1.0,0.040295750928062306,30.391581782241403,-0.7403423745955358,0.7403423745955358,1.0,6.872951851219949,2.0565148520709053,0.013679137230039995,1.0,0.41787331335737354
2,high,68,"Positive(s,w_a)",0.00013837499014888535,0.009944257495036836,1.0,0.040332085057744126,30.85198738682395,-0.2799367700129848,0.2799367700129848,1.0,8.106422069386184,1.898508097640287,-0.1443276172005783,1.0,0.3401395943636345
2,high,69,"Positive(s,w_a)",3.304527577946969e-05,0.0048528191504608855,1.0,0.03792101251040306,30.560117842559176,-0.5718063142777644,0.5718063142777644,1.0,6.914310963812138,2.0466158135357517,0.00378009869488638,1.0,0.3482401983906489
2,high,70,"Positive(s,w_a)",2.330109480151191e-05,0.003194913641290672,1.0,0.04712002592770783,31.02571462208597,-0.10620953475097446,0.10620953475097446,1.0,8.379385548656073,2.0004871794541903,-0.042348535386675046,1.0,0.5085200941150902
2,high,71,"Positive(s,w_a)",9.445868047486883e-05,0.007030050031564092,1.0,0.04027442918960708,29.30419957664696,-1.8277245801899873,1.8277245801899873,1.0,7.036069198544416,2.038672637173649,-0.004163077667216353,1.0,0.4005658422162688
2,high,72,"Positive(s,w_a)",0.00018312993587934332,0.010691820441838187,1.0,0.03995748094662641,29.08385549438253,-2.048068662454409,2.048068662454409,1.0,7.637386041906201,1.9006376723886256,-0.14219804245223977,1.0,0.3323246101804076
2,high,73,"Positive(s,w_a)",0.00013744338503357155,0.00953366487106421,1.0,0.041183485335455954,27.62550857806512,-3.5064155787718283,3.5064155787718283,1.0,7.89051101007141,2.0425249222682487,-0.0003107925726166805,1.0,0.37754187221142055
2,high,74,"Positive(s,w_a)",9.838120155306286e-05,0.007278455614740165,1.0,0.036394863184765563,28.796956265506907,-2.3349678913300345,2.3349678913300345,1.0,6.21916988469887,1.9837313357363084,-0.0591043791045569,1.0,0.3356109125587101
2,high,75,"Positive(s,w_a)",8.546021595553823e-05,0.0076258561128430685,1.0,0.03580507234959193,28.677523485044812,-2.454400671792123,2.454400671792123,1.0,6.2369910783722995,2.11492415358976,0.07208843874889448,1.0,0.3442878690120763
2,high,76,"Positive(s,w_a)",0.0001366518680656534,0.008367334136433839,1.0,0.041439895873829326,33.85104382393931,2.7191196671023743,2.7191196671023743,1.0,8.302039989090153,2.041473615591197,-0.001362099249668347,1.0,0.40668382743072806
2,high,77,"Positive(s,w_a)",0.00042951553666600487,0.016955036853286157,0.625,0.03565573234521905,27.118229210895414,-4.013694945941522,4.013694945941522,0.0,6.063165116103108,2.2343626943214097,0.1915269794805443,1.0,0.39425749963366874
2,high,78,"Positive(s,w_a)",3.445692171333369e-05,0.004219074061594635,1.0,0.037628933506792334,32.58603263307623,1.4541084762392822,1.4541084762392822,1.0,7.114924856854045,1.9996406244497018,-0.04319509039116354,1.0,0.3400576768982795
2,high,79,"Positive(s,w_a)",6.4007998888043e-05,0.005285780462543584,1.0,0.04026643375491664,30.19602462522409,-0.935899531612856,0.935899531612856,1.0,7.756056273239965,1.971173033567694,-0.07166268127317132,1.0,0.34383378216623206
2,high,80,"Positive(s,w_a)",0.00020425579496285385,0.012752460121028306,1.0,0.037029318022420175,31.28076400912251,0.148839852285572,0.148839852285572,1.0,6.6852056892570255,2.0320636919068353,-0.010772022934030012,1.0,0.33847763858029634
2,high,81,"Positive(s,w_a)",0.0001840633003683031,0.010971504809693368,1.0,0.047325725331085595,30.139484869272682,-0.9924392875642561,0.9924392875642561,1.0,10.367578698795056,1.9527201170383472,-0.0901155978025181,1.0,0.4533604483837619
2,high,82,"Positive(s,w_a)",1.9459873880349107e-05,0.0038230299897689854,1.0,0.042614993276418274,30.71137951075974,-0.42054464607720465,0.42054464607720465,1.0,7.069449661989399,2.0344815442779174,-0.00835417056294796,1.0,0.45142534848078064
2,high,83,"Positive(s,w_a)",6.934213480465606e-05,0.006912724876962882,1.0,0.05916017240262128,31.19048858282477,0.058564425987838134,0.058564425987838134,1.0,7.491106183283375,2.1778865026080356,0.13505078776717028,1.0,0.4709675080748845
2,high,84,"Positive(s,w_a)",9.067612220546638e-05,0.007541353625271224,1.0,0.04226475815123334,28.79692937328696,-2.334994783549985,2.334994783549985,1.0,7.871227047205241,2.096280424738212,0.05344470989734651,1.0,0.401116168998336
2,high,85,"Positive(s,w_a)",0.00024723287940945266,0.013619999361014498,1.0,0.042522950075958986,32.153885428468236,1.0219612716312967,1.0219612716312967,1.0,7.72449416385403,2.0249120510834784,-0.017923663757386965,1.0,0.43093941318780926
2,high,86,"Positive(s,w_a)",3.827951419627605e-05,0.004813803982665087,1.0,0.05075501827383625,32.65255471616845,1.5206305593315113,1.5206305593315113,1.0,7.496313181217051,2.0713529929242336,0.028517278083368236,1.0,0.5012640799956751
2,high,87,"Positive(s,w_a)",5.071666166422983e-05,0.005700561511666706,1.0,0.04003066258331239,30.387277434813516,-0.7446467220234221,0.7446467220234221,1.0,7.178359970758874,1.9696201449718498,-0.07321556986901556,1.0,0.3653964282861919
2,high,88,"Positive(s,w_a)",0.00018342019275284244,0.010995098297032428,1.0,0.04352201778500588,33.6346025225715,2.5026783657345537,2.5026783657345537,1.0,10.066373258150547,1.8763660871660537,-0.16646962767481166,1.0,0.3840699686492566
2,high,89,"Positive(s,w_a)",0.00022158162584249249,0.011681079400796266,0.875,0.04221326288431023,27.406961985977368,-3.7249621708595755,3.7249621708595755,0.0,8.03553182948203,2.109001759368347,0.06616604452748165,1.0,0.42420516481707127
2,high,90,"Positive(s,w_a)",0.00018037926129493498,0.01041041764495399,1.0,0.03932536853482288,28.938716402508728,-2.1932077543282102,2.1932077543282102,1.0,7.61372081719845,1.9252297375633731,-0.11760597727749222,1.0,0.3297277341577556
2,high,91,"Positive(s,w_a)",6.016838334248066e-05,0.005729038106935462,1.0,0.044057601887371345,32.943732334133266,1.8118081772963195,1.8118081772963195,1.0,8.192256273299346,2.0547595931508744,0.011923878310009073,1.0,0.4101741759342943
2,high,92,"Positive(s,w_a)",0.00011672605187118541,0.009237884703855717,1.0,0.042867151667057145,32.02786568846263,0.8959415316256958,0.8959415316256958,1.0,6.716956655185185,2.0786838300877304,0.03584811524686504,1.0,0.4543836672776451
2,high,93,"Positive(s,w_a)",6.122228284940808e-05,0.005817596001858899,1.0,0.043858232422695174,32.68486267727635,1.5529385204394108,1.5529385204394108,1.0,7.4587378530091915,2.0700819909228043,0.02724627608193897,1.0,0.43031518901620514
2,high,94,"Positive(s,w_a)",8.210832201440957e-05,0.006959173136730734,1.0,0.042417128502296834,33.04458664743389,1.9126624905969465,1.9126624905969465,1.0,8.746828819196256,1.9424690962897817,-0.10036661855108364,1.0,0.3980091918775204
2,high,95,"Positive(s,w_a)",0.0001426099306931211,0.010652964237286013,1.0,0.03525364214108583,31.506786072018237,0.3748619151812893,0.3748619151812893,1.0,6.130250750720772,2.071553599299721,0.028717884458855814,1.0,0.3406864269707315
2,high,96,"Positive(s,w_a)",0.0001559649685500614,0.010948562519377062,1.0,0.039972383927279344,30.9896150546786,-0.14230910215833423,0.14230910215833423,1.0,7.144367829717607,2.013019487544454,-0.029816227296411313,1.0,0.39222897284022507
2,high,97,"Positive(s,w_a)",2.8360520512909707e-05,0.0036358417689700065,1.0,0.040287597559374846,30.20607317230413,-0.9258509845328095,0.9258509845328095,1.0,7.010621873940094,2.0019331694576854,-0.040902545383179945,1.0,0.395051254541954
2,high,98,"Positive(s,w_a)",9.517012642786415e-05,0.007761401265891099,1.0,0.03896538985725804,33.109691232238724,1.9777670754017829,1.9777670754017829,1.0,7.223774127207878,2.1208293296170426,0.07799361477617728,1.0,0.3830751412728235
2,high,99,"Positive(s,w_a)",5.2717807159968106e-05,0.005717764647171619,1.0,0.04927354650691567,31.32422658741176,0.19230243057482285,0.19230243057482285,1.0,8.805640638470155,2.140264119223876,0.09742840438301048,1.0,0.3929855079835305
