test_index,method,truth,estimate,sd,q05,q95,covers90,width90
0,rough pilot-only NPE,"[234.0640775763408,-10.052372427314284,130.1041446427431]","[257.50992951613085,-10.292473778628395,127.47098520966988]","[32.19087041337966,15.654609504039868,10.46987630479116]","[215.61252928660653,-30.724582558607544,114.5416957113745]","[320.605764226365,21.44300843329288,146.32735364611412]","[true,true,true]","[104.99323493975848,52.167590991900425,31.785657934739618]"
1,rough pilot-only NPE,"[234.0640775763408,-10.052372427314284,130.1041446427431]","[221.46048924137511,-0.02355588821077766,153.56044714255654]","[12.327204855145327,16.241349643072596,18.460302117758374]","[205.6168456610412,-26.15712745182845,125.0242435237084]","[244.2513287648431,27.559529717924107,185.79626125037208]","[true,true,true]","[38.6344831038019,53.71665716975256,60.77201772666368]"
2,rough pilot-only NPE,"[234.0640775763408,-10.052372427314284,130.1041446427431]","[232.28941393803206,0.7238533866082515,138.08426588111595]","[20.233396606333,16.76210283297407,14.790188813739965]","[207.19621517918003,-24.886374856656275,117.46822353550127]","[266.79298037576916,31.44835703808772,164.843209698736]","[true,true,true]","[59.59676519658913,56.334731894743996,47.37498616323472]"
3,rough pilot-only NPE,"[234.0640775763408,-10.052372427314284,130.1041446427431]","[249.7774898134684,-16.780077733892494,142.76000668107008]","[30.992578241765933,13.571246523903799,17.158975353239757]","[210.4839245897519,-34.786641579740596,118.95102870232111]","[309.21886247877103,8.676979783267448,174.22492149684015]","[true,true,true]","[98.73493788901914,43.463621363008045,55.27389279451904]"
4,rough pilot-only NPE,"[234.0640775763408,-10.052372427314284,130.1041446427431]","[274.2313481824838,-14.010908763259627,138.6151145685561]","[40.57913142989756,15.91501002635921,15.92172191689144]","[221.60550686235928,-35.04445550684987,117.72528392826713]","[353.44716335671365,16.201892923519626,168.56039199327387]","[true,true,true]","[131.84165649435437,51.246348430369494,50.835108065006736]"
5,rough pilot-only NPE,"[234.0640775763408,-10.052372427314284,130.1041446427431]","[253.68314552853502,-15.261429255846053,137.2264368532325]","[33.42822744528817,14.464499668823315,15.126507889316605]","[211.90487631534825,-33.784101658008524,117.20786403733476]","[317.26633538270147,13.028675821281201,166.1360159370672]","[true,true,true]","[105.36145906735322,46.81277747928972,48.928151899732455]"
6,rough pilot-only NPE,"[234.0640775763408,-10.052372427314284,130.1041446427431]","[276.764892697798,-8.14443927642547,126.88253079164275]","[38.57483434171511,17.0592548188343,10.52752152113523]","[224.3073816980305,-30.813317607546118,114.45574387105145]","[349.72105044974376,25.70541160910436,145.70735327232362]","[true,true,true]","[125.41366875171326,56.51872921665048,31.251609401272162]"
7,rough pilot-only NPE,"[234.0640775763408,-10.052372427314284,130.1041446427431]","[228.02361733185597,-2.365271906765769,150.40005432088006]","[17.013753958121775,16.786883097356856,18.305621947007563]","[206.51316973527582,-27.976639277279023,123.4127436384409]","[256.8451624471576,26.83602835949255,182.54852319794293]","[true,true,true]","[50.33199271188175,54.81266763677157,59.135779559502026]"
8,rough pilot-only NPE,"[234.0640775763408,-10.052372427314284,130.1041446427431]","[236.29286957171337,-24.047648786552344,141.54639945127283]","[23.468974269418517,8.310372483437629,14.828735251413207]","[207.26949281234454,-35.56378151016178,118.9764212374338]","[275.9512988437885,-9.67796716512194,167.1699442579264]","[true,true,true]","[68.68180603144395,25.88581434503984,48.193523020492606]"
9,rough pilot-only NPE,"[234.0640775763408,-10.052372427314284,130.1041446427431]","[288.4795062933221,-25.64188095101592,131.61055791908382]","[43.80182857888497,9.91849271149965,12.785411905073747]","[230.82849905874468,-38.52864174937873,115.34555922992521]","[375.6634328041372,-7.525090825257991,155.10068565363346]","[true,true,true]","[144.8349337453925,31.003550924120738,39.75512642370825]"
10,rough pilot-only NPE,"[234.0640775763408,-10.052372427314284,130.1041446427431]","[243.16657927024417,-13.51212723178132,139.20418554455892]","[27.459336533403267,14.756699949432091,15.689810572795437]","[209.55757483310873,-33.335547159879326,117.5915052495785]","[290.3099365167012,14.959217447009713,168.48624458536955]","[true,true,true]","[80.75236168359248,48.29476460688904,50.894739335791044]"
11,rough pilot-only NPE,"[234.0640775763408,-10.052372427314284,130.1041446427431]","[235.50754482350195,14.020797648305326,143.83061016098756]","[22.318512327109442,18.64863694203239,16.498511366480173]","[207.34052155413397,-14.080189518499578,120.02577759828658]","[272.89537661581966,48.7197184577255,172.68330425300934]","[true,true,true]","[65.55485506168569,62.79990797622508,52.65752665472276]"
12,rough pilot-only NPE,"[234.0640775763408,-10.052372427314284,130.1041446427431]","[248.03575010198912,-12.021302902986069,139.874550262006]","[30.18570069246287,15.995652271173283,16.06459960632202]","[210.2601988176266,-32.84614748543381,117.997865988595]","[301.7574986030826,19.70303983340737,170.35932899969876]","[true,true,true]","[91.497299785456,52.54918731884118,52.361463011103766]"
13,rough pilot-only NPE,"[234.0640775763408,-10.052372427314284,130.1041446427431]","[234.10118753680834,0.6161054456513335,131.7683256049764]","[20.635236721722624,15.812064853562296,12.422024076971562]","[207.9370716519471,-22.80936790550699,115.64522135452728]","[267.20248324305066,30.27966265924409,154.89922365117386]","[true,true,true]","[59.26541159110357,53.08903056475108,39.254002296646576]"
14,rough pilot-only NPE,"[234.0640775763408,-10.052372427314284,130.1041446427431]","[240.26165706079178,11.463606671141672,152.83272448388865]","[25.25080499126115,19.332117135026497,18.917316243976078]","[209.04584702427715,-17.023135635290508,125.45611299699335]","[282.6895580326644,48.23785937168959,186.8727152725015]","[true,true,true]","[73.64371100838727,65.2609950069801,61.41660227550814]"
15,rough pilot-only NPE,"[234.0640775763408,-10.052372427314284,130.1041446427431]","[258.24729820583036,-12.126442087313588,129.72990764537602]","[33.31240712324164,14.217228737837814,12.256058573114203]","[215.11412656895322,-31.656050840961722,114.73065202798792]","[321.36254830685743,13.846432978782266,153.01119607383006]","[true,true,true]","[106.24842173790421,45.502483819743986,38.28054404584215]"
16,rough pilot-only NPE,"[234.0640775763408,-10.052372427314284,130.1041446427431]","[272.076526027671,-13.591717061975874,127.16520172911473]","[38.091144782593595,14.623585935804748,10.488904693436465]","[221.49681960199408,-32.9267397575778,114.47456685521682]","[345.0783693275373,15.028499798405582,146.55492357722653]","[true,true,true]","[123.58154972554323,47.95523955598338,32.08035672200971]"
17,rough pilot-only NPE,"[234.0640775763408,-10.052372427314284,130.1041446427431]","[259.50354757648563,-14.950448726407231,179.90335541027542]","[35.042396376418864,17.82881194661432,26.360621491630894]","[214.87286555783876,-39.16310670142213,140.44194521684008]","[324.1263892640872,19.265583605088576,226.64343216604533]","[true,true,false]","[109.25352370624844,58.4286903065107,86.20148694920525]"
18,rough pilot-only NPE,"[234.0640775763408,-10.052372427314284,130.1041446427431]","[248.46125542308584,-7.1331231966798745,144.8950874812473]","[29.781122898115175,17.266033174556668,17.817284426793286]","[210.76695554146337,-31.392674284570454,120.11892711924955]","[301.75035861986544,26.513745161217695,176.6464450866027]","[true,true,true]","[90.98340307840206,57.906419445788146,56.52751796735316]"
19,rough pilot-only NPE,"[234.0640775763408,-10.052372427314284,130.1041446427431]","[238.07400273549678,-17.727011239478617,137.47497877070865]","[23.748474441407627,12.045787218040283,15.023744249660382]","[208.22889538074628,-33.58719772559191,116.98501992758113]","[279.1816122759811,4.61237983550676,164.93229797337062]","[true,true,true]","[70.9527168952348,38.19957756109867,47.94727804578949]"
20,rough pilot-only NPE,"[234.0640775763408,-10.052372427314284,130.1041446427431]","[218.76325424226457,-4.279740374473917,126.61266718130506]","[10.749396693566016,11.688879552253967,9.393466130432486]","[205.00638086711874,-23.071839685227474,114.49062978857651]","[238.60992974725923,15.575327162957901,144.4561119879032]","[true,true,true]","[33.603548880140494,38.64716684818538,29.965482199326686]"
21,rough pilot-only NPE,"[234.0640775763408,-10.052372427314284,130.1041446427431]","[264.4552157742531,-24.82661961319532,140.12229057018888]","[36.55325602678618,9.9102498417263,14.943580982427218]","[217.3410069968466,-37.81372913557456,118.53112849594949]","[338.5774252932636,-7.131229118191343,167.32586180990072]","[true,true,true]","[121.23641829641701,30.68250001738322,48.79473331395123]"
22,rough pilot-only NPE,"[234.0640775763408,-10.052372427314284,130.1041446427431]","[243.88663354231474,-9.124547277115177,142.96702748043865]","[26.99865809640811,16.19756227889699,16.89604126671897]","[209.80308961557083,-31.78980240347775,119.40543884728125]","[290.43499441887167,21.521522123734666,173.75090894894723]","[true,true,true]","[80.63190480330084,53.31132452721242,54.34547010166598]"
23,rough pilot-only NPE,"[234.0640775763408,-10.052372427314284,130.1041446427431]","[237.19207419283455,2.7524636862166716,127.61082021249719]","[19.516947935156512,14.73355632366245,9.791803891320692]","[210.06818297821658,-19.507129827558092,114.6998730494041]","[270.050252077441,30.59360861050267,145.84300221108282]","[true,true,true]","[59.98206909922439,50.10073843806076,31.143129161678715]"
24,rough pilot-only NPE,"[234.0640775763408,-10.052372427314284,130.1041446427431]","[291.7343691635138,-15.646483007380867,139.92491296374266]","[44.205361863439094,15.652539362522582,16.60057919875051]","[231.00170720015362,-36.63300586041538,118.42156480936242]","[375.5102707740819,13.511744785759783,171.15133717777906]","[true,true,true]","[144.50856357392828,50.14475064617516,52.72977236841663]"
25,rough pilot-only NPE,"[234.0640775763408,-10.052372427314284,130.1041446427431]","[236.94799388508136,-18.914708640100276,137.1403747193124]","[23.967544363337222,11.379788758236424,14.583936200052701]","[207.7164707096013,-33.57425860637937,116.51538361541773]","[277.5300549153366,2.2881142993789303,163.41703963512427]","[true,true,true]","[69.81358420573531,35.8623729057583,46.901656019706536]"
26,rough pilot-only NPE,"[234.0640775763408,-10.052372427314284,130.1041446427431]","[217.76851793069608,-18.39621379656802,130.81734814096336]","[10.537637554289292,9.441446451375066,11.650970579266824]","[204.6723480993281,-31.400019322247132,115.23977634277014]","[237.1241806892643,-1.4540959313219384,152.95715344258673]","[true,true,true]","[32.4518325899362,29.945923390925195,37.71737709981659]"
27,rough pilot-only NPE,"[234.0640775763408,-10.052372427314284,130.1041446427431]","[221.35432424780592,-14.092626105913922,145.7849964557562]","[12.5575386259991,12.94493572545384,16.737137239251478]","[205.37664528857096,-32.44921303384775,121.32703186888378]","[244.05067933495314,8.385287911381155,175.21519014955805]","[true,true,true]","[38.67403404638219,40.8345009452289,53.888158280674276]"
28,rough pilot-only NPE,"[234.0640775763408,-10.052372427314284,130.1041446427431]","[245.8104579190878,14.554995793663934,146.37061765753356]","[27.214808920688277,19.36467661051194,17.15165975949995]","[210.82540607022503,-14.193124573122759,122.05676990587897]","[292.6627372914095,49.698128567005014,176.85413456660686]","[true,true,true]","[81.83733122118446,63.89125314012777,54.797364660727894]"
29,rough pilot-only NPE,"[234.0640775763408,-10.052372427314284,130.1041446427431]","[273.1760411211564,-8.362997491230452,159.02298301184456]","[40.31650592339661,19.165654484504966,21.850013910794885]","[220.61185849468006,-34.565426622986934,129.12969625556258]","[350.6624052650435,27.564673898078517,198.51711714998294]","[true,true,true]","[130.05054677036344,62.13010052106545,69.38742089442036]"
30,rough pilot-only NPE,"[234.0640775763408,-10.052372427314284,130.1041446427431]","[255.89935398275037,5.879109374789936,143.86732526901307]","[33.11537229160327,19.38477468605039,16.975447965988337]","[213.69419219876994,-22.895137541622177,120.29224492951136]","[317.208178044936,41.07784114483169,174.9037008775533]","[true,true,true]","[103.51398584616607,63.972978686453864,54.611455948041936]"
31,rough pilot-only NPE,"[234.0640775763408,-10.052372427314284,130.1041446427431]","[260.5111702872538,-2.2799725679609817,141.96167867788327]","[34.82626404755858,18.13359302284837,16.610579149201303]","[214.46206949021476,-28.62847948456303,119.31945137998805]","[328.6814454869775,29.914754231539884,172.15797455687303]","[true,true,true]","[114.21937599676275,58.54323371610292,52.838523176884976]"
32,rough pilot-only NPE,"[234.0640775763408,-10.052372427314284,130.1041446427431]","[241.57698626637222,-6.3264290126671625,127.92787101870162]","[23.34075222462122,14.756338384039324,10.303735852056102]","[210.91079946457515,-27.152702742347735,114.57420876901126]","[280.57228146603063,21.615692601899553,146.88284022381237]","[true,true,true]","[69.66148200145548,48.76839534424729,32.3086314548011]"
33,rough pilot-only NPE,"[234.0640775763408,-10.052372427314284,130.1041446427431]","[220.1588824329015,-15.250494733637964,135.40196575896093]","[12.211024733177432,11.693173276133926,13.403961068583243]","[205.04621020738594,-31.250620060136015,116.32536874223632]","[242.51700441343502,5.704305761087391,159.40415632645534]","[true,true,true]","[37.47079420604908,36.954925821223405,43.078787584219015]"
34,rough pilot-only NPE,"[234.0640775763408,-10.052372427314284,130.1041446427431]","[243.20700705795636,5.575546867040015,137.31914906614492]","[26.09668889377862,17.668745563083952,14.797815283427271]","[210.09753002779672,-20.924531302647754,116.91089645108696]","[287.42428933232367,38.59387498866594,165.22241754023406]","[true,true,true]","[77.32675930452695,59.518406291313696,48.31152108914711]"
35,rough pilot-only NPE,"[234.0640775763408,-10.052372427314284,130.1041446427431]","[229.62682098507457,-24.480608403537808,134.9368184129108]","[18.102201246035403,7.277951725157938,12.881186482078611]","[206.75265357877365,-34.25098589232152,116.4819293500493]","[260.4047576347966,-12.049755413711758,158.33068369326512]","[true,false,true]","[53.65210405602298,22.201230478609766,41.848754343215816]"
36,rough pilot-only NPE,"[234.0640775763408,-10.052372427314284,130.1041446427431]","[295.6951034206231,-19.133435618137504,135.670621307121]","[46.1810021603248,13.641059540119148,15.179756071298907]","[232.46633864116063,-36.88081494090866,116.88280483066234]","[382.398293901308,6.805568899449628,163.75095142268393]","[true,true,true]","[149.9319552601474,43.68638384035828,46.86814659202159]"
37,rough pilot-only NPE,"[234.0640775763408,-10.052372427314284,130.1041446427431]","[257.7528672212238,-2.626958865366002,134.0991017571003]","[34.55424792903689,17.58338609078017,14.013985911525422]","[214.4008405005641,-27.86251348492284,116.1514643841458]","[324.30512639977997,30.44915884172697,160.0396413695326]","[true,true,true]","[109.90428589921586,58.31167232664981,43.88817698538681]"
38,rough pilot-only NPE,"[234.0640775763408,-10.052372427314284,130.1041446427431]","[299.29185101403414,-19.449220228377712,176.39308284004227]","[45.483757054787986,17.02720638175013,24.860005167420663]","[236.27809747119437,-42.267983660891204,136.3621325684807]","[385.7421978341492,12.286480703286088,219.35709254258066]","[false,true,false]","[149.4641003629548,54.55446436417729,82.99495997409997]"
39,rough pilot-only NPE,"[234.0640775763408,-10.052372427314284,130.1041446427431]","[250.15583851995794,-24.201772927652616,130.4151801959825]","[31.3095274976187,8.699540626883374,11.834517092395387]","[211.74487767459271,-35.31116290335066,115.04603553695476]","[313.18084810987745,-8.858793447769443,152.09058365934436]","[true,true,true]","[101.43597043528473,26.45236945558122,37.0445481223896]"
40,rough pilot-only NPE,"[234.0640775763408,-10.052372427314284,130.1041446427431]","[248.21716542469267,12.580261699276617,154.527144393898]","[29.430360435302887,20.26401895150075,19.58039534151006]","[211.4456284769131,-18.35352557652307,126.7481888706968]","[300.168025608878,49.98066277266002,190.0236741725277]","[true,true,true]","[88.7223971319649,68.33418834918308,63.27548530183091]"
41,rough pilot-only NPE,"[234.0640775763408,-10.052372427314284,130.1041446427431]","[270.12928109252283,-17.022079093183276,135.32732290369583]","[39.45226561152982,13.687870819084017,14.61152898857873]","[219.19278137010335,-35.225705304430555,116.41575802268574]","[347.63647938529795,8.920105778884798,163.1002415313545]","[true,true,true]","[128.4436980151946,44.14581108331535,46.68448350866876]"
42,rough pilot-only NPE,"[234.0640775763408,-10.052372427314284,130.1041446427431]","[266.44666327035384,-2.186518438029243,142.40328080095182]","[36.592435652240795,18.343441051536644,16.951580775173205]","[217.3015856471076,-29.072522220685894,120.05018065634616]","[336.4880156823921,31.08591626440007,175.13252480432624]","[true,true,true]","[119.18643003528447,60.158438485085966,55.08234414798008]"
43,rough pilot-only NPE,"[234.0640775763408,-10.052372427314284,130.1041446427431]","[249.49921764414754,-15.76591421150476,127.98163619181071]","[29.657501038761406,12.764343233670154,10.939032674475456]","[212.24326617748957,-32.309291306068225,114.40826410978724]","[307.5232537508388,9.411614756458874,148.3018390228727]","[true,true,true]","[95.27998757334925,41.7209060625271,33.89357491308547]"
44,rough pilot-only NPE,"[234.0640775763408,-10.052372427314284,130.1041446427431]","[220.317317407468,-20.67838129959206,152.39733806221238]","[11.830074594784053,10.144797634951122,18.74903234415452]","[205.08198622413255,-34.70215650050936,123.96376348838442]","[241.47976655830954,-2.470585122745482,185.81241082281792]","[true,true,true]","[36.397780334176986,32.23157137776388,61.84864733443351]"
45,rough pilot-only NPE,"[234.0640775763408,-10.052372427314284,130.1041446427431]","[257.69286140157965,21.07281554046911,130.7142481540746]","[31.55768064122596,19.031586802684284,12.207852275843111]","[216.05954075485965,-7.842952269685363,115.04428423163199]","[316.5839434866784,54.78817969270732,152.90573137532365]","[true,false,true]","[100.52440273181872,62.63113196239268,37.86144714369166]"
46,rough pilot-only NPE,"[234.0640775763408,-10.052372427314284,130.1041446427431]","[273.7638902791449,-3.1332957504441143,126.57395245527182]","[35.858745500101634,17.759807012194198,10.165595938337601]","[224.36550757790502,-28.301333500117547,114.47187713341737]","[340.81848846964266,31.792380182732828,145.6494374065211]","[true,true,true]","[116.45298089173764,60.09371368285038,31.177560273103722]"
47,rough pilot-only NPE,"[234.0640775763408,-10.052372427314284,130.1041446427431]","[275.3168813059032,-14.151452619358391,135.0710166748427]","[41.008348761535665,14.959380111664696,14.825275661526787]","[221.32034885804487,-33.94356901367442,116.59355875353015]","[357.14606076984853,13.98593141018972,163.82583493122866]","[true,true,true]","[135.82571191180367,47.92950042386414,47.23227617769851]"
48,rough pilot-only NPE,"[234.0640775763408,-10.052372427314284,130.1041446427431]","[217.38615363924154,-16.663593087945486,126.74494057805403]","[10.87763097268376,9.77446946523635,9.5955166114955]","[204.62801936565697,-30.237071317077888,114.37224107122034]","[236.49448065251403,-0.10716461940318989,145.17614334804557]","[true,true,true]","[31.86646128685706,30.1299066976747,30.803902276825227]"
49,rough pilot-only NPE,"[234.0640775763408,-10.052372427314284,130.1041446427431]","[274.430369689472,15.361837998080114,153.6426352961309]","[37.80090541564103,21.161788447666225,20.06439796796953]","[222.93238727435036,-16.88050322550957,126.50456866244322]","[345.11180771678016,52.581472729952566,190.4036288045859]","[true,true,true]","[122.1794204424298,69.46197595546214,63.89906014214269]"
50,rough pilot-only NPE,"[234.0640775763408,-10.052372427314284,130.1041446427431]","[237.4836389944214,-23.74054598484965,146.87787028368226]","[23.58239718443204,9.025554120493165,16.340065136641403]","[208.26046100003683,-36.13934770105361,120.91503583712577]","[277.48171124012765,-9.26512097431461,176.15300776646095]","[true,true,true]","[69.22125024009082,26.874226726738996,55.237971929335174]"
51,rough pilot-only NPE,"[234.0640775763408,-10.052372427314284,130.1041446427431]","[285.6534837957187,-8.074083741839372,173.67511092932602]","[42.552056504212636,20.62207242950715,25.030862102401198]","[227.67563267476606,-37.12609690365554,137.3975718427031]","[364.373767019455,31.352338465182804,218.57089709697445]","[true,true,false]","[136.69813434468892,68.47843536883835,81.17332525427136]"
52,rough pilot-only NPE,"[234.0640775763408,-10.052372427314284,130.1041446427431]","[245.7742850689856,-18.07804496970077,151.45804353015353]","[28.851780861282734,13.667886328519293,18.979195168139864]","[210.3488889483747,-35.94905397276379,123.26046609396732]","[298.1887413773713,6.881814686349143,185.35901434964387]","[true,true,true]","[87.83985242899658,42.83086865911294,62.09854825567655]"
53,rough pilot-only NPE,"[234.0640775763408,-10.052372427314284,130.1041446427431]","[219.17508783767656,-1.906794712161236,126.3629995839515]","[10.547804798944359,11.910632830906719,9.231279546016163]","[205.08103108413542,-21.349701422683683,114.40164752897329]","[238.60430984169793,18.37424221254924,143.6565267710505]","[true,true,true]","[33.52327875756251,39.72394363523293,29.25487924207721]"
54,rough pilot-only NPE,"[234.0640775763408,-10.052372427314284,130.1041446427431]","[254.4921373763164,-25.873234682438632,126.95020122007583]","[34.91377097070006,7.897379239955305,10.199632989730198]","[213.85157459231033,-35.445920507955236,114.28539380381827]","[327.25809156453704,-12.201885969113832,145.79043112617688]","[true,false,true]","[113.40651697222671,23.244034538841404,31.505037322358618]"
55,rough pilot-only NPE,"[234.0640775763408,-10.052372427314284,130.1041446427431]","[221.24195846119952,-13.55727284973555,150.2987979662348]","[12.246522274877456,13.305812761173552,17.97706408370826]","[205.26909097156587,-32.66267579719654,122.99484085722575]","[243.71104402492122,9.436648629605545,182.88473546552237]","[true,true,true]","[38.44195305335535,42.099324426802085,59.889894608296615]"
56,rough pilot-only NPE,"[234.0640775763408,-10.052372427314284,130.1041446427431]","[302.8967998312009,6.585830495198464,132.9241357559214]","[43.34776393726879,20.079161839456944,14.30216288412283]","[240.3115991042807,-23.6186987164001,115.71425986658942]","[380.6899007110435,41.17798241244612,160.63014191102448]","[false,true,true]","[140.3783016067628,64.79668112884622,44.915882044435065]"
57,rough pilot-only NPE,"[234.0640775763408,-10.052372427314284,130.1041446427431]","[273.18765209281827,-10.609669293550342,136.92690811836167]","[39.52305981431564,16.660349811210775,15.600442000910924]","[221.17914408866343,-33.535637522559114,117.24394927528573]","[352.5293764848031,21.543675158130146,166.19992776679456]","[true,true,true]","[131.35023239613966,55.079312680689256,48.95597849150883]"
58,rough pilot-only NPE,"[234.0640775763408,-10.052372427314284,130.1041446427431]","[226.5949392462584,28.303823182950588,139.3914590701946]","[15.642683610205417,16.07366870978932,14.453115601915735]","[206.48035053328263,2.7272396984757825,118.36292382963073]","[252.91640623890603,55.86022796907152,165.03526466642842]","[true,false,true]","[46.4360557056234,53.13298827059574,46.67234083679769]"
59,rough pilot-only NPE,"[234.0640775763408,-10.052372427314284,130.1041446427431]","[239.76559214571216,-16.41906273815046,159.0840702731084]","[25.045005528808208,15.183711807812552,21.525916321583125]","[208.2926732184973,-36.244957188557066,127.2982684799566]","[283.4168856731282,13.048459542523663,198.01515985753784]","[true,true,true]","[75.12421245463091,49.293416731080725,70.71689137758123]"
60,rough pilot-only NPE,"[234.0640775763408,-10.052372427314284,130.1041446427431]","[247.72032977519842,-9.052988566614726,139.5134766338699]","[29.19141615482361,16.241952626346958,15.855979242595097]","[210.67282814134714,-31.575246444715496,117.89245686803874]","[301.1079361398391,22.238183400789477,168.7814422039447]","[true,true,true]","[90.43510799849199,53.81342984550497,50.88898533590596]"
61,rough pilot-only NPE,"[234.0640775763408,-10.052372427314284,130.1041446427431]","[254.0452665099799,-0.15436080452020395,127.2581556335007]","[27.96933059315276,16.93453747308287,10.28461777862931]","[215.9187429460247,-24.33171316998534,114.44002437233074]","[303.9411414897451,32.79707532476258,146.57487555604044]","[true,true,true]","[88.02239854372041,57.12878849474792,32.1348511837097]"
62,rough pilot-only NPE,"[234.0640775763408,-10.052372427314284,130.1041446427431]","[239.45439789547422,-24.087075889578447,139.82870256218985]","[25.757645337148883,8.443748289875602,14.734201882820171]","[208.4122908803381,-35.38979077865578,117.91633062608093]","[284.7611266711751,-9.25173900767324,166.29080075173798]","[true,true,true]","[76.34883579083697,26.13805177098254,48.37447012565704]"
63,rough pilot-only NPE,"[234.0640775763408,-10.052372427314284,130.1041446427431]","[261.16908651888804,-14.222669446286256,134.01903812452002]","[37.47624855773266,14.57889930681142,14.224498296347234]","[214.13949525441888,-33.68960737109897,116.08085393742711]","[334.350550863125,13.310080471658543,160.70003595076338]","[true,true,true]","[120.21105560870615,46.99968784275752,44.61918201333627]"
64,rough pilot-only NPE,"[234.0640775763408,-10.052372427314284,130.1041446427431]","[240.68762886442536,-9.17368978134919,131.11046123623083]","[25.128548255375044,14.727375222889593,12.123285662514279]","[209.1883623036153,-29.552369425669465,115.39879408297624]","[283.4484908416165,20.132795199391293,153.80455526895202]","[true,true,true]","[74.2601285380012,49.68516462506076,38.40576118597578]"
65,rough pilot-only NPE,"[234.0640775763408,-10.052372427314284,130.1041446427431]","[223.00372989200474,-14.100048590327154,178.1089636142217]","[13.198601695687353,15.246509472006393,23.348553824793797]","[205.5645214699156,-35.718850530551975,142.57808246463665]","[246.66813460593335,12.308598354087069,219.3207045638154]","[true,true,false]","[41.10361313601774,48.02744888463904,76.74262209917876]"
66,rough pilot-only NPE,"[234.0640775763408,-10.052372427314284,130.1041446427431]","[248.17978306996207,-15.251250182961664,138.3576066183533]","[30.034003556514882,14.370805110579502,15.687973936377961]","[211.19747624107063,-33.936687662775455,117.58196262660059]","[303.0992589730144,12.810739346538547,167.02175073586187]","[true,true,true]","[91.90178273194377,46.747427009314,49.439788109261286]"
67,rough pilot-only NPE,"[234.0640775763408,-10.052372427314284,130.1041446427431]","[247.0739711035955,-17.486777489082275,152.23359140278131]","[30.232462400387938,13.878813383233084,19.19776867910016]","[210.2859601099476,-35.62872776671072,123.75169289450847]","[299.29620324770667,8.37679338846779,186.4991263084206]","[true,true,true]","[89.01024313775906,44.005521155178506,62.74743341391215]"
68,rough pilot-only NPE,"[234.0640775763408,-10.052372427314284,130.1041446427431]","[315.47836821119955,-13.611059936368465,143.97750452739092]","[48.16821034272215,17.41946478419928,18.127891898638936]","[246.2256882607394,-37.38473625555934,120.98593477687675]","[404.5757849072125,18.015102538836857,178.80918076025551]","[false,true,true]","[158.3500966464731,55.399838794396196,57.82324598337877]"
69,rough pilot-only NPE,"[234.0640775763408,-10.052372427314284,130.1041446427431]","[254.82157461299178,-14.43278323352336,142.95561422891672]","[34.36310678583279,15.546869209468822,16.954495594786717]","[212.91705808999146,-34.64235755603291,119.58400246855645]","[318.66284312647406,15.418018093799976,173.53552154319556]","[true,true,true]","[105.7457850364826,50.06037564983289,53.95151907463911]"
70,rough pilot-only NPE,"[234.0640775763408,-10.052372427314284,130.1041446427431]","[245.91671435078095,21.694966957267805,190.1522669560193]","[27.71058609224066,22.910314663159593,25.826255635906115]","[210.0977735316188,-12.902412321542554,150.94357133364832]","[294.3240857556857,61.90551881560795,235.40770077294783]","[true,true,false]","[84.2263122240669,74.8079311371505,84.46412943929951]"
71,rough pilot-only NPE,"[234.0640775763408,-10.052372427314284,130.1041446427431]","[220.4685599665518,-15.595885379256954,145.81331531150454]","[12.196877350250544,12.219343720587384,17.15743324787139]","[205.07546121641167,-32.67941290307481,119.97489708350075]","[242.163862230903,5.954925803469539,175.83044213327577]","[true,true,true]","[37.088401014491325,38.634338706544355,55.85554504977502]"
72,rough pilot-only NPE,"[234.0640775763408,-10.052372427314284,130.1041446427431]","[241.10569333552402,-16.53650929402646,144.54379612457635]","[25.928040331422583,13.660421082921912,17.373730929218965]","[208.80012262999392,-34.36445714581122,119.34009340362093]","[285.6908052122729,9.09048752911657,175.27513925937944]","[true,true,true]","[76.89068258227897,43.454944674927795,55.93504585575852]"
73,rough pilot-only NPE,"[234.0640775763408,-10.052372427314284,130.1041446427431]","[276.10172078891634,-6.206815636069135,132.62877232433692]","[39.69435432034302,16.79410284668059,13.602284243622224]","[223.08054659136658,-30.51938286411094,115.88445298280926]","[351.464433434776,24.651362523318188,158.1951991063983]","[true,true,true]","[128.38388684340944,55.17074538742913,42.31074612358903]"
74,rough pilot-only NPE,"[234.0640775763408,-10.052372427314284,130.1041446427431]","[235.75709079833115,-18.19597940917998,160.08273639437758]","[22.186622160179773,13.40344271291664,20.993574804341915]","[207.550493300389,-36.237508782633505,128.26733143869996]","[273.68329718482266,6.059653868255673,196.97770433548334]","[true,true,true]","[66.13280388443366,42.29716265088918,68.71037289678338]"
75,rough pilot-only NPE,"[234.0640775763408,-10.052372427314284,130.1041446427431]","[274.07675436812707,-5.691589111635502,135.12951007920938]","[39.836233449933225,17.17428212415648,14.845848344984013]","[221.15104689431598,-30.645750795803956,116.74932235566189]","[352.29652914006675,25.698229336816713,163.60964487691373]","[true,true,true]","[131.14548224575077,56.34398013262067,46.860322521251845]"
76,rough pilot-only NPE,"[234.0640775763408,-10.052372427314284,130.1041446427431]","[270.9448905477216,-22.525990380925453,145.65211117771284]","[39.42868782064262,11.619024226284735,16.861736495825976]","[219.6202056280436,-37.62427858242018,119.96711008541752]","[348.1223657350298,-0.4942064720502048,174.78105664974498]","[true,true,true]","[128.5021601069862,37.13007211036998,54.813946564327466]"
77,rough pilot-only NPE,"[234.0640775763408,-10.052372427314284,130.1041446427431]","[242.11725435230056,-6.88223961797329,148.46475934900022]","[26.091051683161762,17.2923370742873,18.42805604441012]","[209.34953376561262,-31.401353679822304,121.68719134627376]","[285.6838497372748,25.530857503158675,181.02014025812056]","[true,true,true]","[76.33431597166216,56.93221118298098,59.3329489118468]"
78,rough pilot-only NPE,"[234.0640775763408,-10.052372427314284,130.1041446427431]","[234.59357124691928,-24.031482596349246,139.33894306373443]","[21.3080193792122,8.29413686241497,14.10966553941674]","[207.37729447266713,-34.87511974972005,118.20779605454024]","[270.85407945118953,-9.750122493911903,164.2061095889388]","[true,true,true]","[63.4767849785224,25.124997255808147,45.99831353439856]"
79,rough pilot-only NPE,"[234.0640775763408,-10.052372427314284,130.1041446427431]","[289.0001168241786,-11.575046471894098,146.9266975076767]","[44.10388244955456,17.899398376189072,18.577930634507357]","[229.30281902125407,-35.79079386259059,122.0458807358917]","[372.718879216003,21.050225809780976,181.40084444324444]","[true,true,true]","[143.41606019474895,56.841019672371566,59.35496370735274]"
80,rough pilot-only NPE,"[234.0640775763408,-10.052372427314284,130.1041446427431]","[231.97123092616783,3.5290910413555037,135.12354293012618]","[18.99156431126947,16.44213708294036,13.673238886306283]","[207.0563081738791,-21.4570781110238,116.59136884545879]","[264.82053020201107,33.24694392208695,160.4455422644098]","[true,true,true]","[57.76422202813197,54.704022033110746,43.85417341895101]"
81,rough pilot-only NPE,"[234.0640775763408,-10.052372427314284,130.1041446427431]","[219.3947466032249,-17.142095875344342,134.96316231186887]","[11.24288084135246,10.539709281017979,13.455801881888105]","[205.15199743400214,-31.744874701106756,116.25641017758394]","[240.0701046517205,1.4372680997647385,159.3742611827789]","[true,true,true]","[34.91810721771836,33.182142800871496,43.11785100519495]"
82,rough pilot-only NPE,"[234.0640775763408,-10.052372427314284,130.1041446427431]","[241.33493170173793,-16.681457346611413,133.24787119898554]","[26.972962972957625,12.426331638533851,13.541255758725157]","[209.1638900051961,-32.97518350579524,115.48899668140324]","[289.3835203298829,7.493126678042701,158.82700266344858]","[true,true,true]","[80.21963032468682,40.46831018383794,43.338005982045345]"
83,rough pilot-only NPE,"[234.0640775763408,-10.052372427314284,130.1041446427431]","[239.91230144854165,-24.03744666013128,152.12967538205632]","[25.144909216467248,9.161801920279629,17.28382648882054]","[208.56345936978008,-36.68942413532999,124.62804711422228]","[283.8721237862213,-8.452725719687457,181.47976533572734]","[true,true,true]","[75.30866441644125,28.236698415642536,56.85171822150505]"
84,rough pilot-only NPE,"[234.0640775763408,-10.052372427314284,130.1041446427431]","[247.80294062486013,-15.589166186268391,158.33207799762832]","[29.723899088375457,15.038448265897927,21.02243571363702]","[210.42479524131548,-36.055083035325104,127.86592139413189]","[302.25711082605307,12.85142361058529,197.0865545576632]","[true,true,true]","[91.83231558473759,48.9065066459104,69.2206331635313]"
85,rough pilot-only NPE,"[234.0640775763408,-10.052372427314284,130.1041446427431]","[244.40250702399845,-12.073947970400072,128.00709705276896]","[26.485474910709666,13.748851990198665,10.319351828797204]","[211.32075173557254,-30.63149835523432,114.72680867643317]","[292.30044671819644,14.939101666271421,147.12721393097192]","[true,true,true]","[80.9796949826239,45.57060002150574,32.400405254538754]"
86,rough pilot-only NPE,"[234.0640775763408,-10.052372427314284,130.1041446427431]","[342.88655933365845,-0.2721139699085311,147.80878267756904]","[49.5635976996826,21.465169745401987,19.843051752732602]","[266.581095709922,-32.7694543333977,122.77782202052322]","[429.84537732972,36.30844168845516,186.34600188225937]","[false,true,true]","[163.264281619798,69.07789602185287,63.568179861736155]"
87,rough pilot-only NPE,"[234.0640775763408,-10.052372427314284,130.1041446427431]","[279.5315594257674,-20.128669498132794,153.5055008736435]","[41.96593576581978,13.816248479180087,19.235667501473685]","[223.2856779790828,-38.38033840741038,124.29189509697207]","[360.4841558940084,5.762502045360301,187.6797991181694]","[true,true,true]","[137.19847791492558,44.14284045277068,63.38790402119733]"
88,rough pilot-only NPE,"[234.0640775763408,-10.052372427314284,130.1041446427431]","[249.83867430276288,-19.68647061504744,137.58732635668284]","[30.715006023630153,11.38838975289961,14.814972158284258]","[211.5647280617975,-34.760765224829456,116.64086748955651]","[306.6283276967757,1.4938318911050945,164.96953804364438]","[true,true,true]","[95.06359963497823,36.25459711593455,48.328670554087864]"
89,rough pilot-only NPE,"[234.0640775763408,-10.052372427314284,130.1041446427431]","[285.06176099246375,-0.14508796569315802,142.5628633408447]","[42.37201671294776,19.433411615939,17.62999491480325]","[226.91303178418664,-29.131598863052222,119.99031401558693]","[364.922432591267,35.13021860041677,176.2888115283403]","[true,true,true]","[138.00940080708037,64.26181746346899,56.29849751275336]"
90,rough pilot-only NPE,"[234.0640775763408,-10.052372427314284,130.1041446427431]","[271.49104679925625,-16.826825669489395,133.88658317020642]","[40.10021945808173,13.974354903479458,14.184195124618139]","[218.93053172604905,-34.72347285317818,115.93759633713664]","[348.0312657138744,10.705421725568009,160.06464178975895]","[true,true,true]","[129.10073398782535,45.42889457874619,44.12704545262231]"
91,rough pilot-only NPE,"[234.0640775763408,-10.052372427314284,130.1041446427431]","[217.2741511429654,-20.70361157775586,128.5269195138649]","[10.417598846815249,7.924117038717661,10.532837878997729]","[204.72685120342356,-31.4308405575566,114.81776137780571]","[236.5273122152126,-6.201166042829485,148.63997104869284]","[true,true,true]","[31.800461011789025,25.229674514727115,33.82220967088713]"
92,rough pilot-only NPE,"[234.0640775763408,-10.052372427314284,130.1041446427431]","[216.57793164807862,-15.513877141340997,126.65924136990635]","[10.022560649440408,9.927389885594346,9.415866297711794]","[204.68253309264844,-29.83989284593443,114.5753095714582]","[235.109355795247,2.101403042653697,144.2916896640028]","[true,true,true]","[30.42682270259857,31.941295888588126,29.716380092544597]"
93,rough pilot-only NPE,"[234.0640775763408,-10.052372427314284,130.1041446427431]","[235.13931970463474,-18.86738118721908,128.3293427778413]","[22.62983675572312,10.582394175765737,10.436877657351298]","[208.0011496571981,-32.21841469112202,114.69286923655925]","[274.0070048198149,0.4259762259990323,147.2272019299799]","[true,true,true]","[66.00585516261677,32.64439091712105,32.534332693420666]"
94,rough pilot-only NPE,"[234.0640775763408,-10.052372427314284,130.1041446427431]","[222.51341360266693,-1.3425403257113444,167.09008125435045]","[12.52762356991108,16.76880867103783,21.4140226978238]","[205.84715435061904,-28.22444170050617,134.03263346103734]","[245.4876710885941,26.67851424991123,204.22107951887634]","[true,true,false]","[39.64051673797508,54.9029559504174,70.188446057839]"
95,rough pilot-only NPE,"[234.0640775763408,-10.052372427314284,130.1041446427431]","[366.0439498702435,-25.21812671299974,163.03006855608345]","[51.68281014995474,15.429420637373537,23.85617542255222]","[284.27739883604437,-46.08586627511591,127.31117479972903]","[452.1052653621127,3.373965523789744,205.7048841778408]","[false,true,true]","[167.8278665260683,49.459831798905654,78.39370937811177]"
96,rough pilot-only NPE,"[234.0640775763408,-10.052372427314284,130.1041446427431]","[267.98894011020633,13.581424453255664,148.06128209521844]","[37.65073141587847,20.40088446516725,18.292393040397798]","[218.67007423474564,-16.88382953906737,123.6600712356855]","[336.69508590531177,50.22205284341291,181.48120371743406]","[true,true,true]","[118.02501167056613,67.10588238248027,57.82113248174855]"
97,rough pilot-only NPE,"[234.0640775763408,-10.052372427314284,130.1041446427431]","[255.0312265434124,-17.813030542678906,142.52265706995232]","[34.19464893408832,13.321389649188298,16.408534755093335]","[212.26980931625832,-35.30238848507664,119.05286227578002]","[320.205290324336,7.630511959579191,172.45672837952523]","[true,true,true]","[107.93548100807766,42.93290044465583,53.403866103745216]"
98,rough pilot-only NPE,"[234.0640775763408,-10.052372427314284,130.1041446427431]","[242.24999168204786,-15.800419643581847,153.9917314573467]","[26.712809383540687,14.715631373663816,20.00162565970508]","[209.22418130634446,-35.5118073046886,124.33235303997655]","[288.31098380209903,12.018652559270377,189.7777619682647]","[true,true,true]","[79.08680249575457,47.53045986395898,65.44540892828816]"
99,rough pilot-only NPE,"[234.0640775763408,-10.052372427314284,130.1041446427431]","[219.0402663170744,-19.148536277157497,135.49468411870726]","[11.246245447993909,9.680132222975296,13.5859479153708]","[204.89069748514387,-32.20829784137339,116.21659869678591]","[239.54782072952563,-1.6986745449889988,160.23121625653647]","[true,true,true]","[34.65712324438175,30.509623296384387,44.01461755975056]"
0,rough Linear NPE,"[234.0640775763408,-10.052372427314284,130.1041446427431]","[263.4349090742687,-14.45651017325832,127.712040329412]","[21.70369152638953,9.029503392645545,10.21585934334143]","[232.87579733700832,-27.846642875639102,115.0568501792615]","[301.8606347615694,0.7853430033284068,147.9762515616049]","[true,true,true]","[68.98483742456105,28.63198587896751,32.919401382343395]"
1,rough Linear NPE,"[234.0640775763408,-10.052372427314284,130.1041446427431]","[224.68584327357328,-12.702443858346175,143.1821153392521]","[15.658327813490494,8.146260870307245,9.496294350659674]","[205.90066148900354,-25.598742818495552,129.0401811902311]","[252.54010641317814,-0.49743732624267545,160.02698723682795]","[true,true,true]","[46.6394449241746,25.101305492252877,30.986806046596854]"
2,rough Linear NPE,"[234.0640775763408,-10.052372427314284,130.1041446427431]","[240.17231559275976,-15.634333702388997,144.54620293460852]","[16.64982453452812,8.077880886461688,9.968755357368368]","[216.13197591795736,-28.12957897043961,129.55043915342227]","[269.00208323096246,-3.0326196526968734,162.20924037361584]","[true,true,true]","[52.87010731300509,25.096959317742737,32.65880122019357]"
3,rough Linear NPE,"[234.0640775763408,-10.052372427314284,130.1041446427431]","[237.24133815621832,-7.4121283276429475,135.7382075722028]","[15.022432397354134,8.268244660049872,9.060706676559434]","[215.18446895926868,-20.248141356232267,121.78336381724145]","[263.4985851269461,6.607070263681214,151.6730067002145]","[true,true,true]","[48.31411616767744,26.855211619913483,29.88964288297305]"
4,rough Linear NPE,"[234.0640775763408,-10.052372427314284,130.1041446427431]","[251.04949976975158,-20.514941534446756,127.48992463319499]","[15.207981650521706,7.036144675682628,7.151705407419723]","[227.94900664036672,-31.206882776370136,116.45362676114935]","[276.89000342757924,-7.836885634132882,139.6344292793194]","[true,true,true]","[48.940996787212526,23.369997142237253,23.18080251817004]"
5,rough Linear NPE,"[234.0640775763408,-10.052372427314284,130.1041446427431]","[239.41983433622113,-13.684955639687686,129.28742450206474]","[15.058567315921902,7.372911802845348,7.886795966039251]","[216.78476320748965,-25.421064952976202,117.38143445267774]","[264.9505960652511,-1.5614191382912768,142.99206986501255]","[true,true,true]","[48.165832857761444,23.859645814684924,25.610635412334815]"
6,rough Linear NPE,"[234.0640775763408,-10.052372427314284,130.1041446427431]","[279.0788392379063,-11.178250946142645,128.20761671976683]","[21.36745600447048,9.259801073742697,10.462998418475529]","[247.62693581039827,-25.100300326349334,115.30059444944264]","[316.9273275806588,4.0281142769656775,148.86106897138308]","[false,true,true]","[69.30039177026055,29.12841460331501,33.560474521940435]"
7,rough Linear NPE,"[234.0640775763408,-10.052372427314284,130.1041446427431]","[232.21414671030175,-11.424670675755959,131.01793455759295]","[16.73364491766719,7.924864590797026,8.826946880468393]","[209.42215049874588,-24.24101149895509,118.14137310473048]","[262.77877474331507,1.3560493629943433,146.72482791169594]","[true,true,true]","[53.35662424456919,25.597060861949434,28.583454806965463]"
8,rough Linear NPE,"[234.0640775763408,-10.052372427314284,130.1041446427431]","[242.10776221761262,-21.50975246320338,131.87258254729213]","[16.246889851239793,8.802740683130468,10.275368032613931]","[218.6229760804736,-33.86733949850974,116.6926639061703]","[270.5621994813541,-5.496339849801709,150.0657977472791]","[true,true,true]","[51.939223400880536,28.370999648708036,33.37313384110881]"
9,rough Linear NPE,"[234.0640775763408,-10.052372427314284,130.1041446427431]","[258.4027913238809,-21.791784594366675,128.98017659992772]","[17.041904358284604,8.71456815206281,9.102510078265494]","[232.92226189573745,-34.25225029203357,115.64429593863294]","[288.8253780498225,-6.173282980858704,145.63150259423284]","[true,true,true]","[55.90311615408507,28.078967311174868,29.987206655599906]"
10,rough Linear NPE,"[234.0640775763408,-10.052372427314284,130.1041446427431]","[253.6396373331559,-17.17311005510253,137.82366084334586]","[16.342846564132525,8.196458353024402,9.12032986395135]","[229.37463203440475,-29.899559831253594,123.94039870204124]","[281.84463664017875,-3.8043053599269663,153.60015907841066]","[true,true,true]","[52.470004605773994,26.095254471326626,29.65976037636942]"
11,rough Linear NPE,"[234.0640775763408,-10.052372427314284,130.1041446427431]","[236.8224529125196,-9.000611932684748,139.64316744474286]","[15.808313085381567,7.992067540947148,9.30282762788072]","[213.3643551340874,-21.634848119932954,125.58144153158653]","[263.7585056637399,3.323571961694773,155.7520207144664]","[true,true,true]","[50.394150529652535,24.95842008162773,30.170579182879862]"
12,rough Linear NPE,"[234.0640775763408,-10.052372427314284,130.1041446427431]","[245.9669979201926,-18.256771583380793,129.02240770523233]","[16.501825270688204,7.194320503947654,7.774216699082163]","[221.52569902690996,-29.38130172471337,117.31800696653937]","[274.0131269258283,-6.6393862881880175,142.61720528428975]","[true,true,true]","[52.487427898918355,22.741915436525353,25.29919831775038]"
13,rough Linear NPE,"[234.0640775763408,-10.052372427314284,130.1041446427431]","[227.7085443380665,-18.439537684294248,129.94624915893942]","[15.489820071695448,7.424217325105577,9.088949313322564]","[206.9103802477037,-29.4182431159133,117.50367577754538]","[255.56495157793125,-5.995998136922843,147.02783224367903]","[true,true,true]","[48.654571330227554,23.422244978990456,29.524156466133647]"
14,rough Linear NPE,"[234.0640775763408,-10.052372427314284,130.1041446427431]","[246.6708160048437,-7.234842085238631,138.5563539598145]","[16.682266559967317,7.9480648320993,8.95017622145342]","[221.5231038473021,-19.41468947597123,124.73236680996477]","[275.3576354395439,5.593968340793399,154.08174073881312]","[true,true,true]","[53.8345315922418,25.00865781676463,29.34937392884835]"
15,rough Linear NPE,"[234.0640775763408,-10.052372427314284,130.1041446427431]","[233.1369024045893,-10.198659292574254,129.5175416226652]","[17.02272032413616,8.023293331139724,9.539623678376191]","[209.7142711903551,-22.678322484945955,116.82789414687453]","[263.72628430377006,2.913236214866332,148.0828141604888]","[true,true,true]","[54.01201311341495,25.59155869981229,31.254920013614267]"
16,rough Linear NPE,"[234.0640775763408,-10.052372427314284,130.1041446427431]","[237.05688330752318,-18.833660988930486,125.94143221425664]","[19.547681476675102,7.879223941094096,9.134404664354479]","[210.23238656100506,-30.29487746383349,114.63016227122725]","[271.5217668748723,-5.166218720159981,143.5522542375399]","[true,true,true]","[61.28938031386724,25.12865874367351,28.92209196631265]"
17,rough Linear NPE,"[234.0640775763408,-10.052372427314284,130.1041446427431]","[248.9201520568397,-10.408279924149817,137.57884447364637]","[17.138182015658174,8.451545643956015,8.88030534213624]","[222.85645963011177,-23.41464041545713,122.90368471627293]","[278.4504442590679,4.38561067367304,152.14841847620866]","[true,true,true]","[55.59398462895615,27.800251089130168,29.244733759935727]"
18,rough Linear NPE,"[234.0640775763408,-10.052372427314284,130.1041446427431]","[233.5153415743955,-9.68168133461049,133.46022192179373]","[14.218903159927773,7.247424271658496,8.103739127371504]","[212.95718280910813,-21.4438257100834,120.75018692292943]","[257.65442990083693,2.147994202298762,147.35702539267376]","[true,true,true]","[44.6972470917288,23.59181991238216,26.606838469744332]"
19,rough Linear NPE,"[234.0640775763408,-10.052372427314284,130.1041446427431]","[243.45292997278506,-16.03146823507663,129.6367492823496]","[16.792387245166346,8.36368683646876,9.001042016488151]","[218.6638430460554,-29.135990642611123,116.69363861769364]","[273.7635970166336,-2.1038211155625595,146.3914420546013]","[true,true,true]","[55.09975397057818,27.032169527048563,29.697803436907662]"
20,rough Linear NPE,"[234.0640775763408,-10.052372427314284,130.1041446427431]","[228.16408651843807,-15.748996019574948,127.07478563883309]","[17.504799002498345,9.237556627460815,10.42554804796882]","[206.80390803819853,-27.582404015863457,114.8493903064915]","[259.55259983152587,-2.8540659294049604,147.95750100669704]","[true,true,true]","[52.74869179332734,24.728338086458496,33.10811070020554]"
21,rough Linear NPE,"[234.0640775763408,-10.052372427314284,130.1041446427431]","[245.12347575017674,-12.54519174354347,129.40932687193143]","[16.110472947473582,9.67773901704458,9.39641229505273]","[220.74805894895366,-27.723091380187622,115.84036390465624]","[273.0256194630593,3.965783931271479,146.64946603256732]","[true,true,true]","[52.27756051410563,31.6888753114591,30.809102127911075]"
22,rough Linear NPE,"[234.0640775763408,-10.052372427314284,130.1041446427431]","[242.27695929485807,-8.954727332202477,131.04174161275006]","[15.493500230800196,7.557005854468392,8.042576655134324]","[219.53588650089574,-21.068216089310738,118.73808071516858]","[268.8009898557851,2.980502974187733,145.07008797700848]","[true,true,true]","[49.265103354889334,24.04871906349847,26.332007261839905]"
23,rough Linear NPE,"[234.0640775763408,-10.052372427314284,130.1041446427431]","[242.13340985877585,-7.028700599696997,127.25860067594672]","[19.275694068303167,9.088498188023244,10.088420369950033]","[215.2853580406239,-20.341225772463442,114.85708106572105]","[277.39993312085716,7.3413962264427,147.8405600178892]","[true,true,true]","[62.114575080233266,27.682621998906143,32.983478952168156]"
24,rough Linear NPE,"[234.0640775763408,-10.052372427314284,130.1041446427431]","[242.53904926405764,-14.496594393295707,135.51245307931316]","[14.469207050791601,8.053648505703357,8.472202202725367]","[220.96788507566885,-26.58388986562647,121.47717792403827]","[265.7215171837176,0.2641784922579143,149.53351471021026]","[true,true,true]","[44.75363210804875,26.848068357884387,28.056336786171983]"
25,rough Linear NPE,"[234.0640775763408,-10.052372427314284,130.1041446427431]","[231.3541144719284,-10.42807011848789,143.98807019782845]","[14.393009547161144,9.545128150371145,10.546965099717177]","[210.76810825277408,-25.70759745311791,127.73899375056881]","[255.22753080092966,5.506942228156007,162.68476168918664]","[true,true,true]","[44.45942254815557,31.214539681273916,34.945767938617834]"
26,rough Linear NPE,"[234.0640775763408,-10.052372427314284,130.1041446427431]","[227.43245553738632,-13.888315227823584,126.97722380319422]","[16.457989538404338,8.582374545389309,9.144249362515657]","[207.18455787312706,-25.934404396452553,115.23114177730537]","[257.37335380641764,-0.19472328359377614,144.97822040318655]","[true,true,true]","[50.18879593329058,25.739681112858776,29.747078625881187]"
27,rough Linear NPE,"[234.0640775763408,-10.052372427314284,130.1041446427431]","[229.14696933830558,-20.322839878553246,135.50019426189658]","[16.588851010835626,7.450377275024641,9.234431278319235]","[207.91292500764854,-31.031262310307937,122.40547560623848]","[258.2473773119476,-9.00590171363265,152.6102108627766]","[true,true,true]","[50.33445230429908,22.025360596675288,30.204735256538115]"
28,rough Linear NPE,"[234.0640775763408,-10.052372427314284,130.1041446427431]","[248.77034880819866,-15.704521449912468,134.48039318386975]","[17.063018306633033,7.9658751037265185,8.81899941480407]","[223.27153522533877,-27.600210737596765,120.83317413454438]","[277.83620752097846,-3.305609653652213,149.66463313871847]","[true,true,true]","[54.564672295639696,24.294601083944553,28.831459004174093]"
29,rough Linear NPE,"[234.0640775763408,-10.052372427314284,130.1041446427431]","[262.5866915141853,0.11459267948086238,137.60052567537156]","[15.340384658511411,7.917445453988208,8.458709069685538]","[238.9431312726088,-12.709230833052752,123.91911973570977]","[289.02051849058455,13.415384512897548,151.57630007142419]","[false,true,true]","[50.07738721797574,26.1246153459503,27.657180335714415]"
30,rough Linear NPE,"[234.0640775763408,-10.052372427314284,130.1041446427431]","[235.3490728003188,-11.185839797031232,131.2530414322198]","[14.252407833719898,6.9984904283881155,7.783460650089171]","[214.17545850686352,-22.796486541448935,118.71092809083444]","[259.0990831155876,-0.03183235443587125,144.5952594264349]","[true,true,true]","[44.923624608724054,22.764654187013065,25.88433133560045]"
31,rough Linear NPE,"[234.0640775763408,-10.052372427314284,130.1041446427431]","[246.29269292433722,-21.67511085455439,134.37387351451136]","[15.25065369340254,6.864049683387166,8.105545824292205]","[222.68878552097976,-32.216213672038286,121.38469571086377]","[271.7891710534006,-10.578661327328263,148.05277026065812]","[true,false,true]","[49.10038553242083,21.637552344710024,26.668074549794355]"
32,rough Linear NPE,"[234.0640775763408,-10.052372427314284,130.1041446427431]","[235.8149124751777,-12.291245478228104,127.36826687893571]","[18.6158806951634,8.297527249115213,9.810959720352317]","[210.1720850054844,-24.491248498314903,115.16265783000189]","[268.3377587521828,1.3135827762556789,147.18841615243292]","[true,true,true]","[58.16567374669842,25.80483127457058,32.02575832243103]"
33,rough Linear NPE,"[234.0640775763408,-10.052372427314284,130.1041446427431]","[224.83466007314507,-11.691021334264638,130.70535945578294]","[14.702131246478228,7.808325291603823,8.859384419307123]","[206.4551541827637,-22.92112430702299,118.0980377752694]","[251.2481266790131,0.21560974386834791,147.4621742812417]","[true,true,true]","[44.792972496249405,23.136734050891338,29.364136505972283]"
34,rough Linear NPE,"[234.0640775763408,-10.052372427314284,130.1041446427431]","[238.46562937353667,-2.7299620382720393,134.41627244470817]","[15.054969861535227,7.437640032213121,8.419235488141]","[216.0691051296563,-14.478507792013675,121.92374319155651]","[263.8813677928593,9.02385213279891,149.36427312387266]","[true,true,true]","[47.812262663203,23.502359924812584,27.440529932316153]"
35,rough Linear NPE,"[234.0640775763408,-10.052372427314284,130.1041446427431]","[233.67060987962955,-20.834984220094704,133.3185524496262]","[15.236410778476177,8.802921894534297,10.806296508170194]","[212.13094045907965,-33.35285964198677,117.29133227289437]","[259.22453209098967,-4.968419294321572,152.67074536029588]","[true,true,true]","[47.093591631910016,28.384440347665198,35.37941308740152]"
36,rough Linear NPE,"[234.0640775763408,-10.052372427314284,130.1041446427431]","[244.3630976691707,-11.806651940499476,144.08615218154614]","[14.2174234529004,9.154174159498606,9.714108540080103]","[222.74973161349862,-25.941333407282087,128.6186130234164]","[267.9880794935817,3.80663150080134,160.59665858630842]","[true,true,true]","[45.2383478800831,29.74796490808343,31.97804556289202]"
37,rough Linear NPE,"[234.0640775763408,-10.052372427314284,130.1041446427431]","[241.2324575662082,-5.136403977304207,136.30049446675238]","[14.717834702027014,7.571602384968429,8.385672741643821]","[219.19677581800164,-17.044377868326052,123.6145621315707]","[267.06229875125524,7.023443117642096,151.0296320224092]","[true,true,true]","[47.8655229332536,24.067820985968147,27.41506989083851]"
38,rough Linear NPE,"[234.0640775763408,-10.052372427314284,130.1041446427431]","[260.08338122501357,-1.785029323742613,141.8672450480922]","[17.733228222042335,9.331826323358744,9.747651825451733]","[232.30409103834873,-16.21917578797116,126.10728805684141]","[288.79826545668493,14.437949759210248,158.18726094060546]","[true,true,true]","[56.4941744183362,30.65712554718141,32.07997288376404]"
39,rough Linear NPE,"[234.0640775763408,-10.052372427314284,130.1041446427431]","[254.8596619082622,-20.562088498808485,129.4381372479466]","[17.489350169191464,8.863979190699977,9.78162740122865]","[229.99065367394488,-33.55719671640142,115.75908379059847]","[287.1764366135589,-4.788864819353516,147.9492830816191]","[true,true,true]","[57.18578293961403,28.768331897047904,32.19019929102062]"
40,rough Linear NPE,"[234.0640775763408,-10.052372427314284,130.1041446427431]","[244.9465731423917,-10.692522074054217,150.934136620952]","[15.198374275852126,7.797698547956727,9.56683071446291]","[221.8976137063885,-22.9516696394714,135.92120740913498]","[269.95855131495944,1.3430729017817675,167.31408490805765]","[true,true,false]","[48.060937608570924,24.294742541253168,31.392877498922672]"
41,rough Linear NPE,"[234.0640775763408,-10.052372427314284,130.1041446427431]","[237.94262674855887,-16.371958237734642,139.8832941616974]","[14.065694958612394,8.264318904735465,8.936558298859712]","[216.6901997596735,-28.981540339241935,125.61738476033435]","[261.34230571517855,-1.8966476024058063,154.95779488453832]","[true,true,true]","[44.65210595550505,27.084892736836128,29.34041012420397]"
42,rough Linear NPE,"[234.0640775763408,-10.052372427314284,130.1041446427431]","[245.98445710676395,-4.531675274129894,135.64828122955907]","[14.18283392238131,7.167615914659117,7.799769769260356]","[223.82049767777198,-15.935969446377477,123.01423063341049]","[269.08316548563664,7.133970886710394,148.87625804363452]","[true,true,true]","[45.26266780786466,23.06994033308787,25.86202741022403]"
43,rough Linear NPE,"[234.0640775763408,-10.052372427314284,130.1041446427431]","[234.84152774669863,-15.40772764404946,127.39821208549475]","[19.224784125836496,8.538441624581534,9.94797032452824]","[209.80378968437654,-28.419169487313265,114.83535081003811]","[271.3889210493197,-0.8850184258584668,146.46372758917838]","[true,true,true]","[61.58513136494318,27.5341510614548,31.628376779140268]"
44,rough Linear NPE,"[234.0640775763408,-10.052372427314284,130.1041446427431]","[219.33990740726222,-16.088035719920878,147.82520526594368]","[12.519296748238977,9.208943594254787,11.197990033958302]","[205.07312212529322,-29.970852136445234,130.55389733600828]","[241.5362925425384,-0.3586081258993265,167.46051479584395]","[true,true,false]","[36.46317041724518,29.612244010545908,36.90661745983567]"
45,rough Linear NPE,"[234.0640775763408,-10.052372427314284,130.1041446427431]","[248.45893502300083,-2.473679124132881,127.9825855024996]","[17.185834295033334,8.113883290764113,8.612239988042056]","[223.45811143616345,-14.854148811636149,115.99616830291865]","[277.9513984542979,10.65895361583958,143.6396191549871]","[true,true,true]","[54.493287018134424,25.51310242747573,27.64345085206844]"
46,rough Linear NPE,"[234.0640775763408,-10.052372427314284,130.1041446427431]","[234.05071300382932,-13.447780483956233,127.07168862232582]","[17.811132126467918,7.6516589727756426,9.178301648315065]","[209.61847902647298,-25.19639064247009,115.31039392313424]","[265.402685410471,-0.6247544126425104,145.1514006174558]","[true,true,true]","[55.784206383998026,24.57163622982758,29.841006694321564]"
47,rough Linear NPE,"[234.0640775763408,-10.052372427314284,130.1041446427431]","[255.59988323575155,-17.258985922236008,133.76809845335734]","[15.602288708904226,7.872913137381315,8.213202934612449]","[232.66762550642167,-29.34652396680933,121.04477268632331]","[281.96954696818045,-3.6024091198390935,147.92404867647318]","[true,true,true]","[49.30192146175878,25.744114846970234,26.879275990149864]"
48,rough Linear NPE,"[234.0640775763408,-10.052372427314284,130.1041446427431]","[227.37786330948757,-15.850063235514014,126.93806259692977]","[17.693394718441787,9.217511692218498,10.081273764070358]","[206.51456086209907,-28.02076129649872,114.73991489154854]","[260.8170527824324,-1.696550790031361,146.13911316706495]","[true,true,true]","[54.30249192033335,26.32421050646736,31.39919827551641]"
49,rough Linear NPE,"[234.0640775763408,-10.052372427314284,130.1041446427431]","[252.97857618037582,-3.9755971958328664,136.87134068739758]","[14.839933437266826,7.2965975246256685,8.406071440578106]","[229.73345371002873,-16.03241003984042,123.43241134536902]","[277.98682501135875,7.776504497874515,151.1557592302996]","[true,true,true]","[48.25337130133002,23.808914537714937,27.723347884930575]"
50,rough Linear NPE,"[234.0640775763408,-10.052372427314284,130.1041446427431]","[223.89236623016527,-19.217800238951217,136.09620998378043]","[13.658641608571903,8.725376855510484,10.694145157858722]","[206.29786276575825,-32.24801568663033,119.7286335392786]","[248.91451924496272,-3.7104432128440936,155.49875222674356]","[true,true,true]","[42.616656479204465,28.537572473786238,35.77011868746496]"
51,rough Linear NPE,"[234.0640775763408,-10.052372427314284,130.1041446427431]","[262.53159194847126,-5.940340304993152,130.14437034500125]","[18.962682806213184,8.491667491425005,8.158857953707994]","[233.47013748590533,-18.91188007696258,117.23253764247977]","[293.98153799507435,8.823522054503812,144.14241367334003]","[true,true,true]","[60.51140050916902,27.73540213146639,26.90987603086026]"
52,rough Linear NPE,"[234.0640775763408,-10.052372427314284,130.1041446427431]","[246.17263106825934,-14.823344028719017,143.8134021031578]","[15.78826621856177,9.04804161186814,10.087484276874527]","[222.2165454579484,-29.025671170702697,128.10255185037352]","[273.3066325773311,1.0552687113642658,161.2878109035301]","[true,true,true]","[51.09008711938267,30.080939882066964,33.185259053156585]"
53,rough Linear NPE,"[234.0640775763408,-10.052372427314284,130.1041446427431]","[227.24256599970255,-11.707424678630126,127.17070088007715]","[16.920609747905058,8.493040877247127,10.359493625315725]","[206.8245929656666,-23.698517784438195,114.66296271217863]","[257.5328074250875,1.9161034357163944,147.66583457184146]","[true,true,true]","[50.70821445942093,25.61462122015459,33.00287185966283]"
54,rough Linear NPE,"[234.0640775763408,-10.052372427314284,130.1041446427431]","[241.61902671771074,-21.848820360206094,126.31979523501515]","[16.969598611424537,8.21180568559906,9.20946358287375]","[218.5981218075469,-33.24290227016278,114.36858782837018]","[273.1249347038267,-7.229392934076474,143.6498904466098]","[true,true,true]","[54.52681289627978,26.013509336086308,29.281302618239607]"
55,rough Linear NPE,"[234.0640775763408,-10.052372427314284,130.1041446427431]","[224.814218913409,-15.491691684309812,146.95723378692523]","[14.934674522748386,8.215710220777414,9.42417714127782]","[206.79479243847928,-27.453932663578804,132.83521326509478]","[250.90490431387798,-3.3882622977712287,163.4455816477565]","[true,true,false]","[44.1101118753987,24.065670365807577,30.610368382661733]"
56,rough Linear NPE,"[234.0640775763408,-10.052372427314284,130.1041446427431]","[252.18892003486502,2.4690755955120296,137.56807061158702]","[14.791482752506695,7.373809330125497,8.207541974689759]","[229.23422324254443,-9.397696681824016,125.19559821101197]","[277.22707913170683,14.715348212150072,151.37081635925287]","[true,false,true]","[47.9928558891624,24.113044893974088,26.1752181482409]"
57,rough Linear NPE,"[234.0640775763408,-10.052372427314284,130.1041446427431]","[258.3867622221508,-15.395364703946141,127.70324677249992]","[15.931903291821598,7.445414981112798,7.372674362931761]","[233.88344210604092,-26.93369052513691,116.51937866635193]","[284.70726461671967,-3.046416399173588,140.39672960641343]","[true,true,true]","[50.82382251067875,23.887274125963323,23.877350940061504]"
58,rough Linear NPE,"[234.0640775763408,-10.052372427314284,130.1041446427431]","[231.24723589476756,-0.4526248102149928,126.21014773408805]","[16.424380972398538,7.796887542200213,8.357593469755846]","[208.88131710147434,-11.957338138863634,115.25394080209027]","[259.37284191452954,11.646164954257214,142.14857173166925]","[true,true,true]","[50.49152481305521,23.60350309312085,26.89463092957898]"
59,rough Linear NPE,"[234.0640775763408,-10.052372427314284,130.1041446427431]","[233.37125421223817,-14.469525497051015,140.06219887832074]","[15.459208337755731,7.799987605509419,9.319654600078911]","[210.74914426218763,-26.922686005081935,125.90677863943237]","[260.363660582649,-1.4476832635422248,156.4766161748091]","[true,true,true]","[49.61451632046138,25.47500274153971,30.56983753537672]"
60,rough Linear NPE,"[234.0640775763408,-10.052372427314284,130.1041446427431]","[226.48091989196232,-17.856510223031396,133.63315593839323]","[13.524193479585787,6.946228860976035,8.16690643358354]","[207.42260756977603,-28.556631643158603,120.81700657997582]","[250.6505949606829,-6.419173736999419,148.00087136288957]","[true,true,true]","[43.22798739090686,22.137457906159185,27.183864782913744]"
61,rough Linear NPE,"[234.0640775763408,-10.052372427314284,130.1041446427431]","[251.22995687480253,-11.670668873549156,127.99760163002667]","[20.049076132372026,8.608816355543865,10.185157330002866]","[222.51388124401882,-24.55474647329327,115.3686543360983]","[287.03123557779827,1.832386462082264,148.50812227039646]","[true,true,true]","[64.51735433377945,26.387132935375536,33.13946793429815]"
62,rough Linear NPE,"[234.0640775763408,-10.052372427314284,130.1041446427431]","[254.3242795674601,-22.32709697642865,132.16629288016873]","[17.614705241852064,8.877629180389086,10.542160648022088]","[228.12576972691198,-34.79070081704696,116.7873153957681]","[285.7633997917487,-6.141042593821745,151.079634172633]","[true,true,true]","[57.63763006483674,28.649658223225217,34.2923187768649]"
63,rough Linear NPE,"[234.0640775763408,-10.052372427314284,130.1041446427431]","[242.28790927056363,-17.108810444541906,137.11017779267274]","[15.288954458990643,8.0567662575509,8.799839292300254]","[219.00435915346682,-29.323043750545516,123.60071916866626]","[267.88495392356094,-3.75351962476729,152.48396435639998]","[true,true,true]","[48.88059477009412,25.569524125778226,28.88324518773372]"
64,rough Linear NPE,"[234.0640775763408,-10.052372427314284,130.1041446427431]","[245.97821430496046,-11.045081611621557,129.9555191728336]","[17.712488692038757,8.008597071071623,9.02157826560991]","[219.7205998346626,-23.256133095688092,117.12075149504201]","[277.15880923588037,1.6248748985822168,147.15828305013056]","[true,true,true]","[57.43820940121776,24.88100799427031,30.03753155508855]"
65,rough Linear NPE,"[234.0640775763408,-10.052372427314284,130.1041446427431]","[225.32188698850157,-8.044101917340196,144.2838472290028]","[16.381567587892953,8.072550027458956,10.392158813580798]","[205.50513835519243,-21.496624476377775,128.81537651561658]","[256.3905371819087,4.71895578258151,162.96685979306298]","[true,true,true]","[50.88539882671628,26.215580258959285,34.1514832774464]"
66,rough Linear NPE,"[234.0640775763408,-10.052372427314284,130.1041446427431]","[237.10094491299853,-9.036819797473106,135.13075822502884]","[14.517838508256201,7.993384031179234,8.951062143742393]","[215.42784538833777,-21.538153576259194,121.72864512910523]","[262.069092882237,3.86979453117745,150.93032047019847]","[true,true,true]","[46.641247493899215,25.407948107436646,29.201675341093235]"
67,rough Linear NPE,"[234.0640775763408,-10.052372427314284,130.1041446427431]","[230.65650594850922,-12.53864242515752,142.36180003476582]","[14.182404359654326,7.98512375279928,9.4400666290086]","[210.04291555310735,-25.22662800907723,127.37177838244666]","[255.43430638163838,0.9768221354773466,158.35472149913895]","[true,true,true]","[45.39139082853103,26.203450144554576,30.982943116692283]"
68,rough Linear NPE,"[234.0640775763408,-10.052372427314284,130.1041446427431]","[261.93100561168205,-11.099600124824569,138.78194615778276]","[14.706019093515195,8.39130727380446,8.32422986098518]","[238.77633255503673,-24.03489295427164,125.55099198746788]","[285.85891580693504,3.562761039845867,152.70520502222436]","[false,true,true]","[47.08258325189831,27.597653994117508,27.15421303475648]"
69,rough Linear NPE,"[234.0640775763408,-10.052372427314284,130.1041446427431]","[233.33366680082995,-12.497413713094096,129.52749402591317]","[14.645429502959187,7.221796475269729,7.470298379832489]","[211.5714085649338,-23.523388523426995,117.63876984781028]","[257.5214672939315,-0.3034331214715512,142.17898875144058]","[true,true,true]","[45.9500587289977,23.219955401955442,24.540218903630304]"
70,rough Linear NPE,"[234.0640775763408,-10.052372427314284,130.1041446427431]","[253.81527508115545,-7.18812510555171,128.80726687016022]","[18.798350652852317,7.993321524975405,7.949041248432014]","[225.82065098331026,-19.839902547281714,116.59061167542593]","[286.52736992086795,6.060454352981279,142.44912330649416]","[true,true,true]","[60.706718937557696,25.90035690026299,25.858511631068225]"
71,rough Linear NPE,"[234.0640775763408,-10.052372427314284,130.1041446427431]","[225.3268131439832,-17.33696964477141,138.40981158724796]","[15.038821937431639,7.597260108557907,9.361051181819056]","[206.41316809723295,-28.675581035172872,124.52183433760196]","[251.01323327490056,-5.240738322474743,155.8986459076772]","[true,true,true]","[44.6000651776676,23.434842712698128,31.376811570075247]"
72,rough Linear NPE,"[234.0640775763408,-10.052372427314284,130.1041446427431]","[246.30044095254917,-6.833243312739892,136.01232264103146]","[16.281256498669883,8.7453446939353,9.396756431862856]","[221.96342310710034,-20.863851665111014,121.48955839424926]","[273.8394708614721,7.723425234388975,152.38329206216815]","[true,true,true]","[51.87604775437174,28.58727689949999,30.893733667918895]"
73,rough Linear NPE,"[234.0640775763408,-10.052372427314284,130.1041446427431]","[252.84428653897052,-21.11913081699699,137.5031847997021]","[15.856385790069279,7.706554639215685,9.115149386835196]","[229.32165023833346,-32.44849083045084,123.86240704171644]","[279.8290943380765,-8.515195541748016,153.6599715907474]","[true,true,true]","[50.507444099743054,23.933295288702823,29.797564549030966]"
74,rough Linear NPE,"[234.0640775763408,-10.052372427314284,130.1041446427431]","[230.14104790821094,-7.011985002347711,137.2355028926844]","[14.982794696767527,8.118115265971202,9.489065422233578]","[209.08501105830678,-20.31538107226626,122.22196606223437]","[257.43802458838894,6.376183101526079,153.6140553677525]","[true,true,true]","[48.353013530082166,26.691564173792337,31.39208930551814]"
75,rough Linear NPE,"[234.0640775763408,-10.052372427314284,130.1041446427431]","[263.2025417882187,-10.009857992733323,144.38596015783503]","[16.190807885159007,7.947651758254494,8.946757965945737]","[239.20765664064191,-22.5674311478125,131.053494200973]","[290.56540554369815,2.8805037868286667,160.1533263074507]","[false,true,false]","[51.35774890305623,25.447934934641165,29.09983210647769]"
76,rough Linear NPE,"[234.0640775763408,-10.052372427314284,130.1041446427431]","[247.547776634469,-16.6889692248262,132.56244493725734]","[16.342438025079858,9.150521083302495,9.222341765091304]","[222.85317110624425,-31.079878942712476,118.08994843875874]","[275.60856209806553,-0.7470754884930237,148.48082539304554]","[true,true,true]","[52.75539099182129,30.33280345421945,30.390876954286796]"
77,rough Linear NPE,"[234.0640775763408,-10.052372427314284,130.1041446427431]","[233.51919076917056,-11.216925331763736,137.33576542602054]","[14.479325900486742,7.431900787955166,8.62523127277388]","[212.04691484333821,-23.015297592213486,123.94370718667604]","[258.16726093842084,0.8263624321051344,151.97867005084316]","[true,true,true]","[46.120346095082624,23.84166002431862,28.034962864167127]"
78,rough Linear NPE,"[234.0640775763408,-10.052372427314284,130.1041446427431]","[238.65594377002836,-20.844968134952786,130.24116965491714]","[16.49363756133389,8.772874626627836,10.0393427858988]","[214.897151173143,-33.19383817157839,115.87579719077998]","[267.9545582528689,-4.443272400098674,148.80623684486747]","[true,true,true]","[53.05740707972589,28.750565771479717,32.93043965408749]"
79,rough Linear NPE,"[234.0640775763408,-10.052372427314284,130.1041446427431]","[257.82809445221955,-11.193581365234165,130.32793495717962]","[15.73347384737154,7.796799728118875,7.638703520455936]","[233.97941816030044,-23.395910354065116,117.97023865698237]","[283.5640577201508,2.3060846742565135,143.21887102678164]","[true,true,true]","[49.58463955985036,25.70199502832163,25.248632369799267]"
80,rough Linear NPE,"[234.0640775763408,-10.052372427314284,130.1041446427431]","[229.1086082966633,-8.427538756694688,129.25720343213516]","[15.284275311939092,7.642369184197223,8.498583603353246]","[208.0117998765639,-20.137822813300357,117.18184060346083]","[256.3945182496628,3.561159309374454,145.00541997731057]","[true,true,true]","[48.38271837309887,23.69898212267481,27.82357937384974]"
81,rough Linear NPE,"[234.0640775763408,-10.052372427314284,130.1041446427431]","[224.0891892948531,-14.950708771344885,134.65453191505514]","[14.832374250876432,7.945602687984738,9.229824807732738]","[206.02594186755766,-26.58282778498102,121.04419694768933]","[250.53218946274606,-2.9951196977268926,152.0343247847574]","[true,true,true]","[44.5062475951884,23.58770808725413,30.99012783706806]"
82,rough Linear NPE,"[234.0640775763408,-10.052372427314284,130.1041446427431]","[239.98297757047155,-11.507580368326863,130.04749122552622]","[16.859790371702694,8.214552245789774,9.053301591439988]","[216.34127971232735,-24.528166455606048,117.27574879477058]","[268.8474482450047,2.4250765383720565,146.88472675418302]","[true,true,true]","[52.50616853267738,26.953242993978105,29.608977959412442]"
83,rough Linear NPE,"[234.0640775763408,-10.052372427314284,130.1041446427431]","[231.445214170198,-20.406296232243935,140.21538971733003]","[14.698699331188989,8.99108780770961,11.182099206370005]","[210.12278548407272,-33.51578540324002,122.76384640879081]","[257.4317571619709,-4.297371833076939,159.6430178331538]","[true,true,true]","[47.30897167789817,29.21841357016308,36.879171424362994]"
84,rough Linear NPE,"[234.0640775763408,-10.052372427314284,130.1041446427431]","[248.5792343914606,-16.094122492061647,131.65395715143552]","[18.05354805458987,7.914666591860404,8.45003954625234]","[220.77665149487453,-28.484486775129895,118.68197573240379]","[279.84338012674147,-2.6293258713174055,146.62430139789353]","[true,true,true]","[59.06672863186694,25.85516090381249,27.942325665489747]"
85,rough Linear NPE,"[234.0640775763408,-10.052372427314284,130.1041446427431]","[245.54520701231314,-11.796486805195796,127.40787729207948]","[20.243518589793744,8.615688172691861,9.94793566841664]","[217.7843906073616,-24.557197606950265,114.8513766812864]","[281.9731923180092,2.232778139694426,147.29991522317664]","[true,true,true]","[64.1888017106476,26.78997574664469,32.448538541890244]"
86,rough Linear NPE,"[234.0640775763408,-10.052372427314284,130.1041446427431]","[268.7793135632828,-3.982474650728734,134.77369015542587]","[15.93411267437698,8.38604413723159,8.142937413717975]","[244.0378047880468,-16.42699627132197,121.56447568772955]","[295.65296115474155,10.785726190643535,148.64920786789096]","[false,true,true]","[51.61515636669475,27.212722461965505,27.08473218016141]"
87,rough Linear NPE,"[234.0640775763408,-10.052372427314284,130.1041446427431]","[249.80213063288667,-21.96249997058977,147.5000205647896]","[14.917247713963885,8.870972895428196,9.786720626857145]","[226.47149463130333,-34.91317613177805,131.5464544832327]","[274.68983307330564,-5.726136693443783,164.19048810660303]","[true,true,false]","[48.218338442002306,29.187039438334267,32.64403362337032]"
88,rough Linear NPE,"[234.0640775763408,-10.052372427314284,130.1041446427431]","[238.81661506416515,-18.6576178758591,130.1554215718654]","[16.20319080875923,8.155854347666157,8.97420671554357]","[215.00496839282076,-31.06880405266851,116.7539703474768]","[267.8999136318666,-4.516217705756867,146.20448823528088]","[true,true,true]","[52.894945239045825,26.552586346911646,29.450517887804082]"
89,rough Linear NPE,"[234.0640775763408,-10.052372427314284,130.1041446427431]","[261.7569776755786,-5.384208801771634,141.0621443074172]","[14.879252970473589,7.5836675554691775,8.220392058122965]","[238.98412062665665,-17.609517479801802,127.92642697200039]","[287.08250613350816,7.023958147824782,155.23754807444516]","[false,true,true]","[48.098385506851514,24.633475627626584,27.311121102444773]"
90,rough Linear NPE,"[234.0640775763408,-10.052372427314284,130.1041446427431]","[234.73590436593656,-18.72401913506336,132.45073651712516]","[14.76100399116775,7.73590676229602,8.2804762301333]","[213.1768202707389,-30.388398499015498,119.43037604365128]","[259.466605493596,-5.064573781368823,146.71970892526326]","[true,true,true]","[46.28978522285709,25.323824717646673,27.289332881611983]"
91,rough Linear NPE,"[234.0640775763408,-10.052372427314284,130.1041446427431]","[224.99584302827944,-16.228899923150124,127.89557023934223]","[15.798714087878981,9.03331906662442,9.821033593833036]","[206.4107947970845,-29.257175484320523,115.03640071296194]","[256.0934263426608,-0.8634587777284716,146.92176395249342]","[true,true,true]","[49.6826315455763,28.393716706592052,31.885363239531486]"
92,rough Linear NPE,"[234.0640775763408,-10.052372427314284,130.1041446427431]","[227.07752650907352,-15.557537610805875,126.55749115982522]","[17.48271519671796,9.005403778194589,10.171071306624516]","[206.3899773169515,-27.300009393838522,114.54455517433541]","[258.96935752334485,-1.6491459244114492,146.5965263759748]","[true,true,true]","[52.57938020639335,25.650863469427073,32.05197120163939]"
93,rough Linear NPE,"[234.0640775763408,-10.052372427314284,130.1041446427431]","[236.80757708931515,-16.70947412402996,127.23259277705353]","[19.89042098955566,8.998101848988261,9.875652984793117]","[211.38239005501032,-29.76761908841572,114.7387767158232]","[275.03332861553304,-0.9604968949530429,146.1839263654882]","[true,true,true]","[63.65093856052272,28.80712219346268,31.445149649664984]"
94,rough Linear NPE,"[234.0640775763408,-10.052372427314284,130.1041446427431]","[229.01616547005236,-12.813419389971276,129.78910215671144]","[18.09002902149224,7.5530282971268665,9.213251893146811]","[206.32330226570497,-25.04243009136912,116.80756146709524]","[261.65268085799073,-0.662016982457126,147.2397604376739]","[true,true,true]","[55.329378592285764,24.380413108911995,30.432198970578668]"
95,rough Linear NPE,"[234.0640775763408,-10.052372427314284,130.1041446427431]","[250.70598443071555,-11.248232383734472,153.81158818795356]","[16.138273516901094,9.813975106764888,10.911068069247236]","[225.54936714657006,-26.71383216270117,136.60068625736187]","[277.1206524380194,5.166382736632053,172.22832372196015]","[true,true,false]","[51.57128529144936,31.88021489933322,35.62763746459828]"
96,rough Linear NPE,"[234.0640775763408,-10.052372427314284,130.1041446427431]","[269.1203687801103,6.143058350751787,141.3993029245604]","[15.795443588640513,7.6349661159827615,8.411465652593783]","[244.67408953792915,-6.207080925525054,128.42789813175233]","[295.94920955852933,18.29038537270345,155.58639544732816]","[false,false,true]","[51.275120020600184,24.497466298228506,27.15849731557583]"
97,rough Linear NPE,"[234.0640775763408,-10.052372427314284,130.1041446427431]","[258.07499511725354,-19.678368870178236,134.48715933872484]","[17.29332900646381,8.525981782723287,9.316987754308842]","[231.8384756413131,-32.5186985454753,120.0788603112359]","[288.80261551042634,-4.2967180330112225,150.66029256736832]","[true,true,true]","[56.96413986911324,28.22198051246408,30.581432256132416]"
98,rough Linear NPE,"[234.0640775763408,-10.052372427314284,130.1041446427431]","[247.25900832859628,-11.603823757856437,137.78795495103014]","[16.258118756960055,8.069132278632754,9.015738165005814]","[223.16686926096554,-24.443717579304806,123.78383438478988]","[275.44461491350836,1.5656871542725248,153.0727639515276]","[true,true,true]","[52.27774565254282,26.00940473357733,29.28892956673772]"
99,rough Linear NPE,"[234.0640775763408,-10.052372427314284,130.1041446427431]","[225.94589149926585,-11.958149535493405,130.61402951213236]","[15.310689783342081,8.631951465510673,9.669312306811824]","[206.82316288372775,-25.40593059917333,116.91919980973648]","[253.99253106345748,1.8661599292530613,149.05042008953185]","[true,true,true]","[47.16936817972973,27.272090528426393,32.13122027979537]"
0,full all-pair MPLE,"[234.0640775763408,-10.052372427314284,130.1041446427431]","[237.55444428915027,-13.061469957579316,116.47085775496338]","[24.786653824509884,11.160451037498802,16.286055314072073]","[196.78402684591464,-31.418778325023535,89.68268060287964]","[278.3248617323859,5.295838409864903,143.25903490704712]","[true,true,true]","[81.54083488647126,36.71461673488844,53.57635430416748]"
1,full all-pair MPLE,"[234.0640775763408,-10.052372427314284,130.1041446427431]","[203.97921152478534,-0.8147716937205213,148.83496044467046]","[2.1664472840248594,9.982317425281808,19.049711101515225]","[200.41572285205788,-17.234222716076175,117.50097404696542]","[207.5427001975128,15.604679328635134,180.16894684237548]","[false,true,true]","[7.126977345454918,32.83890204471131,62.66797279541005]"
2,full all-pair MPLE,"[234.0640775763408,-10.052372427314284,130.1041446427431]","[215.97631091821015,-2.2061616077130286,132.93997519948945]","[22.576643679000576,13.924729768899414,24.871952649010485]","[178.84103667841504,-25.110303872406355,92.0292536753993]","[253.11158515800525,20.6979806569803,173.8506967235796]","[true,true,true]","[74.27054847959022,45.808284529386654,81.8214430481803]"
3,full all-pair MPLE,"[234.0640775763408,-10.052372427314284,130.1041446427431]","[253.49610519992927,-25.764545888558107,134.33216595118677]","[25.792642631859476,14.904999098488368,18.855327371160467]","[211.07098341825207,-50.28108771541511,103.31791233737611]","[295.9212269816065,-1.2480040617011028,165.3464195649974]","[true,true,true]","[84.85024356335441,49.03308365371401,62.02850722762129]"
4,full all-pair MPLE,"[234.0640775763408,-10.052372427314284,130.1041446427431]","[259.1879634759009,-17.569637262400995,132.563421731485]","[24.604111080737184,12.762676922521935,14.288350420742013]","[218.71780212683348,-38.56237268802104,109.06117671877391]","[299.65812482496835,3.4230981632190556,156.06566674419608]","[true,true,true]","[80.94032269813488,41.985470851240095,47.00449002542217]"
5,full all-pair MPLE,"[234.0640775763408,-10.052372427314284,130.1041446427431]","[243.354124760299,-15.171594261685527,124.47854096172499]","[25.5130455221131,11.782287105270454,14.729727518468316]","[201.38889929867327,-34.55173194057319,100.25029522896548]","[285.3193502219247,4.208543417202133,148.7067866944845]","[true,true,true]","[83.93045092325144,38.76027535777533,48.45649146551901]"
6,full all-pair MPLE,"[234.0640775763408,-10.052372427314284,130.1041446427431]","[266.1293912224526,-10.11051472717526,113.38151977497581]","[31.654793988854443,17.362255866489317,0.5284658161477046]","[214.06188851948377,-38.66888426122968,112.5122708605654]","[318.1968939254215,18.447854806879157,114.25076868938623]","[true,true,false]","[104.1350054059377,57.116739068108835,1.7384978288208401]"
7,full all-pair MPLE,"[234.0640775763408,-10.052372427314284,130.1041446427431]","[218.10431880072736,-4.718454075231294,141.95622334925122]","[23.71379207672871,12.518411459100468,15.26090851444271]","[179.09860189454707,-25.309408567403562,116.85426262869554]","[257.11003570690764,15.872500416940976,167.0581840698069]","[true,true,true]","[78.01143381236056,41.18190898434454,50.203921441111376]"
8,full all-pair MPLE,"[234.0640775763408,-10.052372427314284,130.1041446427431]","[218.6827367770192,-23.36260320770155,139.30758538659452]","[24.923796421280684,16.248382646665515,21.76318887611177]","[177.68673983607556,-50.088814336164674,103.51032522969217]","[259.6787337179628,3.3636079207615737,175.10484554349688]","[true,true,true]","[81.99199388188725,53.45242225692625,71.59452031380471]"
9,full all-pair MPLE,"[234.0640775763408,-10.052372427314284,130.1041446427431]","[275.050272122959,-35.98446227291997,126.64782533340505]","[28.32942245782865,4.45882909449929,15.327816928421278]","[228.45251884375904,-43.31858348096387,101.43581006544315]","[321.6480254021589,-28.650341064876066,151.85984060136695]","[true,false,true]","[93.19550655839987,14.668242416087807,50.424030535923805]"
10,full all-pair MPLE,"[234.0640775763408,-10.052372427314284,130.1041446427431]","[230.96982885480568,-15.86354433225949,129.2019025721187]","[26.67043289842252,10.18914338683129,21.796899257013223]","[187.10087056946955,-32.62319378761754,93.34919377292468]","[274.8387871401418,0.8961051230985575,165.05461137131275]","[true,true,true]","[87.73791657067224,33.519298910716095,71.70541759838807]"
11,full all-pair MPLE,"[234.0640775763408,-10.052372427314284,130.1041446427431]","[213.00999122071576,8.427769808571844,138.09941899416683]","[21.79963440807261,16.109008372856753,20.0051885055401]","[177.15278349838144,-18.06919104011321,105.1938121229813]","[248.86719894305008,34.924730657256895,171.00502586535237]","[true,true,true]","[71.71441544466865,52.993921697370105,65.81121374237107]"
12,full all-pair MPLE,"[234.0640775763408,-10.052372427314284,130.1041446427431]","[232.87099051854204,-11.496058674091632,137.35275611940062]","[25.703043190386193,11.413386189176569,15.657754209369626]","[190.59324670314498,-30.269408343156545,111.59804231820432]","[275.1487343339391,7.277290994973281,163.1074699205969]","[true,true,true]","[84.55548763079412,37.54669933812983,51.50942760239259]"
13,full all-pair MPLE,"[234.0640775763408,-10.052372427314284,130.1041446427431]","[217.6102592195375,-5.0083497174979,122.58346905228868]","[29.288197859199844,13.557382120532408,13.741102813626007]","[169.43546074396033,-27.308258870422662,99.98136625098287]","[265.7850576951147,17.291559435426862,145.1855718535945]","[true,true,true]","[96.34959695115435,44.599818305849524,45.20420560261162]"
14,full all-pair MPLE,"[234.0640775763408,-10.052372427314284,130.1041446427431]","[237.56960887451075,6.430523137113557,146.37091757679798]","[23.53934631267407,15.560708916735365,20.182277970650123]","[198.85082971604206,-19.16456536251471,113.17402445663134]","[276.28838803297947,32.02561163674183,179.5678106969646]","[true,true,true]","[77.43755831693741,51.190176999256536,66.39378624033327]"
15,full all-pair MPLE,"[234.0640775763408,-10.052372427314284,130.1041446427431]","[229.7930622402823,-23.559802088260042,120.18592738430839]","[21.288039984821424,13.080902414964697,14.761466444214195]","[194.77735246056082,-45.07597186931299,95.90547576442023]","[264.80877202000374,-2.0436323072070977,144.46637900419654]","[true,true,true]","[70.03141955944292,43.03233956210589,48.56090323977631]"
16,full all-pair MPLE,"[234.0640775763408,-10.052372427314284,130.1041446427431]","[237.16609187582299,-15.679860383537973,113.38151977497581]","[22.94955893652815,11.95372415052858,0.6019861503375731]","[199.4174266221381,-35.341986908112304,112.3913406722185]","[274.91475712950785,3.9822661410363605,114.37169887773312]","[true,true,false]","[75.49733050736975,39.324253049148666,1.9803582055146194]"
17,full all-pair MPLE,"[234.0640775763408,-10.052372427314284,130.1041446427431]","[254.05929449704854,-16.84636030055205,183.42272931972593]","[25.5495391847738,21.71158456731276,21.804503584097397]","[212.0340423020346,-52.55873892296004,147.55751251554696]","[296.0845466920625,18.86601832185594,219.2879461239049]","[true,true,false]","[84.05050439002787,71.42475724481598,71.73043360835794]"
18,full all-pair MPLE,"[234.0640775763408,-10.052372427314284,130.1041446427431]","[232.90679800558618,-14.378340228752577,142.13503542650824]","[23.768718989657867,13.273951419878449,15.571637267481304]","[193.81073436745712,-36.21204736571728,116.52197138951891]","[272.0028616437152,7.455366908212124,167.74809946349757]","[true,true,true]","[78.1921272762581,43.66741427392941,51.22612807397866]"
19,full all-pair MPLE,"[234.0640775763408,-10.052372427314284,130.1041446427431]","[220.52272936536892,-26.733311508136488,136.67985019074203]","[26.80254662317157,13.658177046058096,14.995054475792664]","[176.43646334070925,-49.19901355989049,112.01518044989957]","[264.6089953900286,-4.267609456382491,161.3445199315845]","[true,true,true]","[88.17253204931936,44.931404103508,49.329339481684926]"
20,full all-pair MPLE,"[234.0640775763408,-10.052372427314284,130.1041446427431]","[203.97921152478534,-15.566834474415847,113.38151977497581]","[12.28964149343867,12.79320968665689,0.4561181481042012]","[183.76455014036944,-36.60979182786413,112.63127218474823]","[224.19387290920125,5.476122879032436,114.1317673652034]","[false,true,false]","[40.42932276883181,42.08591470689657,1.5004951804551752]"
21,full all-pair MPLE,"[234.0640775763408,-10.052372427314284,130.1041446427431]","[265.2144242797829,-36.69939737326205,136.61566697527863]","[28.278406571681092,4.091533934144879,17.920079767842196]","[218.70058466594494,-43.42937180463528,107.13975877388371]","[311.7282638936209,-29.969422941888823,166.09157517667356]","[true,false,true]","[93.02767922767597,13.459948862746458,58.951816402789845]"
22,full all-pair MPLE,"[234.0640775763408,-10.052372427314284,130.1041446427431]","[231.32438702903715,-11.048214018063382,141.1741529735214]","[20.205240612385232,15.786107660498104,18.692617244033304]","[198.08972372432814,-37.0140504588801,110.4275337024576]","[264.5590503337462,14.917622422753334,171.92077224458518]","[true,true,true]","[66.46932660941806,51.93167288163343,61.493238542127585]"
23,full all-pair MPLE,"[234.0640775763408,-10.052372427314284,130.1041446427431]","[216.60698752246975,-0.8519275498035717,114.30710972484512]","[21.14676854220948,14.732296804590804,14.27813458821672]","[181.82364858751322,-25.08439938216033,90.8216682613156]","[251.39032645742628,23.380544282553185,137.79255118837466]","[true,true,true]","[69.56667786991306,48.464943664713516,46.970882927059066]"
24,full all-pair MPLE,"[234.0640775763408,-10.052372427314284,130.1041446427431]","[261.8263475652027,-28.608580739788085,139.82439241769566]","[26.840338679872154,20.550253697247253,19.587045724478575]","[217.6779191390091,-62.41074006847812,107.60656921652276]","[305.97477599139626,5.193578588901946,172.04221561886857]","[true,true,true]","[88.29685685238715,67.60431865738006,64.43564640234581]"
25,full all-pair MPLE,"[234.0640775763408,-10.052372427314284,130.1041446427431]","[209.8146688427738,-22.297395334363358,130.88562277714078]","[23.741782421310102,14.15892038161478,15.00180665441048]","[170.7629119167892,-45.58674687777955,106.20984669080899]","[248.86642576875843,0.9919562090528267,155.5613988634726]","[true,true,true]","[78.10351385196924,46.57870308683238,49.3515521726636]"
26,full all-pair MPLE,"[234.0640775763408,-10.052372427314284,130.1041446427431]","[203.97921152478534,-18.536705190657504,115.11165238429406]","[0.9552427488102466,12.915052580053851,11.200624463577494]","[202.4079770247857,-39.78007626922804,96.68826461125724]","[205.55044602478497,2.706665887913033,133.53504015733088]","[false,true,true]","[3.1424689999992665,42.48674215714107,36.846775546073644]"
27,full all-pair MPLE,"[234.0640775763408,-10.052372427314284,130.1041446427431]","[203.97921152478534,-6.152863848856268,138.48863206400299]","[3.761628101441027,13.184158087415973,16.21017804389056]","[197.79188389888748,-27.838874097244005,111.82526191498049]","[210.1665391506832,15.533146399531471,165.1520022130255]","[false,true,true]","[12.37465525179573,43.37202049677548,53.32674029804501]"
28,full all-pair MPLE,"[234.0640775763408,-10.052372427314284,130.1041446427431]","[235.3845018141245,7.9376868231289635,141.87551505237957]","[28.241144865528298,11.45299178159529,19.3630920652929]","[188.93195225279834,-10.900808248273446,110.02606283978729]","[281.83705137545064,26.776181894531373,173.72496726497187]","[true,true,true]","[92.9050991226523,37.67699014280482,63.69890442518458]"
29,full all-pair MPLE,"[234.0640775763408,-10.052372427314284,130.1041446427431]","[262.53683992449356,-8.342593124759768,162.64087088789285]","[36.20608017122832,15.748636359074606,23.45317941733653]","[202.9831376371529,-34.24679475952345,124.06382365974326]","[322.09054221183425,17.561608510003914,201.21791811604243]","[true,true,true]","[119.10740457468134,51.80840326952737,77.15409445629916]"
30,full all-pair MPLE,"[234.0640775763408,-10.052372427314284,130.1041446427431]","[241.102789028331,12.275698216674785,145.31015584623012]","[18.753308063067355,12.556011649894202,15.354153031122822]","[210.25634224345637,-8.377103085698623,120.0548215442198]","[271.9492358132056,32.928499519048195,170.56549014824043]","[true,false,true]","[61.6928935697492,41.30560260474682,50.51066860402062]"
31,full all-pair MPLE,"[234.0640775763408,-10.052372427314284,130.1041446427431]","[247.8996663799285,-3.194131152991132,146.90019193593213]","[29.064238596845577,23.557951198921955,25.258628091166145]","[200.09324810932412,-41.94351262608368,105.35344590835916]","[295.7060846505329,35.555250320101415,188.4469379635051]","[true,true,true]","[95.61283654120876,77.4987629461851,83.09349205514593]"
32,full all-pair MPLE,"[234.0640775763408,-10.052372427314284,130.1041446427431]","[222.86179916650818,-10.695909094609657,119.03074833335086]","[27.59479693992121,13.502004596290888,16.599291143248635]","[177.47239733488942,-32.90473032593417,91.7273440915549]","[268.25120099812693,11.51291213671485,146.33415257514682]","[true,true,true]","[90.77880366323751,44.41764246264901,54.60680848359192]"
33,full all-pair MPLE,"[234.0640775763408,-10.052372427314284,130.1041446427431]","[203.97921152478534,-7.824307803803149,119.84379521630156]","[0.7052271669662582,8.765255832573638,15.360571558140665]","[202.81921606137618,-22.24187065116944,94.57790337684627]","[205.1392069881945,6.593255043563141,145.10968705575684]","[false,true,true]","[2.3199909268183205,28.83512569473258,50.53178367891057]"
34,full all-pair MPLE,"[234.0640775763408,-10.052372427314284,130.1041446427431]","[223.8940261510585,6.43925836723444,134.8814771022851]","[18.72733211808984,15.33100916929527,18.461450525743768]","[193.09030599349364,-18.77800766970715,104.5150932462303]","[254.69774630862338,31.656524404176032,165.24786095833988]","[true,true,true]","[61.607440315129736,50.43453207388318,60.73276771210959]"
35,full all-pair MPLE,"[234.0640775763408,-10.052372427314284,130.1041446427431]","[218.48829788011219,-31.86669695463082,125.03330202124491]","[22.794804155333455,2.334324361565825,13.918887671081846]","[180.99418158956348,-35.70631884723355,102.13876915233581]","[255.9824141706609,-28.027075062028096,147.927834890154]","[true,false,true]","[74.9882325810974,7.6792437852054505,45.78906573781819]"
36,full all-pair MPLE,"[234.0640775763408,-10.052372427314284,130.1041446427431]","[281.324497924313,-22.380917268791315,131.53676029137208]","[25.394547450152555,15.952504827398153,17.321002559262357]","[239.55418444613832,-48.620452693098024,103.04624640933366]","[323.09481140248766,3.858618155515394,160.0272741734105]","[false,true,true]","[83.54062695634934,52.47907084861342,56.98102776407683]"
37,full all-pair MPLE,"[234.0640775763408,-10.052372427314284,130.1041446427431]","[249.52669981268778,-4.735620883447087,125.9536524237981]","[31.630284176168136,14.395184930306419,14.427019792061893]","[197.4995121640119,-28.413593026698766,102.22331659272443]","[301.5538874613637,18.942351259804592,149.68398825487176]","[true,true,true]","[104.05437529735178,47.35594428650336,47.460671662147334]"
38,full all-pair MPLE,"[234.0640775763408,-10.052372427314284,130.1041446427431]","[298.66265874840707,-29.465807427226917,164.25727727136749]","[36.949585866140744,12.746806401478866,16.418719409801287]","[237.88599842213063,-50.432438168747666,137.2508871002573]","[359.4393190746835,-8.499176685706171,191.26366744247767]","[false,true,false]","[121.55332065255288,41.93326148304149,54.01278034222037]"
39,full all-pair MPLE,"[234.0640775763408,-10.052372427314284,130.1041446427431]","[254.77349435397244,-33.1874889025699,116.29855643542956]","[28.14664700427002,2.500153895622767,9.477715003243944]","[208.47637994247611,-37.299876105721864,100.70910253713139]","[301.07060876546876,-29.075101699417942,131.88801033372775]","[true,false,true]","[92.59422882299265,8.224774406303922,31.178907796596363]"
40,full all-pair MPLE,"[234.0640775763408,-10.052372427314284,130.1041446427431]","[257.1536634490427,18.43583907706848,148.42325072579365]","[28.7947826746146,15.364571974324232,16.79639052480528]","[209.7904607294235,-6.836632861455666,120.79564685137436]","[304.5168661686619,43.70831101559263,176.05085460021294]","[true,false,true]","[94.72640543923842,50.5449438770483,55.255207748838586]"
41,full all-pair MPLE,"[234.0640775763408,-10.052372427314284,130.1041446427431]","[284.14590084888846,-31.3435970853583,122.88036876559225]","[28.738021907826692,11.609170713564716,12.979239483967188]","[236.8760612823889,-50.43898363946403,101.53141962531708]","[331.41574041538803,-12.248210531252575,144.22931790586742]","[false,false,true]","[94.53967913299914,38.19077310821145,42.69789828055033]"
42,full all-pair MPLE,"[234.0640775763408,-10.052372427314284,130.1041446427431]","[259.06104106968314,-1.7796976937501705,139.77441684439955]","[28.67955134490048,16.180495495806344,14.318450341380528]","[211.88737702068264,-28.394244395899182,116.22266186805525]","[306.2347051186837,24.834849008398844,163.32617182074384]","[true,true,true]","[94.34732809800104,53.22909340429803,47.10350995268858]"
43,full all-pair MPLE,"[234.0640775763408,-10.052372427314284,130.1041446427431]","[225.81144675446134,-17.516586616851054,113.38151977497581]","[27.961680119754174,17.724515497620185,2.9466974078540478]","[179.81857579382682,-46.670820219069185,108.53463385613858]","[271.80431771509586,11.637646985367073,118.22840569381304]","[true,true,false]","[91.98574192126904,58.308467204436255,9.693771837674461]"
44,full all-pair MPLE,"[234.0640775763408,-10.052372427314284,130.1041446427431]","[203.97921152478534,-21.85343149647647,136.57085967777147]","[2.3028129185493116,14.429689128718874,15.996712756246996]","[200.1914213435188,-45.58815799563193,110.25860868135773]","[207.76700170605187,1.8812950026789856,162.88311067418522]","[false,true,true]","[7.57558036253306,47.46945299831091,52.62450199282749]"
45,full all-pair MPLE,"[234.0640775763408,-10.052372427314284,130.1041446427431]","[241.40550223309546,13.986745345132285,123.1637239978909]","[37.13487018903002,9.688464141191787,12.676153111943764]","[180.32407631629735,-1.9493600370962998,102.31330757591802]","[302.4869281498936,29.922850727360867,144.0141404198638]","[true,false,true]","[122.16285183359622,31.872210764457165,41.700832843945776]"
46,full all-pair MPLE,"[234.0640775763408,-10.052372427314284,130.1041446427431]","[238.61949726566306,-3.173180847839257,113.41227583161499]","[27.91053225031692,12.937860588435004,14.832526569780788]","[192.71075706358326,-24.454067761719074,89.014940706457]","[284.5282374677429,18.107706066040556,137.80961095677299]","[true,true,true]","[91.81748040415962,42.56177382775963,48.79467025031599]"
47,full all-pair MPLE,"[234.0640775763408,-10.052372427314284,130.1041446427431]","[262.0871991651347,-23.712679682185467,129.11906837358592]","[28.166445423515135,13.647017557499538,16.110000009636856]","[215.75751925193512,-46.160026008708996,102.62047642754649]","[308.4168790783342,-1.2653333556619408,155.61766031962534]","[true,true,true]","[92.65935982639908,44.89469265304706,52.99718389207885]"
48,full all-pair MPLE,"[234.0640775763408,-10.052372427314284,130.1041446427431]","[204.66499247880122,-17.921790763288573,113.38151977497581]","[34.99108285180129,11.347159086209286,3.899347689054984]","[147.10978293905643,-36.58620654183527,106.96766358588889]","[262.220202018546,0.7426250152581169,119.79537596406274]","[true,true,false]","[115.11041907948956,37.32883155709338,12.827712378173857]"
49,full all-pair MPLE,"[234.0640775763408,-10.052372427314284,130.1041446427431]","[269.63967420094303,12.579828280274041,153.00237324179645]","[30.080783696252556,19.847991683979355,20.626372789399603]","[220.1611880366193,-20.067212828822043,119.07500914829937]","[319.11816036526676,45.22686938937013,186.9297373352935]","[true,true,true]","[98.95697232864745,65.29408221819217,67.85472818699414]"
50,full all-pair MPLE,"[234.0640775763408,-10.052372427314284,130.1041446427431]","[217.27134934765053,-27.505308499222682,143.48856706405326]","[27.700759717816766,11.243804964347667,16.036718562916434]","[171.7076542564884,-45.9997218755649,117.11051237144017]","[262.83504443881264,-9.01089512288046,169.86662175666635]","[true,true,true]","[91.12739018232423,36.988826752684446,52.75610938522618]"
51,full all-pair MPLE,"[234.0640775763408,-10.052372427314284,130.1041446427431]","[279.4991351126967,-1.2389060095312239,166.44277222923017]","[29.085779166232427,22.179433485030245,21.395524808325572]","[231.65728575840976,-37.720827621112136,131.25026564772566]","[327.3409844669837,35.243015602049695,201.6352788107347]","[true,true,false]","[95.68369870857393,72.96384322316183,70.38501316300903]"
52,full all-pair MPLE,"[234.0640775763408,-10.052372427314284,130.1041446427431]","[234.75540275099772,-21.257958541899942,146.40089150505008]","[19.935417626258015,17.364547472190626,15.5180630864594]","[201.96455876365494,-49.820097431903704,120.87594915402559]","[267.5462467383405,7.3041803481038166,171.92583385607458]","[true,true,true]","[65.5816879746856,57.12427778000752,51.049884702048985]"
53,full all-pair MPLE,"[234.0640775763408,-10.052372427314284,130.1041446427431]","[203.97921152478534,-11.374322078577462,113.38151977497581]","[2.1873164743016766,11.604058167882298,0.531002833734239]","[200.38139608873954,-30.461299243374512,112.50809783798654]","[207.57702696083115,7.712655086219586,114.25494171196509]","[false,true,false]","[7.195630872091613,38.173954329594096,1.7468438739785483]"
54,full all-pair MPLE,"[234.0640775763408,-10.052372427314284,130.1041446427431]","[237.82107277953673,-24.969039677091267,113.38151977497581]","[21.580844163281256,14.352974016495962,0.742115006361353]","[202.32374298488907,-48.57758104566488,112.16084921514722]","[273.3184025741844,-1.3604983085176556,114.6021903348044]","[true,true,false]","[70.99465958929534,47.21708273714722,2.4413411196571815]"
55,full all-pair MPLE,"[234.0640775763408,-10.052372427314284,130.1041446427431]","[208.12437817583145,-8.60573959874969,145.7970613414413]","[22.06037880325576,9.385702364126544,19.358205614352528]","[171.83828408937285,-24.043846173870236,113.9556466254012]","[244.41047226229006,6.832366976370858,177.6384760574814]","[true,true,true]","[72.57218817291721,30.876213150241092,63.6828294320802]"
56,full all-pair MPLE,"[234.0640775763408,-10.052372427314284,130.1041446427431]","[272.7371372382854,1.1235973799280259,130.8605097037573]","[24.532298490193334,12.54105385697511,14.939751959417434]","[232.3850970892348,-19.504600542511223,106.28680450755417]","[313.089177387336,21.751795302367274,155.4342148999604]","[true,true,true]","[80.70408029810122,41.2563958448785,49.14741039240624]"
57,full all-pair MPLE,"[234.0640775763408,-10.052372427314284,130.1041446427431]","[260.96085254310526,-16.210369683753996,130.4154338073816]","[27.479963490107625,15.335028219750987,15.986951864903569]","[215.7603349279077,-41.43424647041458,104.11923804849636]","[306.1613701583028,9.013507102906583,156.71162956626682]","[true,true,true]","[90.40103523039511,50.447753573321165,52.592391517770466]"
58,full all-pair MPLE,"[234.0640775763408,-10.052372427314284,130.1041446427431]","[216.03266997826844,19.97441996895846,127.99149237535438]","[28.46695268381074,13.614066096407539,14.766196538636564]","[169.20869960804643,-2.4187260272745412,103.70326044249977]","[262.8566403484905,42.36756596519146,152.279724308209]","[true,false,true]","[93.64794074044406,44.786291992466005,48.57646386570924]"
59,full all-pair MPLE,"[234.0640775763408,-10.052372427314284,130.1041446427431]","[220.40073697200253,-19.869312319305127,166.12918621060612]","[22.74228372675286,13.609914514845977,23.150938400273564]","[182.99300909889365,-42.25562957154901,128.04928121558606]","[257.8084648451114,2.517004932938754,204.20909120562618]","[true,true,true]","[74.81545574621776,44.77263450448776,76.15980999004012]"
60,full all-pair MPLE,"[234.0640775763408,-10.052372427314284,130.1041446427431]","[234.95528486613102,-6.895267921255994,127.58909296497565]","[31.726899170054466,14.838840506635023,12.614776866939685]","[182.7691796943433,-31.30298854834902,106.83963148220639]","[287.14139003791877,17.512452705837035,148.3385544477449]","[true,true,true]","[104.37221034357546,48.815441254186055,41.498922965538526]"
61,full all-pair MPLE,"[234.0640775763408,-10.052372427314284,130.1041446427431]","[231.33815540863648,2.4758033966431565,113.38151977497581]","[27.176262560657754,17.69442078123167,0.3770527216575102]","[186.6371813687531,-26.628928802171245,112.76132323820553]","[276.0391294485199,31.58053559545756,114.0017163117461]","[true,true,false]","[89.40194807976678,58.20946439762881,1.2403930735405595]"
62,full all-pair MPLE,"[234.0640775763408,-10.052372427314284,130.1041446427431]","[236.30139008481177,-34.25919802202563,133.61889917355464]","[28.13612987671679,2.3548851989385713,10.307938202777564]","[190.0215748087165,-38.132639482554076,116.66384963432432]","[282.58120536090706,-30.385756561497182,150.57394871278495]","[true,false,true]","[92.55963055219055,7.746882921056894,33.91009907846063]"
63,full all-pair MPLE,"[234.0640775763408,-10.052372427314284,130.1041446427431]","[247.2381127319374,-17.687712696013367,123.2720491426947]","[25.923255529816185,20.078773402988638,15.199480276506847]","[204.59815185132948,-50.714355952655964,98.27112888210506]","[289.87807361254534,15.338930560629233,148.27296940328435]","[true,true,true]","[85.27992176121586,66.0532865132852,50.00184052117929]"
64,full all-pair MPLE,"[234.0640775763408,-10.052372427314284,130.1041446427431]","[224.67032307408945,-10.70219387257441,115.43576207045307]","[36.56718085277904,10.409244482635849,14.57958423802551]","[164.52266302100546,-27.82387741366258,91.4544800570923]","[284.8179831271735,6.41948966851376,139.41704408381383]","[true,true,true]","[120.29532010616802,34.24336708217634,47.96256402672154]"
65,full all-pair MPLE,"[234.0640775763408,-10.052372427314284,130.1041446427431]","[210.52220023998487,-10.621837846720977,155.7575088838003]","[19.67690468521342,13.179674486748457,17.79956262536437]","[178.15657220133318,-32.30047322828895,126.47983374131988]","[242.88782827863656,11.056797534846995,185.03518402628075]","[true,true,true]","[64.73125607730339,43.35727076313594,58.555350284960866]"
66,full all-pair MPLE,"[234.0640775763408,-10.052372427314284,130.1041446427431]","[245.26546338028032,-13.46230020278206,127.76614455900372]","[31.104446886318993,12.52541388706186,19.392782588319584]","[194.10320110499913,-34.06477266398409,95.8678557819249]","[296.4277256555615,7.14017225841997,159.66443333608254]","[true,true,true]","[102.32452455056239,41.20494492240405,63.796577554157636]"
67,full all-pair MPLE,"[234.0640775763408,-10.052372427314284,130.1041446427431]","[244.1216155248061,-28.62586912016323,152.5865655003783]","[44.55823947045003,12.6039904821135,18.19745433061396]","[170.82983372126415,-49.35758857872945,122.65441674338416]","[317.413397328348,-7.894149661597012,182.51871425737244]","[true,true,true]","[146.58356360708387,41.463438917132436,59.86429751398828]"
68,full all-pair MPLE,"[234.0640775763408,-10.052372427314284,130.1041446427431]","[293.16963586630766,-24.496227279709423,150.47758589119744]","[31.80376317137502,15.353765568081572,17.371237326343678]","[240.85710066316582,-49.750924261731015,121.90444317032626]","[345.48217106944946,0.7584697023121727,179.0507286120686]","[false,true,true]","[104.62507040628364,50.509393964043184,57.14628544174235]"
69,full all-pair MPLE,"[234.0640775763408,-10.052372427314284,130.1041446427431]","[240.0978055368686,-18.803208357820374,145.03319743429506]","[28.31374329162859,13.215184393911647,18.585636302903843]","[193.5258421910604,-40.54025233897843,114.46254615226273]","[286.6697688826768,2.933835623337682,175.60384871632738]","[true,true,true]","[93.1439266916164,43.47408796231612,61.141302564064645]"
70,full all-pair MPLE,"[234.0640775763408,-10.052372427314284,130.1041446427431]","[241.22781732754922,25.04522995047735,196.54632697965081]","[24.698670081946897,15.064550491292744,24.162553851423112]","[200.60212026238105,0.2662494364809085,156.80246264072727]","[281.8535143927174,49.82421046447379,236.29019131857436]","[true,false,false]","[81.25139413033634,49.55796102799289,79.48772867784709]"
71,full all-pair MPLE,"[234.0640775763408,-10.052372427314284,130.1041446427431]","[206.86834092194067,-24.383396560971534,133.05214194572602]","[23.215636438667598,18.206368565687676,18.154242332128806]","[168.68201712381153,-54.33020792985817,103.19107060116801]","[245.0546647200698,5.563414807915102,162.91321329028403]","[true,true,true]","[76.37264759625828,59.89362273777327,59.722142689116026]"
72,full all-pair MPLE,"[234.0640775763408,-10.052372427314284,130.1041446427431]","[226.4769819044732,-21.28452973468356,143.4451518649638]","[27.381183482276228,16.4325095052761,12.283347266872385]","[181.43894294342743,-48.31360259435149,123.24084356194432]","[271.515020865519,5.744543124984368,163.6494601679833]","[true,true,true]","[90.07607792209154,54.058145719335855,40.40861660603899]"
73,full all-pair MPLE,"[234.0640775763408,-10.052372427314284,130.1041446427431]","[262.05324579940554,-10.990893132654861,127.05342620311187]","[36.32233146718717,15.450053953109732,19.04319479719056]","[202.30832714626916,-36.40397041402332,95.73015817220958]","[321.7981644525419,14.422184148713601,158.37669423401417]","[true,true,true]","[119.48983730627276,50.82615456273692,62.64653606180458]"
74,full all-pair MPLE,"[234.0640775763408,-10.052372427314284,130.1041446427431]","[224.03128586865319,-15.404671456789544,140.63304428557913]","[24.596893872406238,13.220143942596513,16.914302663033745]","[183.57299577088537,-37.149873169589945,112.81149220293315]","[264.489575966421,6.340530256010858,168.4545963682251]","[true,true,true]","[80.91658019553563,43.4904034256008,55.64310416529196]"
75,full all-pair MPLE,"[234.0640775763408,-10.052372427314284,130.1041446427431]","[266.1396895095186,-6.349582784165799,132.40841826780695]","[35.48148812596075,14.422811097067573,18.227022897377193]","[207.77783507589646,-30.072995928013327,102.42763354652855]","[324.5015439431407,17.373830359681733,162.38920298908533]","[true,true,true]","[116.72370886724423,47.44682628769506,59.96156944255678]"
76,full all-pair MPLE,"[234.0640775763408,-10.052372427314284,130.1041446427431]","[280.38054676716314,-31.67192412115171,136.74454994723703]","[24.13570739696793,14.924947642090357,14.681526415812147]","[240.68084091622097,-56.221278382304845,112.59558797300458]","[320.0802526181053,-7.122569859998574,160.8935119214695]","[false,true,true]","[79.39941170188433,49.09870852230627,48.29792394846491]"
77,full all-pair MPLE,"[234.0640775763408,-10.052372427314284,130.1041446427431]","[228.32699643595967,-3.843438109628988,132.4663985705167]","[20.53781295219187,15.623254330335302,13.75551991964284]","[194.54530031189597,-29.54140465966629,109.84058174008896]","[262.10869256002337,21.854528440408316,155.09221540094444]","[true,true,true]","[67.5633922481274,51.39593310007461,45.251633660855475]"
78,full all-pair MPLE,"[234.0640775763408,-10.052372427314284,130.1041446427431]","[235.39499617997808,-33.45765900731078,127.93036996253149]","[28.606136820980137,4.672200311414741,11.489448782074783]","[188.34208827691887,-41.142744635385114,109.03190846166261]","[282.4479040830373,-25.772573379236448,146.82883146340035]","[true,false,true]","[94.10581580611844,15.370171256148666,37.79692300173774]"
79,full all-pair MPLE,"[234.0640775763408,-10.052372427314284,130.1041446427431]","[278.354946946689,-15.762360289069028,154.76659644400874]","[35.98141271009138,14.833878644338636,17.087116796597154]","[219.1707897476574,-40.16191937896741,126.6607904069825]","[337.53910414572056,8.637198800829355,182.87240248103498]","[true,true,true]","[118.36831439806315,48.799118179796764,56.21161207405248]"
80,full all-pair MPLE,"[234.0640775763408,-10.052372427314284,130.1041446427431]","[216.73240103797778,0.13658704083963505,123.21904713777653]","[30.254588258034527,11.221194927516011,12.507636493719842]","[166.9680318098263,-18.320636134414528,102.64581588649085]","[266.49677026612926,18.5938102160938,143.7922783890622]","[true,true,true]","[99.52873845630296,36.91444635050833,41.14646250257135]"
81,full all-pair MPLE,"[234.0640775763408,-10.052372427314284,130.1041446427431]","[203.97921152478534,-25.746127731041593,125.92169921041662]","[0.5443452375102501,14.45296859814318,14.311931507609453]","[203.08384328655285,-49.51914554991313,102.38066676144416]","[204.87457976301783,-1.9731099121700595,149.46273165938908]","[false,true,true]","[1.7907364764649856,47.54603563774307,47.08206489794492]"
82,full all-pair MPLE,"[234.0640775763408,-10.052372427314284,130.1041446427431]","[221.6614214416695,-19.679244986115886,121.8556137679445]","[25.552291144401742,15.236786341981139,13.43494811328102]","[179.6316426758803,-44.741528263808206,99.75709063590939]","[263.6912002074587,5.383038291576433,143.95413689997963]","[true,true,true]","[84.05955753157838,50.12456655538464,44.19704626407024]"
83,full all-pair MPLE,"[234.0640775763408,-10.052372427314284,130.1041446427431]","[237.05743239178057,-36.190638540401785,148.63418178474274]","[22.82560834316164,2.550920719849515,12.795481368381571]","[199.51264772115738,-40.38652973851192,127.58748784737033]","[274.6022170624038,-31.994747342291653,169.68087572211513]","[true,false,true]","[75.0895693412464,8.391782396220265,42.093387874744806]"
84,full all-pair MPLE,"[234.0640775763408,-10.052372427314284,130.1041446427431]","[235.72370518699202,-12.820080510804818,164.19168459448989]","[28.221496641470452,17.267791600491673,19.3061777323395]","[189.30347407827057,-41.22307015431571,132.43584812888153]","[282.14393629571344,15.582909132706067,195.94752106009824]","[true,true,false]","[92.84046221744288,56.80597928702177,63.51167293121671]"
85,full all-pair MPLE,"[234.0640775763408,-10.052372427314284,130.1041446427431]","[221.99922073183743,-18.53533844097341,113.38151977497581]","[33.9120504000478,16.33380242541447,0.496332246284543]","[166.21886163395772,-45.40205260232514,112.56512587950171]","[277.77957982971714,8.331375720378322,114.19791367044992]","[true,true,false]","[111.56071819575942,53.73342832270346,1.632787790948214]"
86,full all-pair MPLE,"[234.0640775763408,-10.052372427314284,130.1041446427431]","[311.53380982379315,-1.4413318979867562,146.6587645352256]","[35.6500244958914,13.683168616541325,17.502759544572694]","[252.89473773081738,-23.948141425093304,117.86928701667571]","[370.1728819167689,21.06547762911979,175.4482420537755]","[false,true,true]","[117.27814418595153,45.013619054213095,57.578955037099774]"
87,full all-pair MPLE,"[234.0640775763408,-10.052372427314284,130.1041446427431]","[270.45044806462124,-30.96051679072338,151.51485660686447]","[23.503469861839804,16.513143351967084,20.00328880946352]","[231.79068041642944,-58.12222052557602,118.61237445766062]","[309.11021571281304,-3.7988130558707383,184.41733875606832]","[true,true,true]","[77.3195352963836,54.32340746970528,65.8049642984077]"
88,full all-pair MPLE,"[234.0640775763408,-10.052372427314284,130.1041446427431]","[237.5982296420882,-27.08118074471656,130.27915797417467]","[25.557116954307556,12.3053510012585,14.00589672189387]","[195.56051312537247,-47.32168197004752,107.24150795245981]","[279.6359461588039,-6.840679519385592,153.31680799588952]","[true,true,true]","[84.07543303343144,40.48100245066193,46.075300043429706]"
89,full all-pair MPLE,"[234.0640775763408,-10.052372427314284,130.1041446427431]","[267.8901041357435,-2.228983563657795,139.42472812983297]","[37.15185110390603,15.762058805798807,15.877549618333632]","[206.78074709952264,-28.15526315859834,113.30848305301495]","[328.9994611719644,23.69729603128275,165.540973206651]","[true,true,true]","[122.21871407244177,51.85255918988109,52.232490153636036]"
90,full all-pair MPLE,"[234.0640775763408,-10.052372427314284,130.1041446427431]","[260.71552176243165,-25.86368886154193,124.2052453923239]","[38.456982761712496,11.063601754710701,14.48104972303455]","[197.45941418521863,-44.061694334924496,100.38603823332592]","[323.97162933964466,-7.665683388159369,148.02445255132187]","[true,true,true]","[126.51221515442603,36.39601094676513,47.63841431799595]"
91,full all-pair MPLE,"[234.0640775763408,-10.052372427314284,130.1041446427431]","[205.14963330598084,-29.397787733397795,119.20953547954461]","[21.002991473817335,11.83164364020086,13.625853382579038]","[170.60278660344156,-48.859109687779494,96.7970011229005]","[239.69648000852013,-9.9364657790161,141.62206983618873]","[true,true,true]","[69.09369340507857,38.92264390876339,44.82506871328823]"
92,full all-pair MPLE,"[234.0640775763408,-10.052372427314284,130.1041446427431]","[203.97921152478534,-13.832060651585422,113.38151977497581]","[0.4620662173940019,14.86521405644509,0.28975458715097696]","[203.21918023121307,-38.28316190773913,112.9049158913747]","[204.7392428183576,10.61904060456828,113.85812365857693]","[false,true,false]","[1.5200625871445368,48.90220251230741,0.9532077672022297]"
93,full all-pair MPLE,"[234.0640775763408,-10.052372427314284,130.1041446427431]","[215.24601863831717,-22.582194153670105,113.38151977497581]","[19.213161025713937,14.928192099536217,1.0018373322249505]","[183.64318103996894,-47.136885072420554,111.73364400545022]","[246.8488562366654,1.9724967650803436,115.02939554450141]","[true,true,false]","[63.20567519669646,49.1093818375009,3.2957515390511958]"
94,full all-pair MPLE,"[234.0640775763408,-10.052372427314284,130.1041446427431]","[203.97921152478534,-3.109173751548563,154.39825833834857]","[3.38498975666015,13.3404227448975,16.78937417299924]","[198.4113988463493,-25.05221648855912,126.78219533564541]","[209.54702420322138,18.833868985461994,182.01432134105173]","[false,true,true]","[11.135625356872083,43.886085474021115,55.232126005406315]"
95,full all-pair MPLE,"[234.0640775763408,-10.052372427314284,130.1041446427431]","[349.7594253508442,-34.692532085255635,156.26377756075445]","[52.519010939662266,18.918434081562747,20.514762059984754]","[263.3733397228367,-65.81058700055645,122.51999678034208]","[436.1455109788517,-3.574477169954818,190.00755834116683]","[false,true,true]","[172.77217125601499,62.236109830601634,67.48756156082474]"
96,full all-pair MPLE,"[234.0640775763408,-10.052372427314284,130.1041446427431]","[271.5613487088775,11.065281618784635,146.1889262771064]","[29.083152874486426,14.16564760737592,17.10391577482617]","[223.7238192200944,-12.235135226324083,118.05548837981108]","[319.3988781976606,34.36569846389335,174.3223641744017]","[true,true,true]","[95.67505897756621,46.600833690217435,56.26687579459063]"
97,full all-pair MPLE,"[234.0640775763408,-10.052372427314284,130.1041446427431]","[259.727813840789,-36.58974868941325,138.6692525205643]","[32.15517152125466,5.390685869146405,13.334386255199401]","[206.83726333880662,-45.45663789303476,116.73613892552771]","[312.6183643427714,-27.722859485791737,160.6023661156009]","[true,false,true]","[105.78110100396475,17.733778407243022,43.866227190073175]"
98,full all-pair MPLE,"[234.0640775763408,-10.052372427314284,130.1041446427431]","[239.7182041705545,-22.1122655213866,154.81684385776674]","[25.690623896941087,18.397437284185454,18.835041612871237]","[197.4608882750248,-52.37335696489127,123.8359573470536]","[281.9755200660842,8.148825922118075,185.7977303684799]","[true,true,true]","[84.5146317910594,60.52218288700935,61.96177302142631]"
99,full all-pair MPLE,"[234.0640775763408,-10.052372427314284,130.1041446427431]","[203.97921152478534,-20.380625623056776,122.85025573112206]","[0.660523589848436,11.968905030410458,15.711786500151701]","[202.89274690233614,-40.06772247296513,97.00666672046037]","[205.06567614723454,-0.6935287731484223,148.69384474178375]","[false,true,true]","[2.1729292448983983,39.37419369981671,51.687178021323376]"
0,"Positive(s,w_a) NPE","[234.0640775763408, -10.052372427314284, 130.1041446427431]","[251.4122392307457, -13.167910109481745, 125.59068739559052]","[16.083121657623987, 8.987482489423812, 9.07853592993814]","[228.00850431348127, -26.24275964947935, 114.68075536504804]","[280.55578549898246, 1.5511048964472, 143.2479806357338]","[true, true, true]","[52.54728118550119, 27.79386454592655, 28.567225270685753]"
1,"Positive(s,w_a) NPE","[234.0640775763408, -10.052372427314284, 130.1041446427431]","[223.59518112566298, -11.976459079111082, 140.82606812469024]","[15.514784370655192, 9.396032946032824, 9.978786703709666]","[205.71635335163222, -24.63308030953316, 126.59767972199757]","[255.85957169865173, 2.014671779757522, 158.05977702621706]","[true, true, true]","[50.14321834701951, 26.64775208929068, 31.462097304219498]"
2,"Positive(s,w_a) NPE","[234.0640775763408, -10.052372427314284, 130.1041446427431]","[235.71761367350496, -15.701708623159394, 138.21718516743954]","[14.565653627234042, 8.022999751782788, 9.613266774229446]","[214.8868187712691, -28.1689308485469, 124.26446294667952]","[262.5733639405388, -3.1466405600302325, 154.8634522223454]","[true, true, true]","[47.68654516926969, 25.02229028851667, 30.598989275665872]"
3,"Positive(s,w_a) NPE","[234.0640775763408, -10.052372427314284, 130.1041446427431]","[230.22909582484942, -8.039499323286458, 133.80444288994372]","[11.927093927533777, 7.493060934121842, 8.295872012967886]","[212.3131003052133, -19.782344750448978, 121.36085322593009]","[251.19709478040144, 4.373767308993094, 147.56168253948928]","[true, true, true]","[38.88399447518813, 24.156112059442073, 26.200829313559197]"
4,"Positive(s,w_a) NPE","[234.0640775763408, -10.052372427314284, 130.1041446427431]","[251.00584017581153, -20.383105007051082, 126.21314330643811]","[13.643202871683776, 6.988378123214348, 7.110707331680314]","[229.9898368237437, -31.3553652243372, 115.90721077342715]","[273.7980075666214, -8.654739406054636, 138.31157207014303]","[true, true, true]","[43.80817074287768, 22.70062581828256, 22.404361296715877]"
5,"Positive(s,w_a) NPE","[234.0640775763408, -10.052372427314284, 130.1041446427431]","[234.32767625279035, -17.67273550387226, 127.3497216151018]","[12.80420307662768, 7.412258022720118, 7.683384788636402]","[214.3808471277827, -29.285392477433398, 116.31393078880299]","[255.85006392905876, -5.617183464732606, 139.99875415217886]","[true, true, true]","[41.469216801276076, 23.668209012700792, 23.68482336337587]"
6,"Positive(s,w_a) NPE","[234.0640775763408, -10.052372427314284, 130.1041446427431]","[268.42170397504924, -9.767296501766046, 126.03568435144801]","[17.17219534004439, 9.59201521031477, 8.982626532158758]","[242.98249577312976, -23.581385270581137, 114.93973654650564]","[298.5488014067803, 5.923208183093109, 143.32855462953424]","[false, true, true]","[55.56630563365053, 29.504593453674246, 28.388818083028596]"
7,"Positive(s,w_a) NPE","[234.0640775763408, -10.052372427314284, 130.1041446427431]","[231.45548118356186, -13.058968628462786, 126.91655625567513]","[15.573478396272089, 8.207456295115167, 8.370153420238564]","[210.4921870242176, -25.353459722141157, 115.74148574201129]","[261.4899033568915, 0.07373686823028518, 141.383737762897]","[true, true, true]","[50.99771633267389, 25.42719659037144, 25.642252020885707]"
8,"Positive(s,w_a) NPE","[234.0640775763408, -10.052372427314284, 130.1041446427431]","[243.41130373091778, -23.008945818145058, 131.93312642366877]","[14.047449446440547, 7.765821549444293, 9.480085510646424]","[222.51799899842888, -33.62395636399166, 118.64016022834551]","[267.960593956344, -9.810251597336158, 148.83748897053934]","[true, true, true]","[45.442594957915105, 23.8137047666555, 30.197328742193832]"
9,"Positive(s,w_a) NPE","[234.0640775763408, -10.052372427314284, 130.1041446427431]","[255.76985025353906, -22.137196671584398, 126.62514624281042]","[15.026305647985073, 8.097243302045662, 9.135829198768805]","[232.4176371062045, -33.6535166441672, 115.21638067777657]","[281.18960908401215, -8.234633269882082, 143.55392978752832]","[true, true, true]","[48.77197197780765, 25.418883374285116, 28.33754910975175]"
10,"Positive(s,w_a) NPE","[234.0640775763408, -10.052372427314284, 130.1041446427431]","[246.96060770681254, -18.227933065335748, 137.8965955691878]","[13.63571535410237, 8.078383983878652, 9.132995969608539]","[226.42408541628606, -30.67047911603072, 124.20221628551239]","[270.148774503554, -5.2111429193901735, 153.2380599813867]","[true, true, true]","[43.72468908726796, 25.459336196640546, 29.035843695874306]"
11,"Positive(s,w_a) NPE","[234.0640775763408, -10.052372427314284, 130.1041446427431]","[233.2986981268192, -9.793672592006267, 137.4924473032575]","[14.896509673945996, 7.652523748895996, 8.67765910443594]","[212.25652718043756, -21.612574020725116, 124.03447817387661]","[261.20421315490995, 2.262822623819039, 151.6545607648847]","[true, true, true]","[48.94768597447239, 23.875396644544153, 27.6200825910081]"
12,"Positive(s,w_a) NPE","[234.0640775763408, -10.052372427314284, 130.1041446427431]","[241.72996601856156, -19.12392282657971, 125.26852535096153]","[14.131857471201995, 7.4311328053054355, 7.308655440210016]","[220.56585607367523, -30.378354280786866, 115.18265720280635]","[266.3708607489127, -6.597076238734574, 137.58751785748578]","[true, true, true]","[45.805004675237484, 23.781278042052293, 22.404860654679425]"
13,"Positive(s,w_a) NPE","[234.0640775763408, -10.052372427314284, 130.1041446427431]","[225.71621534146442, -17.539093629091887, 126.20038171284125]","[14.701710745110914, 7.856709954291672, 8.15011780377324]","[207.1386745311615, -28.904715310134144, 115.52340307083324]","[254.07053721321967, -5.1726830007089415, 140.60471394751792]","[true, true, true]","[46.93186268205815, 23.7320323094252, 25.081310876684682]"
14,"Positive(s,w_a) NPE","[234.0640775763408, -10.052372427314284, 130.1041446427431]","[247.10548876283062, -9.707265191149311, 135.96101051289094]","[15.484758409915266, 7.821544971699672, 8.110113393875835]","[224.57275145197664, -21.832599839588283, 123.21631649505133]","[275.64697306880294, 2.867872793924796, 149.7695583902383]","[true, true, true]","[51.07422161682629, 24.70047263351308, 26.55324189518697]"
15,"Positive(s,w_a) NPE","[234.0640775763408, -10.052372427314284, 130.1041446427431]","[231.40524526616377, -10.316023591754297, 125.33684192467675]","[14.023322341003924, 8.353602165807802, 8.236914424100844]","[211.04133150832766, -23.161234962413328, 114.81876714807365]","[256.5346909784382, 3.508097071587742, 139.89966493730742]","[true, true, true]","[45.49335947011056, 26.66933203400107, 25.080897789233774]"
16,"Positive(s,w_a) NPE","[234.0640775763408, -10.052372427314284, 130.1041446427431]","[233.96597028929918, -17.38957330862518, 123.57477013645033]","[15.080301295765302, 8.5893956214834, 7.8754121919175]","[212.4506984135997, -29.700603871665734, 114.14824412468751]","[261.34245566336983, -2.7031206208959775, 137.69667193921686]","[true, true, true]","[48.89175724977014, 26.997483250769758, 23.548427814529347]"
17,"Positive(s,w_a) NPE","[234.0640775763408, -10.052372427314284, 130.1041446427431]","[235.20935550713105, -11.257330306938828, 128.97837826558904]","[13.208383452147007, 7.9682481417858035, 7.725538647744466]","[214.8555153812218, -23.381279242494983, 117.6015593751425]","[258.19671537507986, 2.2578209569167127, 142.56540283168513]","[true, true, true]","[43.341199993858055, 25.639100199411697, 24.963843456542634]"
18,"Positive(s,w_a) NPE","[234.0640775763408, -10.052372427314284, 130.1041446427431]","[231.24662365014157, -13.417357210669774, 129.1833938302861]","[12.196995141710918, 7.33626747301022, 7.474893351117392]","[212.49533503996935, -24.991680430884358, 117.95801011750365]","[252.15064890354347, -1.3542207954343628, 141.82447653075874]","[true, true, true]","[39.65531386357412, 23.637459635449996, 23.866466413255097]"
19,"Positive(s,w_a) NPE","[234.0640775763408, -10.052372427314284, 130.1041446427431]","[238.91872468791212, -16.802186722712456, 127.36643029848113]","[13.587231564500613, 7.778101214390785, 8.039945225607429]","[218.3532738111741, -28.577145197646082, 116.15397257630049]","[262.2485238599147, -3.9950742855991397, 141.08667264148647]","[true, true, true]","[43.89525004874062, 24.582070912046944, 24.932700065185983]"
20,"Positive(s,w_a) NPE","[234.0640775763408, -10.052372427314284, 130.1041446427431]","[226.14823873555017, -14.963185026283897, 126.53660243903056]","[18.2692005908132, 11.724580712092115, 10.844299263069361]","[206.26127654607268, -28.291848252641405, 114.64801668783161]","[264.08651316174104, 7.017295202834075, 148.34597492789067]","[true, true, true]","[57.82523661566836, 35.30914345547548, 33.69795824005905]"
21,"Positive(s,w_a) NPE","[234.0640775763408, -10.052372427314284, 130.1041446427431]","[245.63257847501566, -13.113596984000065, 125.95414499012698]","[14.499701058341232, 8.666170901841534, 8.198435921377458]","[223.61750986025692, -27.208953248772684, 115.34594146491908]","[270.1754154124495, 1.0521965844132193, 140.31037069628638]","[true, true, true]","[46.55790555219261, 28.261149833185904, 24.964429231367305]"
22,"Positive(s,w_a) NPE","[234.0640775763408, -10.052372427314284, 130.1041446427431]","[238.23064171392363, -9.169164307736779, 127.54423549422084]","[13.336182035470708, 7.646452204300151, 7.432190076625201]","[218.3782359641567, -21.136589637417618, 116.40862355641106]","[261.393211372871, 3.3763363311283197, 140.60548721769845]","[true, true, true]","[43.01497540871432, 24.512925968545936, 24.196863661287395]"
23,"Positive(s,w_a) NPE","[234.0640775763408, -10.052372427314284, 130.1041446427431]","[230.57213381239433, -4.658606557825922, 124.9081191654048]","[16.679079467111215, 9.388923685471976, 8.78426256905821]","[209.41953746036862, -17.98844167244286, 114.50595685901962]","[264.99944196800936, 10.46437466141076, 141.35779181311213]","[true, true, true]","[55.57990450764075, 28.45281633385362, 26.85183495409251]"
24,"Positive(s,w_a) NPE","[234.0640775763408, -10.052372427314284, 130.1041446427431]","[235.41979228028418, -14.783989741693489, 135.03859991427862]","[12.87309926806603, 7.809698828773367, 8.377491741037497]","[215.8502141920328, -27.159272341432196, 122.76401127953008]","[256.8674927076398, -1.9867244718258132, 149.56654239360427]","[true, true, true]","[41.01727851560702, 25.172547869606383, 26.802531114074185]"
25,"Positive(s,w_a) NPE","[234.0640775763408, -10.052372427314284, 130.1041446427431]","[234.0165585777017, -12.165084415820003, 143.34686718011176]","[12.675815579138986, 8.66967706706421, 9.964936033716679]","[214.68007019623994, -25.813748536201995, 128.79045315095962]","[255.6067827343724, 1.5608388201898002, 160.77393471545824]","[true, true, true]","[40.92671253813245, 27.374587356391796, 31.983481564498618]"
26,"Positive(s,w_a) NPE","[234.0640775763408, -10.052372427314284, 130.1041446427431]","[221.16998728490077, -9.602542876115534, 127.34811305081205]","[14.462688351019908, 9.905395633378332, 10.553529889687319]","[205.36743748266704, -22.903516576855075, 114.89964103552158]","[251.87018365619664, 7.2240050264129305, 148.93867933757775]","[true, true, true]","[46.5027461735296, 30.127521603268008, 34.03903830205617]"
27,"Positive(s,w_a) NPE","[234.0640775763408, -10.052372427314284, 130.1041446427431]","[231.3057060808124, -18.703430864090475, 137.8526549258145]","[16.162383485647986, 9.894700142564592, 11.112787362153565]","[210.43503394113537, -31.117608899714693, 122.61555219598124]","[263.3226246955039, -2.389465906347773, 157.519564352663]","[true, true, true]","[52.887590754368546, 28.72814299336692, 34.90401215668176]"
28,"Positive(s,w_a) NPE","[234.0640775763408, -10.052372427314284, 130.1041446427431]","[246.41567621918395, -17.997786881779955, 129.1543585065332]","[16.13483258637838, 7.421693963267142, 8.241314158873772]","[223.9328562937722, -29.67770368110744, 117.01684908955812]","[276.37868345209836, -6.189722615297848, 143.15347632084357]","[true, true, true]","[52.44582715832615, 23.487981065809592, 26.136627231285445]"
29,"Positive(s,w_a) NPE","[234.0640775763408, -10.052372427314284, 130.1041446427431]","[247.33811766568428, -5.265822716432998, 133.1122119115188]","[13.285336891979325, 7.735242917255028, 7.614092332617029]","[226.7433761615387, -17.608853987251752, 121.64275139076075]","[270.0452630944061, 7.613715420464079, 146.08274990677842]","[true, true, true]","[43.301886932867404, 25.22256940771583, 24.439998516017667]"
30,"Positive(s,w_a) NPE","[234.0640775763408, -10.052372427314284, 130.1041446427431]","[229.27727370373682, -10.508303943047538, 125.66630724739088]","[12.336150922400854, 6.7678739367941105, 6.796914083536911]","[210.8582086709997, -21.324402995907047, 115.61402614149385]","[250.38747818101663, 0.5341582846808525, 137.4670476196036]","[true, true, true]","[39.529269510016945, 21.8585612805879, 21.85302147810974]"
31,"Positive(s,w_a) NPE","[234.0640775763408, -10.052372427314284, 130.1041446427431]","[244.89506944290596, -18.814664618568532, 134.49906322782303]","[13.606279316574835, 7.1922218055095, 7.970574991443072]","[224.12573663427253, -30.104785952830497, 121.85488286971123]","[268.7825704938905, -6.678625178892595, 147.63194682842598]","[true, true, true]","[44.65683385961796, 23.4261607739379, 25.77706395871475]"
32,"Positive(s,w_a) NPE","[234.0640775763408, -10.052372427314284, 130.1041446427431]","[224.34000805833088, -9.322247353850756, 124.17901762963682]","[14.580676040974184, 8.452476343703678, 8.346843141726898]","[206.52000093267182, -21.667428076584176, 114.3219466143662]","[253.82777704914395, 3.914541371800867, 140.1381286094539]","[true, true, true]","[47.30777611647213, 25.581969448385042, 25.816181995087703]"
33,"Positive(s,w_a) NPE","[234.0640775763408, -10.052372427314284, 130.1041446427431]","[220.5140183453582, -8.855424092304961, 132.0019335105049]","[13.372966353497006, 9.79577565627561, 10.720051520378865]","[205.35888941300192, -21.52434575594853, 117.98349625442232]","[248.35182415355584, 7.546680939187084, 152.7332978725309]","[true, true, true]","[42.99293474055392, 29.071026695135615, 34.74980161810858]"
34,"Positive(s,w_a) NPE","[234.0640775763408, -10.052372427314284, 130.1041446427431]","[233.22075273283804, -2.0795450050330424, 131.87615037018693]","[12.991593649816098, 7.4576772196654595, 7.908631405104323]","[213.55536892668366, -14.022200126564355, 119.88708973124673]","[256.42693033618616, 9.819148091531558, 145.26342786032222]","[true, true, true]","[42.871561409502505, 23.841348218095913, 25.376338129075492]"
35,"Positive(s,w_a) NPE","[234.0640775763408, -10.052372427314284, 130.1041446427431]","[226.44243626656802, -22.14742682492958, 131.4016399532249]","[13.359118575588768, 7.617016802265401, 10.253928244970629]","[208.38774612035152, -32.54620497523623, 117.48075289827428]","[250.5501867758976, -8.873933517637655, 150.9369774499833]","[true, true, true]","[42.16244065554608, 23.672271457598576, 33.45622455170901]"
36,"Positive(s,w_a) NPE","[234.0640775763408, -10.052372427314284, 130.1041446427431]","[240.2175764933316, -14.70225835706487, 136.26054447297727]","[13.077152090612513, 8.208431156914617, 8.666891500848472]","[219.40989569779256, -28.102645377714513, 123.74908077688104]","[261.87171987666085, -1.1626129889775663, 151.2392888158293]","[true, true, true]","[42.461824178868284, 26.940032388736945, 27.490208038948253]"
37,"Positive(s,w_a) NPE","[234.0640775763408, -10.052372427314284, 130.1041446427431]","[242.19908776750657, -4.292009382603168, 133.23916164184155]","[12.84257059831632, 7.746500527782327, 8.301929767039393]","[222.20432042088063, -16.5852809652082, 120.85777841059448]","[264.21426479243445, 8.185190467844247, 147.09510602104635]","[true, true, true]","[42.009944371553814, 24.770471433052446, 26.23732761045187]"
38,"Positive(s,w_a) NPE","[234.0640775763408, -10.052372427314284, 130.1041446427431]","[262.14267633934605, -5.404299755171861, 131.48928405949815]","[15.27415758727266, 9.2444227981247, 9.020291429924985]","[238.3904747462047, -19.568968104294033, 118.97187606496966]","[287.89906589913244, 10.064131419744188, 147.32557021037587]","[false, true, true]","[49.50859115292775, 29.633099524038222, 28.35369414540621]"
39,"Positive(s,w_a) NPE","[234.0640775763408, -10.052372427314284, 130.1041446427431]","[258.72503825585113, -20.683887362932772, 126.28870264053633]","[15.368791272008526, 8.414019401954588, 9.371172964159834]","[235.74763452507437, -33.20013230045088, 115.03999009217029]","[285.82863652599224, -6.406086740930168, 144.49606025442986]","[false, true, true]","[50.08100200091786, 26.794045559520715, 29.45607016225958]"
40,"Positive(s,w_a) NPE","[234.0640775763408, -10.052372427314284, 130.1041446427431]","[239.14736435753306, -10.051261095430752, 142.12726683833492]","[14.57059771411432, 7.612986204073945, 8.438165485645964]","[217.8815817795788, -21.756852924844356, 128.76933227543424]","[265.3284339330787, 2.5209793197272883, 156.04002366913156]","[true, true, true]","[47.44685215349992, 24.277832244571645, 27.27069139369732]"
41,"Positive(s,w_a) NPE","[234.0640775763408, -10.052372427314284, 130.1041446427431]","[239.26962359808635, -18.18859331437686, 135.19056625537215]","[12.514631322883355, 7.706201334512032, 8.699360044747477]","[219.77044549956202, -30.287935213398672, 122.51088369147467]","[260.1064617936742, -5.300770758113579, 149.66433399421823]","[true, true, true]","[40.3360162941122, 24.987164455285093, 27.15345030274355]"
42,"Positive(s,w_a) NPE","[234.0640775763408, -10.052372427314284, 130.1041446427431]","[239.50074842664708, -5.26306527718703, 133.3655851936712]","[12.436717505691886, 6.9639702216208255, 7.280540647725871]","[219.99595496286904, -16.64001957581983, 121.93339823698288]","[260.2261871715222, 6.280759972034883, 145.3772196441101]","[true, true, true]","[40.23023220865318, 22.920779547854714, 23.44382140712723]"
43,"Positive(s,w_a) NPE","[234.0640775763408, -10.052372427314284, 130.1041446427431]","[230.0219810059954, -13.74952864598698, 124.68138169012573]","[15.39599030885312, 8.554011667194796, 9.03475152399516]","[209.33009986104312, -26.51522801742631, 114.34157386226143]","[258.4255233529686, 0.2716516261319959, 142.05776075667836]","[true, true, true]","[49.09542349192546, 26.786879643558304, 27.716186894416936]"
44,"Positive(s,w_a) NPE","[234.0640775763408, -10.052372427314284, 130.1041446427431]","[221.1343535417286, -16.46319589009302, 145.84256071134863]","[14.004391093311908, 10.301792254869392, 13.01047362754145]","[205.253119667711, -30.94235369341444, 128.1199283189086]","[249.32941994148854, 0.373067215174292, 171.1654664975884]","[true, true, true]","[44.07630027377755, 31.31542090858873, 43.045538178679806]"
45,"Positive(s,w_a) NPE","[234.0640775763408, -10.052372427314284, 130.1041446427431]","[244.09655051022847, -4.648600548394213, 124.89287939540819]","[16.61277225675091, 8.038034932669476, 7.766104719470833]","[220.56268582805183, -16.920779370473465, 114.83735195702705]","[274.9542854802491, 8.141381019178844, 138.4937715034664]","[true, true, true]","[54.39159965219727, 25.06216038965231, 23.656419546439352]"
46,"Positive(s,w_a) NPE","[234.0640775763408, -10.052372427314284, 130.1041446427431]","[231.14577738817817, -11.38260408060634, 125.47048924473827]","[14.237048172276914, 8.47381986116786, 8.362169357171128]","[211.1544956911338, -24.274209383604163, 114.99425741144873]","[256.9419039519737, 2.1139406184544125, 140.1629555393758]","[true, true, true]","[45.7874082608399, 26.388150002058573, 25.16869812792706]"
47,"Positive(s,w_a) NPE","[234.0640775763408, -10.052372427314284, 130.1041446427431]","[252.63247638367568, -17.648844937544496, 131.19207027663253]","[13.582976918759426, 7.726471963135216, 8.184789910888304]","[231.66331251905945, -29.696355628160752, 119.2651305655965]","[275.8797543466516, -4.611123537257806, 144.90692639055158]","[true, true, true]","[44.21644182759218, 25.085232090902945, 25.641795824955082]"
48,"Positive(s,w_a) NPE","[234.0640775763408, -10.052372427314284, 130.1041446427431]","[222.05823208800788, -11.355814554838082, 125.90008712995905]","[16.24875922369209, 11.052375027430065, 10.688932010090339]","[205.08437937874947, -25.08663119186076, 114.16642135127353]","[256.32647990836574, 7.8200696492906845, 147.68319944793097]","[true, true, true]","[51.242100529616266, 32.90670084115145, 33.51677809665745]"
49,"Positive(s,w_a) NPE","[234.0640775763408, -10.052372427314284, 130.1041446427431]","[247.56974788452453, -4.399070482262575, 129.4711904834893]","[13.749986330035018, 7.1859789653365915, 7.155538292193364]","[225.90617797561194, -15.98026333446035, 118.497782057004]","[270.8514856589322, 7.404116397650917, 141.6541756013497]","[true, true, true]","[44.94530768332024, 23.384379732111267, 23.15639354434569]"
50,"Positive(s,w_a) NPE","[234.0640775763408, -10.052372427314284, 130.1041446427431]","[230.53845760463048, -20.824811552860478, 130.34603935361272]","[13.135559178383172, 7.531148492510526, 8.618232810635115]","[211.64641542499282, -31.96566985642683, 118.0417537315642]","[254.26442651150444, -7.880984507037744, 145.55396366922554]","[true, true, true]","[42.618011086511615, 24.084685349389083, 27.51220993766134]"
51,"Positive(s,w_a) NPE","[234.0640775763408, -10.052372427314284, 130.1041446427431]","[242.8039392320591, 0.7069665296365545, 124.43959478471673]","[13.954879440108165, 8.075791209329395, 7.251835661300965]","[220.6295857492941, -11.745638399294204, 114.77039801806521]","[266.2973339153752, 14.278225975025405, 136.56973313215025]","[true, true, true]","[45.66774816608108, 26.023864374319608, 21.79933511408504]"
52,"Positive(s,w_a) NPE","[234.0640775763408, -10.052372427314284, 130.1041446427431]","[240.44113968242547, -13.574701716524348, 138.8692890802229]","[13.340453644317922, 8.413046402961482, 9.017397580882303]","[220.19778117522756, -26.62977042468247, 125.53054271954375]","[263.5525761762265, 0.15565814082681242, 154.31439640208518]","[true, true, true]","[43.35479500099896, 26.78542856550928, 28.783853682541434]"
53,"Positive(s,w_a) NPE","[234.0640775763408, -10.052372427314284, 130.1041446427431]","[225.65157094795768, -10.472618142529127, 126.02670184233442]","[18.537919313890967, 11.55146709226761, 9.822850600255181]","[205.81637893722115, -24.0521109004595, 114.62610825698077]","[264.7702341679016, 9.090693864034503, 145.46296387453415]","[true, true, true]","[58.95385523068046, 33.142804764494, 30.836855617553383]"
54,"Positive(s,w_a) NPE","[234.0640775763408, -10.052372427314284, 130.1041446427431]","[246.67924727855763, -19.562618964992136, 124.42824521749279]","[17.09855396773187, 9.094580733153789, 9.478708778677277]","[222.5861970339281, -31.784397991231224, 114.21220066005942]","[278.31357778726516, -3.789108970928317, 143.85656239908067]","[true, true, true]","[55.72738075333706, 27.995289020302906, 29.64436173902125]"
55,"Positive(s,w_a) NPE","[234.0640775763408, -10.052372427314284, 130.1041446427431]","[225.16291964578596, -13.295752049520198, 151.8898359392516]","[15.04706698958371, 10.042709253833689, 11.405361954423107]","[206.8644535959703, -26.640848401249748, 135.73776768639692]","[254.80391295095112, 2.928240768099987, 172.76410348657595]","[true, true, false]","[47.93945935498081, 29.569089169349734, 37.02633580017903]"
56,"Positive(s,w_a) NPE","[234.0640775763408, -10.052372427314284, 130.1041446427431]","[241.63402805343665, 2.3091947596154885, 134.7791257117197]","[12.782796899498711, 7.431046996616261, 8.144679078113974]","[221.83778173346258, -9.777902023902389, 122.63025291285831]","[263.2482339885146, 14.481055432830564, 148.46338244613614]","[true, false, true]","[41.41045225505201, 24.25895745673295, 25.833129533277827]"
57,"Positive(s,w_a) NPE","[234.0640775763408, -10.052372427314284, 130.1041446427431]","[244.3964756444614, -11.766195795933264, 122.86539996085533]","[13.667337577498527, 7.2137509748612345, 6.3659594013313585]","[223.52796398738698, -23.14687945368832, 114.36890418455849]","[267.80621365989384, 0.21408615427420366, 133.7725356641714]","[true, true, true]","[44.27824967250686, 23.360965607962523, 19.403631479612898]"
58,"Positive(s,w_a) NPE","[234.0640775763408, -10.052372427314284, 130.1041446427431]","[225.29719326829888, -2.5945317751815593, 123.86038292053483]","[16.370709390574156, 7.743456509768434, 7.041749635452499]","[206.72754497423264, -13.970676155682979, 114.54372601057953]","[257.02033963854853, 8.905753120065429, 135.99785142423414]","[true, true, true]","[50.29279466431589, 22.876429275748407, 21.45412541365461]"
59,"Positive(s,w_a) NPE","[234.0640775763408, -10.052372427314284, 130.1041446427431]","[230.46466895283257, -13.641584431442089, 139.33553137036998]","[13.319473368818658, 7.8949670738468605, 8.806463392804243]","[211.36690687360303, -25.473886677051734, 125.9772965851851]","[254.1605372780892, -0.7788712334301007, 154.27335579533752]","[true, true, true]","[42.79363040448618, 24.695015443621635, 28.29605921015242]"
60,"Positive(s,w_a) NPE","[234.0640775763408, -10.052372427314284, 130.1041446427431]","[221.867512881049, -16.329257945451772, 131.9943554568846]","[10.932706354892376, 7.060890759999396, 7.884810277976991]","[206.6723863497884, -27.37207852525333, 119.99196887636093]","[241.90460357600654, -4.6428336854575605, 145.0869947320154]","[true, true, true]","[35.232217226218125, 22.72924483979577, 25.09502585565447]"
61,"Positive(s,w_a) NPE","[234.0640775763408, -10.052372427314284, 130.1041446427431]","[240.9722838726154, -8.494200602846712, 124.87355811087608]","[16.106887254617014, 8.722429817839448, 8.322678869177112]","[218.6322504318275, -21.336717114387017, 114.55400363155304]","[271.7918959856533, 5.423670673103072, 139.82697728920346]","[true, true, true]","[53.15964555382581, 26.76038778749009, 25.27297365765041]"
62,"Positive(s,w_a) NPE","[234.0640775763408, -10.052372427314284, 130.1041446427431]","[248.8037440322782, -24.080382932725023, 127.66392736825576]","[14.487400627492576, 7.216955253527169, 8.636742269364731]","[227.41907365526077, -33.95258789940764, 116.07340933582157]","[273.9864166910975, -11.004026361435288, 142.84821562439876]","[true, false, true]","[46.5673430358367, 22.948561537972353, 26.774806288577196]"
63,"Positive(s,w_a) NPE","[234.0640775763408, -10.052372427314284, 130.1041446427431]","[234.30297280470901, -16.303946728044526, 134.7561465369499]","[12.325205630341463, 7.58422942078223, 8.678823616959086]","[215.03980693856158, -28.41218880563537, 122.14413869733175]","[255.02471165322547, -4.012763402621219, 149.66798953935444]","[true, true, true]","[39.984904714663884, 24.399425403014153, 27.523850842022682]"
64,"Positive(s,w_a) NPE","[234.0640775763408, -10.052372427314284, 130.1041446427431]","[236.03784228618014, -8.48312314960615, 127.45996406606413]","[14.102426156566157, 8.384330737569007, 8.991699681019318]","[215.72455532616684, -21.29785553176241, 115.86352697395871]","[260.94643152212615, 5.134548357542066, 143.26745907042312]","[true, true, true]","[45.22187619595931, 26.432403889304474, 27.403932096464402]"
65,"Positive(s,w_a) NPE","[234.0640775763408, -10.052372427314284, 130.1041446427431]","[220.84914474421637, -8.151538110386038, 134.88931145729256]","[14.16480134299943, 8.946701607131516, 10.231592726636904]","[204.82572736990298, -21.01543428793858, 119.93992880682346]","[249.30395325862972, 7.355508696765867, 152.73160873295393]","[true, true, true]","[44.47822588872674, 28.370942984704445, 32.79167992613047]"
66,"Positive(s,w_a) NPE","[234.0640775763408, -10.052372427314284, 130.1041446427431]","[234.2687837503442, -8.840346756487714, 134.41276079955512]","[12.052881307638964, 7.759341455062672, 8.395818949191431]","[215.9973344815733, -20.919374822264313, 122.02980612873652]","[254.70949253454353, 3.6239484816939838, 148.12369768214703]","[true, true, true]","[38.71215805297024, 24.543323303958296, 26.0938915534105]"
67,"Positive(s,w_a) NPE","[234.0640775763408, -10.052372427314284, 130.1041446427431]","[232.57463390448424, -10.145732012662666, 137.69225548922194]","[12.78361774790721, 7.797462584426591, 8.693075701288967]","[213.52679801150057, -22.52865864936985, 124.82815287511059]","[254.89926914654984, 2.9940673345351176, 152.61589513786282]","[true, true, true]","[41.37247113504927, 25.522725983904966, 27.787742262752232]"
68,"Positive(s,w_a) NPE","[234.0640775763408, -10.052372427314284, 130.1041446427431]","[252.2061518097234, -9.901768295455232, 137.34704244088817]","[13.598789431085496, 8.110002818022934, 8.05965259484844]","[230.8381015206827, -22.957294270013524, 125.43994288926488]","[275.51236383766974, 3.6988474184717877, 151.19543143191189]","[true, true, true]","[44.67426231698704, 26.656141688485313, 25.755488542647]"
69,"Positive(s,w_a) NPE","[234.0640775763408, -10.052372427314284, 130.1041446427431]","[222.87847684605418, -9.00984076755269, 124.32379034942987]","[11.12596666865399, 6.905971462092316, 6.522240430498799]","[206.89403240537817, -19.8764737648681, 115.11855949191488]","[242.33283963745268, 2.4733560457327015, 135.8544837799645]","[true, true, true]","[35.43880723207451, 22.3498298106008, 20.73592428804963]"
70,"Positive(s,w_a) NPE","[234.0640775763408, -10.052372427314284, 130.1041446427431]","[230.73116220097268, -11.112135651482763, 126.667752189499]","[13.74287577677065, 7.373057065626395, 7.408415912852559]","[211.10530800921066, -22.323786811192598, 115.96819277215566]","[255.5549687336333, 0.7808113929201216, 138.91620170594243]","[true, true, true]","[44.44966072442264, 23.10459820411272, 22.948008933786767]"
71,"Positive(s,w_a) NPE","[234.0640775763408, -10.052372427314284, 130.1041446427431]","[222.55464250759488, -11.488923288900304, 139.07857437271093]","[13.844004214490898, 9.919180372290473, 10.998178075087283]","[206.1762269824402, -24.42337728097984, 123.81558029971092]","[249.5850845788124, 5.102336455043191, 159.61384690469527]","[true, true, true]","[43.4088575963722, 29.52571373602303, 35.79826660498435]"
72,"Positive(s,w_a) NPE","[234.0640775763408, -10.052372427314284, 130.1041446427431]","[241.2268688557499, -6.147354958129512, 127.9548921467818]","[13.562907302578317, 7.811032261368535, 7.828255965707569]","[220.83610005563395, -18.385623396098165, 116.7516865381609]","[264.63930119227814, 6.488837154841724, 141.24676428547113]","[true, true, true]","[43.80320113664419, 24.874460550939887, 24.495077747310233]"
73,"Positive(s,w_a) NPE","[234.0640775763408, -10.052372427314284, 130.1041446427431]","[254.3480206934867, -19.454644609194926, 131.31278372498906]","[14.247639335695906, 8.120586617247056, 8.967514040867012]","[232.13452204088708, -32.0531409971316, 118.67098435126574]","[278.2147992766871, -6.094580745226343, 145.86969545493943]","[true, true, true]","[46.0802772358, 25.958560251905254, 27.198711103673688]"
74,"Positive(s,w_a) NPE","[234.0640775763408, -10.052372427314284, 130.1041446427431]","[229.46512331297905, -7.058439598413139, 141.59500408173324]","[12.940698567918515, 8.012799951330138, 9.053234218489079]","[210.88925431633814, -19.638498974984074, 128.086739196283]","[252.15421496348998, 6.0967836710723216, 157.18187265509707]","[true, true, true]","[41.26496064715184, 25.735282646056397, 29.095133458814075]"
75,"Positive(s,w_a) NPE","[234.0640775763408, -10.052372427314284, 130.1041446427431]","[268.43897137724076, -8.047484992598426, 142.31480127127057]","[13.82691925420068, 8.46745041955542, 8.921651567704496]","[246.60160147700702, -21.361787052276718, 128.82932998904266]","[291.7112225744542, 5.8618510928015795, 157.15102618182954]","[false, true, true]","[45.10962109744719, 27.223638145078297, 28.321696192786874]"
76,"Positive(s,w_a) NPE","[234.0640775763408, -10.052372427314284, 130.1041446427431]","[235.62809040971348, -16.725107384441937, 124.94767415092588]","[13.739248630668097, 7.90285031739495, 7.8299208889465985]","[214.4621032084068, -29.31148455975595, 114.95832853296345]","[259.1882043762369, -3.3551384063618634, 138.70741606215668]","[true, true, true]","[44.72610116783011, 25.956346153394087, 23.749087529193233]"
77,"Positive(s,w_a) NPE","[234.0640775763408, -10.052372427314284, 130.1041446427431]","[233.17515690147275, -13.650782207741512, 139.17247806045665]","[12.974308642503525, 7.7105555514519075, 8.34167938137626]","[214.0059214445071, -25.778443393819103, 126.154072894333]","[255.77736753599763, -0.8070616331886336, 153.21159502948007]","[true, true, true]","[41.77144609149053, 24.971381760630468, 27.057522135147067]"
78,"Positive(s,w_a) NPE","[234.0640775763408, -10.052372427314284, 130.1041446427431]","[236.07475734699796, -22.647278084926516, 126.64821042937923]","[14.184485338683118, 7.215042780025479, 8.491247739524278]","[215.29163908833294, -32.44415528822883, 115.3107563100998]","[260.9341779659486, -9.95645635209121, 141.4139696414867]","[true, true, true]","[45.642538877615664, 22.48769893613762, 26.103213331386883]"
79,"Positive(s,w_a) NPE","[234.0640775763408, -10.052372427314284, 130.1041446427431]","[244.4149410481429, -9.70682936640734, 125.64527495153253]","[13.465118615482066, 7.509191441513912, 7.061911483978825]","[223.15253470899447, -21.65351926593511, 115.65469243265883]","[267.01828508610834, 2.729780472320093, 137.60867586345952]","[true, true, true]","[43.86575037711387, 24.383299738255204, 21.95398343080069]"
80,"Positive(s,w_a) NPE","[234.0640775763408, -10.052372427314284, 130.1041446427431]","[224.99811544175566, -6.630820275683395, 124.67931133156213]","[14.012706195456339, 7.75450784241966, 7.377350334009677]","[207.00491152028644, -18.1488512142953, 114.9705501988736]","[251.82786936113268, 5.329910407777179, 137.50668628725364]","[true, true, true]","[44.82295784084624, 23.478761622072476, 22.536136088380047]"
81,"Positive(s,w_a) NPE","[234.0640775763408, -10.052372427314284, 130.1041446427431]","[220.83313353203613, -11.438181499910174, 133.36744304635195]","[13.640225169732172, 10.074253564587716, 11.181553127507616]","[205.37214619604254, -24.500492920308357, 118.55816431538513]","[249.1533475866517, 4.753033976865202, 155.12745974614978]","[true, true, true]","[43.78120139060917, 29.253526897173558, 36.569295430764654]"
82,"Positive(s,w_a) NPE","[234.0640775763408, -10.052372427314284, 130.1041446427431]","[235.7637175664018, -11.7865543024339, 125.62904529787772]","[13.808420375497796, 7.957934851677937, 7.876465648344147]","[215.57510494706491, -23.729310288360587, 115.19783033721276]","[259.94448787478797, 1.1440717451425058, 139.09934444307123]","[true, true, true]","[44.36938292772305, 24.87338203350309, 23.901514105858467]"
83,"Positive(s,w_a) NPE","[234.0640775763408, -10.052372427314284, 130.1041446427431]","[234.0921543391, -21.0657993710979, 131.88530305375735]","[13.514256469023447, 7.580463196237183, 9.03204245131643]","[214.6272883954751, -32.23874467757995, 118.98720024928872]","[257.7791207677823, -7.996731853138533, 147.4458156085662]","[true, true, true]","[43.15183237230718, 24.242012824441417, 28.458615359277474]"
84,"Positive(s,w_a) NPE","[234.0640775763408, -10.052372427314284, 130.1041446427431]","[248.23642058306046, -16.725793210194066, 133.4585246697311]","[14.595036636352406, 8.08907851640012, 8.545975370657196]","[226.58106862775875, -28.964278387316767, 120.78662298469992]","[274.0461162826952, -3.3373235823065244, 147.8989948943594]","[true, true, true]","[47.465047654936456, 25.626954805010243, 27.112371909659473]"
85,"Positive(s,w_a) NPE","[234.0640775763408, -10.052372427314284, 130.1041446427431]","[238.30042404847973, -11.193782690460965, 124.6912705933816]","[16.117093231078286, 8.958586958686327, 9.078859448579799]","[216.40998830717518, -24.193130621416277, 114.43157492602923]","[267.93932012595656, 3.1115219899369, 141.369434870473]","[true, true, true]","[51.52933181878137, 27.304652611353177, 26.93785994444376]"
86,"Positive(s,w_a) NPE","[234.0640775763408, -10.052372427314284, 130.1041446427431]","[259.6726298257131, 0.8887773191723592, 132.88625403547132]","[14.765028270918426, 8.541162497273893, 7.782270496687745]","[235.4160819870196, -12.761752378882184, 121.20336022100221]","[284.23006234044794, 15.177342843145636, 145.86694327322965]","[false, true, true]","[48.81398035342835, 27.93909522202782, 24.663583052227438]"
87,"Positive(s,w_a) NPE","[234.0640775763408, -10.052372427314284, 130.1041446427431]","[241.76505253574481, -19.099224638594364, 141.96212746511938]","[13.16033416708729, 8.045153879718843, 8.642013603921418]","[221.03114772988795, -31.939207535215193, 128.6845681858647]","[263.63638466052055, -5.471690823196649, 156.88070779070114]","[true, true, true]","[42.6052369306326, 26.467516712018544, 28.196139604836446]"
88,"Positive(s,w_a) NPE","[234.0640775763408, -10.052372427314284, 130.1041446427431]","[235.33723340878234, -20.347357751057576, 127.78436009615595]","[13.33022811168125, 7.459247920378364, 7.938215933846278]","[215.28427430551145, -31.304439989873977, 116.47442952455991]","[258.0914870780576, -7.725864772331848, 141.1168140720838]","[true, true, true]","[42.80721277254614, 23.57857521754213, 24.64238454752389]"
89,"Positive(s,w_a) NPE","[234.0640775763408, -10.052372427314284, 130.1041446427431]","[257.09152651245796, -4.610422936549849, 136.94133702541282]","[13.162136389890671, 7.3659963952614005, 7.556539796522288]","[236.32329110859902, -16.659201103114356, 125.36171286181495]","[279.3520228987049, 7.656810313498578, 149.40891756695066]","[false, true, true]","[43.028731790105866, 24.316011416612934, 24.047204705135712]"
90,"Positive(s,w_a) NPE","[234.0640775763408, -10.052372427314284, 130.1041446427431]","[232.79101326065552, -19.56382973971027, 128.70309489955065]","[12.258741659085166, 7.254044118963784, 8.221241084385367]","[213.77569353124602, -30.62960303816105, 117.26363293978842]","[253.9507431296241, -7.284592002029432, 142.77253595354836]","[true, true, true]","[40.17504959837808, 23.34501103613162, 25.508903013759934]"
91,"Positive(s,w_a) NPE","[234.0640775763408, -10.052372427314284, 130.1041446427431]","[220.91260867869073, -15.322049834257175, 127.14962786891952]","[15.038220115740517, 10.29212436663537, 11.405229324957848]","[205.05615670740127, -28.49282139695594, 114.43668693370664]","[251.4852292562411, 2.29630522708775, 150.83513396444795]","[true, true, true]","[46.42907254883983, 30.78912662404369, 36.39844703074131]"
92,"Positive(s,w_a) NPE","[234.0640775763408, -10.052372427314284, 130.1041446427431]","[222.12673104573443, -9.93250709710887, 125.70333333516747]","[16.690272370726305, 11.092108038806023, 10.586553792436208]","[205.0263748692937, -23.443076531329368, 114.17623495543653]","[256.5804659302231, 10.283031317525712, 147.11208177330337]","[true, true, true]","[51.55409106092941, 33.72610784885508, 32.935846817866846]"
93,"Positive(s,w_a) NPE","[234.0640775763408, -10.052372427314284, 130.1041446427431]","[230.81722989450205, -15.235193991727572, 124.72265104658524]","[15.675170229591656, 8.91752713971697, 9.201402075272087]","[210.06956027651992, -27.839481766526458, 114.26569872601006]","[260.54474089389447, -0.9322595012403815, 143.28845629210892]","[true, true, true]","[50.47518061737455, 26.907222265286077, 29.02275756609886]"
94,"Positive(s,w_a) NPE","[234.0640775763408, -10.052372427314284, 130.1041446427431]","[225.20347437668448, -14.776839477715683, 127.56186680629237]","[17.206318553590012, 8.864259410314228, 9.085353937096988]","[205.67377898148362, -27.120160644295936, 115.15895890235865]","[259.5959670020831, -0.19799177103943005, 143.47755857049793]","[true, true, true]","[53.92218802059949, 26.922168873256506, 28.318599668139285]"
95,"Positive(s,w_a) NPE","[234.0640775763408, -10.052372427314284, 130.1041446427431]","[248.64260445508114, -8.93223683159651, 140.63972939117744]","[14.49286058427931, 9.682354285164577, 10.274972681610992]","[225.48025828659306, -24.663585687286787, 126.40839835333098]","[272.3919626561477, 7.231739862238758, 160.70052543457865]","[true, true, true]","[46.911704369554656, 31.895325549525545, 34.29212708124767]"
96,"Positive(s,w_a) NPE","[234.0640775763408, -10.052372427314284, 130.1041446427431]","[258.27978341427837, 2.262070249494171, 134.34268633849277]","[13.88042096259731, 7.4042375699054, 7.458372016654181]","[236.97952845425556, -9.6372934188884, 122.65339299873416]","[281.34009625306504, 14.4059951207528, 146.99087776180525]","[false, false, true]","[44.360567798809484, 24.0432885396412, 24.33748476307109]"
97,"Positive(s,w_a) NPE","[234.0640775763408, -10.052372427314284, 130.1041446427431]","[248.92870108877617, -20.68730656457813, 127.8286219282131]","[14.191631520537465, 7.549296505081342, 7.851988222964448]","[226.64790372830066, -32.15858771618357, 116.64704790610655]","[272.25903113762644, -7.749083277461475, 141.3979240851372]","[true, true, true]","[45.611127409325775, 24.409504438722095, 24.75087617903064]"
98,"Positive(s,w_a) NPE","[234.0640775763408, -10.052372427314284, 130.1041446427431]","[245.0263757389305, -12.382458017163925, 134.43161019865485]","[14.063700061756283, 8.113849491928908, 8.374860777853083]","[223.94073462496965, -24.8017103703345, 122.10069757135328]","[269.36202638775535, 0.8052361059340093, 148.54255836960164]","[true, true, true]","[45.4212917627857, 25.60694647626851, 26.441860798248356]"
99,"Positive(s,w_a) NPE","[234.0640775763408, -10.052372427314284, 130.1041446427431]","[221.19683075132704, -8.759355204706342, 130.2720370146896]","[13.711677905469207, 9.64450570177489, 11.137677512916389]","[205.63553951315205, -22.072651851526, 116.32288269260523]","[249.61422170181262, 7.43233406492275, 151.98113390028888]","[true, true, true]","[43.97868218866057, 29.50498591644875, 35.65825120768365]"
