method,seed,pi_true,pilot_u_context,pilot_pi_context,pilot_status,score_context,pi_post_mean,pi_post_std,pi_q05,pi_q50,pi_q95,pi_sq_err,pi_coverage90,exact_pi_post_mean,exact_pi_post_std,exact_pi_q05,exact_pi_q50,exact_pi_q95,mean_abs_err_to_exact,mean_sq_err_to_exact,sd_abs_err_to_exact,q05_abs_err_to_exact,q50_abs_err_to_exact,q95_abs_err_to_exact,w1_to_exact,cdf_at_true,exact_cdf_at_true,cdf_at_true_abs_err_to_exact
exact likelihood grid,100,0.07,-1.8902153594481368,0.1312199162423477,interior,nan,0.17250758026908225,0.08743421451870233,0.06229637008727129,0.15585299225362012,0.34017076951490266,0.01050780401262234,1.0,0.17250758026908225,0.08743421451870233,0.06229637008727129,0.15585299225362012,0.34017076951490266,0.0,0.0,0.0,0.0,0.0,0.0,0.0,0.0838599900274827,0.0838599900274827,0.0
pilot-only NPE,100,0.07,-1.8902153594481368,0.1312199162423477,interior,nan,0.2019243836402893,0.10543704777956009,0.0643727395683527,0.1849362701177597,0.40184407085180285,0.01740404299887023,1.0,0.17250758026908225,0.08743421451870233,0.06229637008727129,0.15585299225362012,0.34017076951490266,0.029416803371207056,0.0008653483205802589,0.018002833260857762,0.0020763694810814054,0.029083277864139584,0.06167330133690019,0.029483375541826513,0.0746,0.0838599900274827,0.009259990027482706
linear FSM pilot+score NPE,100,0.07,-1.8902153594481368,0.1312199162423477,interior,-0.2606566250324249,0.17353186011314392,0.09101875126361847,0.06165165845304728,0.15546826273202896,0.3548493400216103,0.010718846058487599,1.0,0.17250758026908225,0.08743421451870233,0.06229637008727129,0.15585299225362012,0.34017076951490266,0.0010242798440616707,1.0491491989510005e-06,0.003584536744916142,0.0006447116342240128,0.0003847295215911595,0.014678570506707622,0.002742586808439315,0.095,0.0838599900274827,0.011140009972517295
radial FSM pilot+score NPE,100,0.07,-1.8902153594481368,0.1312199162423477,interior,-0.3349379301071167,0.17251800000667572,0.08956712484359741,0.06216260604560375,0.15565180778503418,0.34078603833913806,0.010509940325368762,1.0,0.17250758026908225,0.08743421451870233,0.06229637008727129,0.15585299225362012,0.34017076951490266,1.0419737593470035e-05,1.0857093151677272e-10,0.002132910324895085,0.00013376404166753897,0.00020118446858594097,0.0006152688242354043,0.0024582117168383583,0.0918,0.0838599900274827,0.0079400099725173
exact likelihood grid,101,0.07,-2.9444389791664403,0.05000000000000002,left_boundary,nan,0.14522954840402488,0.07510522726510863,0.057260305052842665,0.1280448050036737,0.2922502832305085,0.005659484953073522,1.0,0.14522954840402488,0.07510522726510863,0.057260305052842665,0.1280448050036737,0.2922502832305085,0.0,0.0,0.0,0.0,0.0,0.0,0.0,0.13706826557930793,0.13706826557930793,0.0
pilot-only NPE,101,0.07,-2.9444389791664403,0.05000000000000002,left_boundary,nan,0.15196380019187927,0.08153821527957916,0.058535040356218815,0.13466695696115494,0.310140261054039,0.006718064541894307,1.0,0.14522954840402488,0.07510522726510863,0.057260305052842665,0.1280448050036737,0.2922502832305085,0.0067342517878543895,4.5350147142220044e-05,0.0064329880144705365,0.0012747353033761497,0.006622151957481226,0.017889977823530523,0.00701610275507759,0.146,0.13706826557930793,0.008931734420692061
linear FSM pilot+score NPE,101,0.07,-2.9444389791664403,0.05000000000000002,left_boundary,0.3988218903541565,0.1484023630619049,0.0777212455868721,0.060167829133570196,0.1305466964840889,0.3020705655217171,0.00614693053369075,1.0,0.14522954840402488,0.07510522726510863,0.057260305052842665,0.1280448050036737,0.2922502832305085,0.0031728146578800243,1.0066752853258335e-05,0.0026160183217634747,0.0029075240807275304,0.002501891480415186,0.009820282291208626,0.003294992710392502,0.1308,0.13706826557930793,0.00626826557930793
radial FSM pilot+score NPE,101,0.07,-2.9444389791664403,0.05000000000000002,left_boundary,0.040041953325271606,0.14950840175151825,0.07765305787324905,0.05950993448495865,0.1312137469649315,0.29781313240528107,0.006321585949080829,1.0,0.14522954840402488,0.07510522726510863,0.057260305052842665,0.1280448050036737,0.2922502832305085,0.0042788533474933665,1.830858596935519e-05,0.002547830608140428,0.002249629432115985,0.0031689419612577763,0.005562849174772566,0.0043594204586501735,0.1344,0.13706826557930793,0.002668265579307938
exact likelihood grid,102,0.07,-2.9444389791664403,0.05000000000000002,left_boundary,nan,0.12551989349418655,0.06394814852602121,0.0548938344901601,0.1090378984455099,0.2524664211612317,0.0030824585736058167,1.0,0.12551989349418655,0.06394814852602121,0.0548938344901601,0.1090378984455099,0.2524664211612317,0.0,0.0,0.0,0.0,0.0,0.0,0.0,0.1932462867765059,0.1932462867765059,0.0
pilot-only NPE,102,0.07,-2.9444389791664403,0.05000000000000002,left_boundary,nan,0.15237219631671906,0.08267916738986969,0.0583149803802371,0.1337442323565483,0.3104888483881951,0.006785178726040103,1.0,0.12551989349418655,0.06394814852602121,0.0548938344901601,0.1090378984455099,0.2524664211612317,0.02685230282253251,0.0007210461668729874,0.01873101886384848,0.0034211458900769987,0.02470633391103841,0.058022427226963436,0.026919261142297132,0.1584,0.1932462867765059,0.03484628677650589
linear FSM pilot+score NPE,102,0.07,-2.9444389791664403,0.05000000000000002,left_boundary,0.264396607875824,0.1304413080215454,0.06937726587057114,0.057133801840245725,0.11077548936009407,0.26941579133272175,0.0036531517153553287,1.0,0.12551989349418655,0.06394814852602121,0.0548938344901601,0.1090378984455099,0.2524664211612317,0.004921414527358864,2.422032095009887e-05,0.0054291173445499274,0.0022399673500856226,0.0017375909145841695,0.016949370171490064,0.00498838173790131,0.177,0.1932462867765059,0.016246286776505914
radial FSM pilot+score NPE,102,0.07,-2.9444389791664403,0.05000000000000002,left_boundary,-0.1789829134941101,0.12953095138072968,0.06861487030982971,0.05613931436091661,0.1087615042924881,0.2616021856665612,0.0035439341722948,1.0,0.12551989349418655,0.06394814852602121,0.0548938344901601,0.1090378984455099,0.2524664211612317,0.004011057886543129,1.608858536919983e-05,0.004666721783808503,0.0012454798707565093,0.0002763941530218028,0.009135764505329491,0.00427145199533797,0.1918,0.1932462867765059,0.0014462867765059062
exact likelihood grid,103,0.07,-2.194914340303785,0.10020811355701577,interior,nan,0.12430063278354478,0.06755528201287048,0.054112057050059455,0.1049532172044354,0.26041958450020253,0.0029485587206933774,1.0,0.12430063278354478,0.06755528201287048,0.054112057050059455,0.1049532172044354,0.26041958450020253,0.0,0.0,0.0,0.0,0.0,0.0,0.0,0.21843906586124717,0.21843906586124717,0.0
pilot-only NPE,103,0.07,-2.194914340303785,0.10020811355701577,interior,nan,0.1872907280921936,0.10031482577323914,0.061560004204511645,0.16983436048030853,0.3816610828042031,0.013757114896396892,1.0,0.12430063278354478,0.06755528201287048,0.054112057050059455,0.1049532172044354,0.26041958450020253,0.06299009530864882,0.003967752106992663,0.03275954376036866,0.0074479471544521905,0.06488114327587313,0.12124149830400055,0.06305716842822892,0.096,0.21843906586124717,0.12243906586124717
linear FSM pilot+score NPE,103,0.07,-2.194914340303785,0.10020811355701577,interior,-0.2960653305053711,0.14373522996902466,0.07632510364055634,0.05820375569164753,0.12508104741573334,0.3016258478164673,0.005436884138584951,1.0,0.12430063278354478,0.06755528201287048,0.054112057050059455,0.1049532172044354,0.26041958450020253,0.01943459718547988,0.00037770356776186244,0.008769821627685859,0.004091698641588072,0.020127830211297937,0.04120626331626476,0.019501666909830396,0.1512,0.21843906586124717,0.06723906586124717
radial FSM pilot+score NPE,103,0.07,-2.194914340303785,0.10020811355701577,interior,-0.5682250261306763,0.135978102684021,0.07330425828695297,0.05820501204580068,0.11417794972658157,0.2776043891906739,0.004353110033783218,1.0,0.12430063278354478,0.06755528201287048,0.054112057050059455,0.1049532172044354,0.26041958450020253,0.011677469900476217,0.00013636330327652805,0.005748976274082496,0.004092954995741228,0.009224732522146173,0.017184804690471345,0.01174453602694136,0.176,0.21843906586124717,0.04243906586124718
exact likelihood grid,104,0.07,-2.7367487840372196,0.060839406179522056,interior,nan,0.1307958910428947,0.0719893627567532,0.05461090538238299,0.11066410480971355,0.27558492951867936,0.0036961403676995246,1.0,0.1307958910428947,0.0719893627567532,0.05461090538238299,0.11066410480971355,0.27558492951867936,0.0,0.0,0.0,0.0,0.0,0.0,0.0,0.19826122179977168,0.19826122179977168,0.0
pilot-only NPE,104,0.07,-2.7367487840372196,0.060839406179522056,interior,nan,0.16159960627555847,0.08877219259738922,0.059296724200248715,0.14153456687927246,0.3312485232949257,0.00839048786983733,1.0,0.1307958910428947,0.0719893627567532,0.05461090538238299,0.11066410480971355,0.27558492951867936,0.03080371523266376,0.0009488688721350413,0.016782829840636018,0.004685818817865728,0.030870462069558915,0.055663593776246356,0.030870700386802435,0.1334,0.19826122179977168,0.06486122179977169
linear FSM pilot+score NPE,104,0.07,-2.7367487840372196,0.060839406179522056,interior,0.2321564257144928,0.1495606154203415,0.08095713704824448,0.05974248852580786,0.12837973982095718,0.3150332659482956,0.006329891526063479,1.0,0.1307958910428947,0.0719893627567532,0.05461090538238299,0.11066410480971355,0.27558492951867936,0.01876472437744678,0.0003521148809615454,0.008967774291491273,0.005131583143424871,0.01771563501124364,0.03944833642961626,0.018831698422769785,0.1318,0.19826122179977168,0.06646122179977168
radial FSM pilot+score NPE,104,0.07,-2.7367487840372196,0.060839406179522056,interior,-0.09402668476104736,0.14296361804008484,0.0758129432797432,0.05808729082345963,0.12325336039066315,0.2893749579787255,0.0053236895574993925,1.0,0.1307958910428947,0.0719893627567532,0.05461090538238299,0.11066410480971355,0.27558492951867936,0.012167726997190126,0.00014805358027814944,0.0038235805229899916,0.003476385441076639,0.012589255580949602,0.013790028460046122,0.012255181644282924,0.158,0.19826122179977168,0.04026122179977168
exact likelihood grid,105,0.07,-1.6757964289625658,0.157652893640706,interior,nan,0.16540370617496497,0.0905391005398556,0.058590138216714986,0.1449393213352827,0.34260945076213684,0.009101867151919048,1.0,0.16540370617496497,0.0905391005398556,0.058590138216714986,0.1449393213352827,0.34260945076213684,0.0,0.0,0.0,0.0,0.0,0.0,0.0,0.11516189517230319,0.11516189517230319,0.0
pilot-only NPE,105,0.07,-1.6757964289625658,0.157652893640706,interior,nan,0.21905234456062317,0.11247368156909943,0.0680777158588171,0.20233628898859024,0.4253483623266221,0.02221660141901873,1.0,0.16540370617496497,0.0905391005398556,0.058590138216714986,0.1449393213352827,0.34260945076213684,0.0536486383856582,0.0028781764006351185,0.021934581029243824,0.009487577642102112,0.05739696765330754,0.08273891156448526,0.053714904728633585,0.0578,0.11516189517230319,0.05736189517230319
linear FSM pilot+score NPE,105,0.07,-1.6757964289625658,0.157652893640706,interior,-0.509648323059082,0.1614590287208557,0.0840906947851181,0.06357605233788491,0.14287451654672623,0.32975425720214846,0.008364753934562309,1.0,0.16540370617496497,0.0905391005398556,0.058590138216714986,0.1449393213352827,0.34260945076213684,0.003944677454109258,1.5560480216957894e-05,0.006448405754737499,0.004985914121169922,0.0020648047885564735,0.012855193559988376,0.0067645574435185405,0.0954,0.11516189517230319,0.019761895172303187
radial FSM pilot+score NPE,105,0.07,-1.6757964289625658,0.157652893640706,interior,-0.7610820531845093,0.1590225249528885,0.08373591303825378,0.061338421888649464,0.1398850679397583,0.31742428690195085,0.007925009948987653,1.0,0.16540370617496497,0.0905391005398556,0.058590138216714986,0.1449393213352827,0.34260945076213684,0.006381181222076482,4.0719473788981505e-05,0.006803187501601818,0.0027482836719344775,0.0050542533955243996,0.02518516386018599,0.006852441406361645,0.1056,0.11516189517230319,0.009561895172303186
exact likelihood grid,106,0.07,-1.4797289849791466,0.18546835800051473,interior,nan,0.24697251245635096,0.1182618892341895,0.07888195355535195,0.23296963747730423,0.4637504980247935,0.031319270165113294,0.0,0.24697251245635096,0.1182618892341895,0.07888195355535195,0.23296963747730423,0.4637504980247935,0.0,0.0,0.0,0.0,0.0,0.0,0.0,0.03286458259438016,0.03286458259438016,0.0
pilot-only NPE,106,0.07,-1.4797289849791466,0.18546835800051473,interior,nan,0.23587597906589508,0.11501017957925797,0.07380911707878113,0.22085627913475037,0.44907000958919524,0.027514840431069262,0.0,0.24697251245635096,0.1182618892341895,0.07888195355535195,0.23296963747730423,0.4637504980247935,0.011096533390455882,0.0001231330532855023,0.003251709654931531,0.005072836476570822,0.012113358342553865,0.014680488435598271,0.011065993253913678,0.0408,0.03286458259438016,0.007935417405619843
linear FSM pilot+score NPE,106,0.07,-1.4797289849791466,0.18546835800051473,interior,0.16637060046195984,0.2573932707309723,0.1141069084405899,0.0906247053295374,0.24379650503396988,0.4686407923698425,0.03511623791525147,0.0,0.24697251245635096,0.1182618892341895,0.07888195355535195,0.23296963747730423,0.4637504980247935,0.010420758274621328,0.00010859220301808888,0.004154980793599591,0.011742751774185448,0.010826867556665648,0.004890294345049007,0.010584523591391969,0.0138,0.03286458259438016,0.01906458259438016
radial FSM pilot+score NPE,106,0.07,-1.4797289849791466,0.18546835800051473,interior,0.14058798551559448,0.25214454531669617,0.11362797021865845,0.08780572488904,0.2409142330288887,0.46407121121883393,0.03317663538862598,0.0,0.24697251245635096,0.1182618892341895,0.07888195355535195,0.23296963747730423,0.4637504980247935,0.005172032860345205,2.67499239084906e-05,0.004633919015531049,0.008923771333688046,0.007944595551584471,0.00032071319404042287,0.0063477186957034614,0.0174,0.03286458259438016,0.01546458259438016
exact likelihood grid,107,0.07,-2.0556635001861925,0.1134813657601714,interior,nan,0.17749097270913144,0.08436710967497799,0.06652997103570456,0.1633116155440829,0.33708421180636017,0.01155430921395524,1.0,0.17749097270913144,0.08436710967497799,0.06652997103570456,0.1633116155440829,0.33708421180636017,0.0,0.0,0.0,0.0,0.0,0.0,0.0,0.06232271445590638,0.06232271445590638,0.0
pilot-only NPE,107,0.07,-2.0556635001861925,0.1134813657601714,interior,nan,0.19191564619541168,0.10232596844434738,0.06270666755735874,0.17446687817573547,0.3827781081199647,0.014863424787244797,1.0,0.17749097270913144,0.08436710967497799,0.06652997103570456,0.1633116155440829,0.33708421180636017,0.014424673486280237,0.00020807120518579605,0.017958858769369396,0.0038233034783458214,0.011155262631652563,0.04569389631360454,0.016994673683362903,0.0878,0.06232271445590638,0.02547728554409362
linear FSM pilot+score NPE,107,0.07,-2.0556635001861925,0.1134813657601714,interior,0.13176706433296204,0.21116626262664795,0.10340654850006104,0.07352113127708435,0.19388026744127274,0.41733942776918415,0.01992791370397574,0.0,0.17749097270913144,0.08436710967497799,0.06652997103570456,0.1633116155440829,0.33708421180636017,0.033675289917516504,0.0011340251510287887,0.01903943882508305,0.006991160241379787,0.030568651897189825,0.08025521596282398,0.03374198427442771,0.0364,0.06232271445590638,0.02592271445590638
radial FSM pilot+score NPE,107,0.07,-2.0556635001861925,0.1134813657601714,interior,0.12121731042861938,0.20643293857574463,0.10201074928045273,0.07340038679540158,0.18921678513288498,0.3956249698996544,0.018613946728412906,0.0,0.17749097270913144,0.08436710967497799,0.06652997103570456,0.1633116155440829,0.33708421180636017,0.028941965866613184,0.0008376373882242026,0.017643639605474742,0.006870415759697018,0.02590516958880207,0.05854075809329423,0.02900866395179492,0.0368,0.06232271445590638,0.025522714455906384
exact likelihood grid,108,0.07,-1.419377001621663,0.19475926866163112,interior,nan,0.17893486263643124,0.09919539889972874,0.06007121096686273,0.15725514870960955,0.37255307265399507,0.011866804297618142,1.0,0.17893486263643124,0.09919539889972874,0.06007121096686273,0.15725514870960955,0.37255307265399507,0.0,0.0,0.0,0.0,0.0,0.0,0.0,0.0991291627886325,0.0991291627886325,0.0
pilot-only NPE,108,0.07,-1.419377001621663,0.19475926866163112,interior,nan,0.2429724782705307,0.11689653992652893,0.07777507044374943,0.2289041057229042,0.46207679063081747,0.029919478239049214,0.0,0.17893486263643124,0.09919539889972874,0.06007121096686273,0.15725514870960955,0.37255307265399507,0.06403761563409946,0.004100816216100659,0.01770114102680019,0.0177038594768867,0.07164895701329466,0.0895237179768224,0.06410327583986657,0.0306,0.0991291627886325,0.0685291627886325
linear FSM pilot+score NPE,108,0.07,-1.419377001621663,0.19475926866163112,interior,-0.4268283247947693,0.19897760450839996,0.09994660317897797,0.0671664010733366,0.18213099986314774,0.3906091704964638,0.016635222464725232,1.0,0.17893486263643124,0.09919539889972874,0.06007121096686273,0.15725514870960955,0.37255307265399507,0.020042741871968722,0.00040171150174636827,0.0007512042792492263,0.007095190106473873,0.024875851153538187,0.018056097842468755,0.020248001621094983,0.0604,0.0991291627886325,0.0387291627886325
radial FSM pilot+score NPE,108,0.07,-1.419377001621663,0.19475926866163112,interior,-0.7129389643669128,0.18964652717113495,0.09651011973619461,0.06540946289896965,0.1755225583910942,0.37051222473382955,0.014315291464113132,1.0,0.17893486263643124,0.09919539889972874,0.06007121096686273,0.15725514870960955,0.37255307265399507,0.010711664534703708,0.0001147397571040292,0.0026852791635341294,0.005338251932106922,0.01826740968148466,0.0020408479201655116,0.011452808284253407,0.0684,0.0991291627886325,0.030729162788632497
exact likelihood grid,109,0.07,-2.9444389791664403,0.05000000000000002,left_boundary,nan,0.13708526761454617,0.074577607492677,0.055344223342857254,0.11741462966401366,0.28590915987662563,0.004500433130915277,1.0,0.13708526761454617,0.074577607492677,0.055344223342857254,0.11741462966401366,0.28590915987662563,0.0,0.0,0.0,0.0,0.0,0.0,0.0,0.17543736818025182,0.17543736818025182,0.0
pilot-only NPE,109,0.07,-2.9444389791664403,0.05000000000000002,left_boundary,nan,0.15006402134895325,0.0827026292681694,0.05865441840142012,0.12934641540050507,0.30651920884847644,0.00641024751456564,1.0,0.13708526761454617,0.074577607492677,0.055344223342857254,0.11741462966401366,0.28590915987662563,0.012978753734407072,0.00016844804849838553,0.008125021775492403,0.0033101950585628648,0.01193178573649141,0.020610048971850814,0.013045677158649844,0.1522,0.17543736818025182,0.02323736818025182
linear FSM pilot+score NPE,109,0.07,-2.9444389791664403,0.05000000000000002,left_boundary,0.2512272000312805,0.12920038402080536,0.07107774168252945,0.056293122842907904,0.10863839462399483,0.27228565216064454,0.0035046854682108256,1.0,0.13708526761454617,0.074577607492677,0.055344223342857254,0.11741462966401366,0.28590915987662563,0.007884883593740816,6.217138928684307e-05,0.003499865810147551,0.0009488995000506498,0.008776235040018829,0.013623507715981087,0.008249945385621458,0.1976,0.17543736818025182,0.022162631819748174
radial FSM pilot+score NPE,109,0.07,-2.9444389791664403,0.05000000000000002,left_boundary,-0.15204575657844543,0.12904267013072968,0.06870683282613754,0.0559848815202713,0.10876943171024323,0.2609980598092079,0.0034860368961661574,1.0,0.13708526761454617,0.074577607492677,0.055344223342857254,0.11741462966401366,0.28590915987662563,0.0080425974838165,6.468337428669149e-05,0.005870774666539458,0.0006406581774140441,0.008645197953770431,0.024911100067417702,0.008143605929516465,0.2072,0.17543736818025182,0.03176263181974817
exact likelihood grid,100,0.1,-1.4940003825547574,0.18332205094876383,interior,nan,0.21531928793208907,0.10131454116951828,0.0748965172398188,0.20151785463089644,0.4031328386876434,0.013298538169164063,1.0,0.21531928793208907,0.10131454116951828,0.0748965172398188,0.20151785463089644,0.4031328386876434,0.0,0.0,0.0,0.0,0.0,0.0,0.0,0.11970950520270186,0.11970950520270186,0.0
pilot-only NPE,100,0.1,-1.4940003825547574,0.18332205094876383,interior,nan,0.23388978838920593,0.11506249755620956,0.07235113605856895,0.21903690695762634,0.45105945169925704,0.01792647543490634,1.0,0.21531928793208907,0.10131454116951828,0.0748965172398188,0.20151785463089644,0.4031328386876434,0.018570500457116862,0.0003448634872277776,0.013747956386691282,0.002545381181249848,0.0175190523267299,0.04792661301161366,0.019020645465257696,0.1174,0.11970950520270186,0.0023095052027018587
linear FSM pilot+score NPE,100,0.1,-1.4940003825547574,0.18332205094876383,interior,-0.2044031023979187,0.21330834925174713,0.10565198957920074,0.07120794430375099,0.19607137888669968,0.41741498708724994,0.012838782010155904,1.0,0.21531928793208907,0.10131454116951828,0.0748965172398188,0.20151785463089644,0.4031328386876434,0.0020109386803419393,4.043874376095381e-06,0.004337448409682462,0.0036885729360678077,0.005446475744196766,0.014282148399606565,0.005268699172546248,0.1306,0.11970950520270186,0.01089049479729813
radial FSM pilot+score NPE,100,0.1,-1.4940003825547574,0.18332205094876383,interior,-0.2672731876373291,0.21227551996707916,0.10518714040517807,0.0706311222165823,0.19713367521762848,0.40847366303205496,0.012605792383877991,1.0,0.21531928793208907,0.10131454116951828,0.0748965172398188,0.20151785463089644,0.4031328386876434,0.003043767965009908,9.264523424820557e-06,0.0038725992356597877,0.004265395023236501,0.0043841794132679635,0.005340824344411577,0.005045797586932981,0.1416,0.11970950520270186,0.02189049479729814
exact likelihood grid,101,0.1,-2.574108023803574,0.07082348813294585,interior,nan,0.18483399248203555,0.08951316526489674,0.0663048492691658,0.17028929920656835,0.35354830497255824,0.007196806280442064,1.0,0.18483399248203555,0.08951316526489674,0.0663048492691658,0.17028929920656835,0.35354830497255824,0.0,0.0,0.0,0.0,0.0,0.0,0.0,0.18164069856910947,0.18164069856910947,0.0
pilot-only NPE,101,0.1,-2.574108023803574,0.07082348813294585,interior,nan,0.17159314453601837,0.09092095494270325,0.061122342385351656,0.1546640694141388,0.346415838599205,0.005125578344555216,1.0,0.18483399248203555,0.08951316526489674,0.0663048492691658,0.17028929920656835,0.35354830497255824,0.013240847946017181,0.00017532005432954742,0.0014077896778065119,0.005182506883814143,0.015625229792429557,0.007132466373353241,0.013381047165825152,0.2542,0.18164069856910947,0.07255930143089051
linear FSM pilot+score NPE,101,0.1,-2.574108023803574,0.07082348813294585,interior,0.20707695186138153,0.16517756879329681,0.08539208024740219,0.06405984684824943,0.14802612364292145,0.3356550365686417,0.004248115473804938,1.0,0.18483399248203555,0.08951316526489674,0.0663048492691658,0.17028929920656835,0.35354830497255824,0.01965642368873874,0.00038637499223120945,0.004121085017494544,0.002245002420916367,0.022263175563646903,0.01789326840391653,0.01964761104229816,0.2462,0.18164069856910947,0.06455930143089053
radial FSM pilot+score NPE,101,0.1,-2.574108023803574,0.07082348813294585,interior,0.09919464588165283,0.1770247519016266,0.08952925354242325,0.06515517123043538,0.1599661409854889,0.3478378236293793,0.005932812405507128,1.0,0.18483399248203555,0.08951316526489674,0.0663048492691658,0.17028929920656835,0.35354830497255824,0.007809240580408966,6.098423844270616e-05,1.6088277526513095e-05,0.0011496780387304228,0.01032315822107946,0.005710481343178919,0.007898718400337974,0.2134,0.18164069856910947,0.031759301430890535
exact likelihood grid,102,0.1,-2.9308411090321433,0.05064986537117036,interior,nan,0.14692857247650776,0.07766250760999388,0.05704457270444448,0.12863089776681266,0.2995968242542583,0.0022022909146828407,1.0,0.14692857247650776,0.07766250760999388,0.05704457270444448,0.12863089776681266,0.2995968242542583,0.0,0.0,0.0,0.0,0.0,0.0,0.0,0.3364876467277958,0.3364876467277958,0.0
pilot-only NPE,102,0.1,-2.9308411090321433,0.05064986537117036,interior,nan,0.15340499579906464,0.08340348303318024,0.0584170063957572,0.1349126175045967,0.3135549351572991,0.002852093576298111,1.0,0.14692857247650776,0.07766250760999388,0.05704457270444448,0.12863089776681266,0.2995968242542583,0.006476423322556879,4.194405905295869e-05,0.005740975423186356,0.0013724336913127216,0.006281719737784047,0.013958110903040777,0.007295812085816786,0.3444,0.3364876467277958,0.007912353272204187
linear FSM pilot+score NPE,102,0.1,-2.9308411090321433,0.05064986537117036,interior,0.45820796489715576,0.1642581671476364,0.08431056141853333,0.061865150555968286,0.14653250575065613,0.3329857155680657,0.004129112045173579,1.0,0.14692857247650776,0.07766250760999388,0.05704457270444448,0.12863089776681266,0.2995968242542583,0.017329594671128656,0.00030031485146561073,0.006648053808539445,0.004820577851523809,0.017901607983843465,0.0333888913138074,0.017396471471990374,0.2424,0.3364876467277958,0.09408764672779579
radial FSM pilot+score NPE,102,0.1,-2.9308411090321433,0.05064986537117036,interior,0.11017599701881409,0.1613275408744812,0.08204218000173569,0.06113710217177868,0.14404433965682983,0.31693951189517977,0.0037610672697111617,1.0,0.14692857247650776,0.07766250760999388,0.05704457270444448,0.12863089776681266,0.2995968242542583,0.014398968397973444,0.00020733029092583793,0.004379672391741807,0.004092529467334204,0.015413441890017171,0.01734268764092145,0.014467254959379781,0.26,0.3364876467277958,0.07648764672779579
exact likelihood grid,103,0.1,-1.7587538615694356,0.14694647854098628,interior,nan,0.13679283591987473,0.07681269091332749,0.055008324569272404,0.11549183571765223,0.2911855480801427,0.001353712775026824,1.0,0.13679283591987473,0.07681269091332749,0.055008324569272404,0.11549183571765223,0.2911855480801427,0.0,0.0,0.0,0.0,0.0,0.0,0.0,0.40664077494306655,0.40664077494306655,0.0
pilot-only NPE,103,0.1,-1.7587538615694356,0.14694647854098628,interior,nan,0.21074038743972778,0.11070511490106583,0.06585951372981072,0.192839615046978,0.4171946689486504,0.012263433410301018,1.0,0.13679283591987473,0.07681269091332749,0.055008324569272404,0.11549183571765223,0.2911855480801427,0.07394755151985305,0.005468240375781321,0.03389242398773834,0.010851189160538316,0.07734777932932577,0.12600912086850774,0.07401436801628362,0.17,0.40664077494306655,0.23664077494306654
linear FSM pilot+score NPE,103,0.1,-1.7587538615694356,0.14694647854098628,interior,-0.5692213773727417,0.14781659841537476,0.07632379233837128,0.06157253682613373,0.12985113263130188,0.3053250223398209,0.002286427084017219,1.0,0.13679283591987473,0.07681269091332749,0.055008324569272404,0.11549183571765223,0.2911855480801427,0.011023762495500022,0.00012152333955719288,0.0004888985749562091,0.006564212256861324,0.01435929691364965,0.014139474259678209,0.011555057423901737,0.3204,0.40664077494306655,0.08624077494306653
radial FSM pilot+score NPE,103,0.1,-1.7587538615694356,0.14694647854098628,interior,-0.8794437646865845,0.14532290399074554,0.07825816422700882,0.05983052421361208,0.12470266222953796,0.29755718261003494,0.0020541656261543377,1.0,0.13679283591987473,0.07681269091332749,0.055008324569272404,0.11549183571765223,0.2911855480801427,0.008530068070870811,7.276206129368968e-05,0.0014454733136813336,0.004822199644339678,0.009210826511885734,0.006371634529892256,0.00865887381010733,0.3656,0.40664077494306655,0.04104077494306657
exact likelihood grid,104,0.1,-2.7367487840372196,0.060839406179522056,interior,nan,0.1307958910428947,0.0719893627567532,0.05461090538238299,0.11066410480971355,0.27558492951867936,0.0009483869051258425,1.0,0.1307958910428947,0.0719893627567532,0.05461090538238299,0.11066410480971355,0.27558492951867936,0.0,0.0,0.0,0.0,0.0,0.0,0.0,0.43216778766210684,0.43216778766210684,0.0
pilot-only NPE,104,0.1,-2.7367487840372196,0.060839406179522056,interior,nan,0.16159960627555847,0.08877219259738922,0.059296724200248715,0.14153456687927246,0.3312485232949257,0.003794511493303822,1.0,0.1307958910428947,0.0719893627567532,0.05461090538238299,0.11066410480971355,0.27558492951867936,0.03080371523266376,0.0009488688721350413,0.016782829840636018,0.004685818817865728,0.030870462069558915,0.055663593776246356,0.030870700386802435,0.3068,0.43216778766210684,0.12536778766210682
linear FSM pilot+score NPE,104,0.1,-2.7367487840372196,0.060839406179522056,interior,0.2321564257144928,0.1495606154203415,0.08095713704824448,0.05974248852580786,0.12837973982095718,0.3150332659482956,0.00245625460084299,1.0,0.1307958910428947,0.0719893627567532,0.05461090538238299,0.11066410480971355,0.27558492951867936,0.01876472437744678,0.0003521148809615454,0.008967774291491273,0.005131583143424871,0.01771563501124364,0.03944833642961626,0.018831698422769785,0.3306,0.43216778766210684,0.10156778766210683
radial FSM pilot+score NPE,104,0.1,-2.7367487840372196,0.060839406179522056,interior,-0.09402668476104736,0.14296361804008484,0.0758129432797432,0.05808729082345963,0.12325336039066315,0.2893749579787255,0.001845872475094303,1.0,0.1307958910428947,0.0719893627567532,0.05461090538238299,0.11066410480971355,0.27558492951867936,0.012167726997190126,0.00014805358027814944,0.0038235805229899916,0.003476385441076639,0.012589255580949602,0.013790028460046122,0.012255181644282924,0.3696,0.43216778766210684,0.06256778766210686
exact likelihood grid,105,0.1,-1.6757964289625658,0.157652893640706,interior,nan,0.16540370617496497,0.0905391005398556,0.058590138216714986,0.1449393213352827,0.34260945076213684,0.004277644781421151,1.0,0.16540370617496497,0.0905391005398556,0.058590138216714986,0.1449393213352827,0.34260945076213684,0.0,0.0,0.0,0.0,0.0,0.0,0.0,0.2808753783792908,0.2808753783792908,0.0
pilot-only NPE,105,0.1,-1.6757964289625658,0.157652893640706,interior,nan,0.21905234456062317,0.11247368156909943,0.0680777158588171,0.20233628898859024,0.4253483623266221,0.01417346074538134,1.0,0.16540370617496497,0.0905391005398556,0.058590138216714986,0.1449393213352827,0.34260945076213684,0.0536486383856582,0.0028781764006351185,0.021934581029243824,0.009487577642102112,0.05739696765330754,0.08273891156448526,0.053714904728633585,0.1512,0.2808753783792908,0.12967537837929077
linear FSM pilot+score NPE,105,0.1,-1.6757964289625658,0.157652893640706,interior,-0.509648323059082,0.1614590287208557,0.0840906947851181,0.06357605233788491,0.14287451654672623,0.32975425720214846,0.003777212211310967,1.0,0.16540370617496497,0.0905391005398556,0.058590138216714986,0.1449393213352827,0.34260945076213684,0.003944677454109258,1.5560480216957894e-05,0.006448405754737499,0.004985914121169922,0.0020648047885564735,0.012855193559988376,0.0067645574435185405,0.2584,0.2808753783792908,0.022475378379290756
radial FSM pilot+score NPE,105,0.1,-1.6757964289625658,0.157652893640706,interior,-0.7610820531845093,0.1590225249528885,0.08373591303825378,0.061338421888649464,0.1398850679397583,0.31742428690195085,0.0034836584518143435,1.0,0.16540370617496497,0.0905391005398556,0.058590138216714986,0.1449393213352827,0.34260945076213684,0.006381181222076482,4.0719473788981505e-05,0.006803187501601818,0.0027482836719344775,0.0050542533955243996,0.02518516386018599,0.006852441406361645,0.2922,0.2808753783792908,0.011324621620709241
exact likelihood grid,106,0.1,-1.4797289849791466,0.18546835800051473,interior,nan,0.24697251245635096,0.1182618892341895,0.07888195355535195,0.23296963747730423,0.4637504980247935,0.021600919417732237,1.0,0.24697251245635096,0.1182618892341895,0.07888195355535195,0.23296963747730423,0.4637504980247935,0.0,0.0,0.0,0.0,0.0,0.0,0.0,0.09674801178210195,0.09674801178210195,0.0
pilot-only NPE,106,0.1,-1.4797289849791466,0.18546835800051473,interior,nan,0.23587597906589508,0.11501017957925797,0.07380911707878113,0.22085627913475037,0.44907000958919524,0.018462281687115556,1.0,0.24697251245635096,0.1182618892341895,0.07888195355535195,0.23296963747730423,0.4637504980247935,0.011096533390455882,0.0001231330532855023,0.003251709654931531,0.005072836476570822,0.012113358342553865,0.014680488435598271,0.011065993253913678,0.1078,0.09674801178210195,0.01105198821789806
linear FSM pilot+score NPE,106,0.1,-1.4797289849791466,0.18546835800051473,interior,0.16637060046195984,0.2573932707309723,0.1141069084405899,0.0906247053295374,0.24379650503396988,0.4686407923698425,0.024772641671393137,1.0,0.24697251245635096,0.1182618892341895,0.07888195355535195,0.23296963747730423,0.4637504980247935,0.010420758274621328,0.00010859220301808888,0.004154980793599591,0.011742751774185448,0.010826867556665648,0.004890294345049007,0.010584523591391969,0.0644,0.09674801178210195,0.03234801178210195
radial FSM pilot+score NPE,106,0.1,-1.4797289849791466,0.18546835800051473,interior,0.14058798551559448,0.25214454531669617,0.11362797021865845,0.08780572488904,0.2409142330288887,0.46407121121883393,0.02314796266962421,1.0,0.24697251245635096,0.1182618892341895,0.07888195355535195,0.23296963747730423,0.4637504980247935,0.005172032860345205,2.67499239084906e-05,0.004633919015531049,0.008923771333688046,0.007944595551584471,0.00032071319404042287,0.0063477186957034614,0.0788,0.09674801178210195,0.017948011782101952
exact likelihood grid,107,0.1,-1.6243569927096362,0.16460486382732928,interior,nan,0.21512125132135626,0.09180351671360974,0.08461520152293014,0.20391729175585502,0.38351510892795754,0.01325290250579487,1.0,0.21512125132135626,0.09180351671360974,0.08461520152293014,0.20391729175585502,0.38351510892795754,0.0,0.0,0.0,0.0,0.0,0.0,0.0,0.08784164122508428,0.08784164122508428,0.0
pilot-only NPE,107,0.1,-1.6243569927096362,0.16460486382732928,interior,nan,0.21966376900672913,0.11283183842897415,0.0699210986495018,0.20311710983514786,0.42704657912254335,0.014319417612895825,1.0,0.21512125132135626,0.09180351671360974,0.08461520152293014,0.20391729175585502,0.38351510892795754,0.0045425176853728655,2.0634466921925257e-05,0.02102832171536441,0.014694102873428344,0.0008001819207071603,0.04353147019458581,0.017546753437589407,0.147,0.08784164122508428,0.05915835877491571
linear FSM pilot+score NPE,107,0.1,-1.6243569927096362,0.16460486382732928,interior,0.11360462009906769,0.24173995852470398,0.11298470944166183,0.08331191316246986,0.2252996489405632,0.4595661371946336,0.020090215842584802,1.0,0.21512125132135626,0.09180351671360974,0.08461520152293014,0.20391729175585502,0.38351510892795754,0.02661870720334772,0.0007085555731775557,0.021181192728052092,0.0013032883604602863,0.021382357184708184,0.07605102826667604,0.02676830156355187,0.0808,0.08784164122508428,0.007041641225084286
radial FSM pilot+score NPE,107,0.1,-1.6243569927096362,0.16460486382732928,interior,0.10859870910644531,0.23463822901248932,0.11159271746873856,0.07966606020927429,0.21891271322965622,0.4386478528380394,0.01812745271161952,1.0,0.21512125132135626,0.09180351671360974,0.08461520152293014,0.20391729175585502,0.38351510892795754,0.01951697769113306,0.0003809124181961855,0.019789200755128813,0.004949141313655855,0.014995421473801201,0.05513274391008188,0.020556903014906765,0.1004,0.08784164122508428,0.01255835877491572
exact likelihood grid,108,0.1,-1.419377001621663,0.19475926866163112,interior,nan,0.17893486263643124,0.09919539889972874,0.06007121096686273,0.15725514870960955,0.37255307265399507,0.006230712539432268,1.0,0.17893486263643124,0.09919539889972874,0.06007121096686273,0.15725514870960955,0.37255307265399507,0.0,0.0,0.0,0.0,0.0,0.0,0.0,0.2463898150880795,0.2463898150880795,0.0
pilot-only NPE,108,0.1,-1.419377001621663,0.19475926866163112,interior,nan,0.2429724782705307,0.11689653992652893,0.07777507044374943,0.2289041057229042,0.46207679063081747,0.020441129542817373,1.0,0.17893486263643124,0.09919539889972874,0.06007121096686273,0.15725514870960955,0.37255307265399507,0.06403761563409946,0.004100816216100659,0.01770114102680019,0.0177038594768867,0.07164895701329466,0.0895237179768224,0.06410327583986657,0.1042,0.2463898150880795,0.14218981508807949
linear FSM pilot+score NPE,108,0.1,-1.419377001621663,0.19475926866163112,interior,-0.4268283247947693,0.19897760450839996,0.09994660317897797,0.0671664010733366,0.18213099986314774,0.3906091704964638,0.009796566194221236,1.0,0.17893486263643124,0.09919539889972874,0.06007121096686273,0.15725514870960955,0.37255307265399507,0.020042741871968722,0.00040171150174636827,0.0007512042792492263,0.007095190106473873,0.024875851153538187,0.018056097842468755,0.020248001621094983,0.1604,0.2463898150880795,0.08598981508807951
radial FSM pilot+score NPE,108,0.1,-1.419377001621663,0.19475926866163112,interior,-0.7129389643669128,0.18964652717113495,0.09651011973619461,0.06540946289896965,0.1755225583910942,0.37051222473382955,0.008036499833845035,1.0,0.17893486263643124,0.09919539889972874,0.06007121096686273,0.15725514870960955,0.37255307265399507,0.010711664534703708,0.0001147397571040292,0.0026852791635341294,0.005338251932106922,0.01826740968148466,0.0020408479201655116,0.011452808284253407,0.1938,0.2463898150880795,0.0525898150880795
exact likelihood grid,109,0.1,-2.9444389791664403,0.05000000000000002,left_boundary,nan,0.13708526761454617,0.074577607492677,0.055344223342857254,0.11741462966401366,0.28590915987662563,0.001375317074042507,1.0,0.13708526761454617,0.074577607492677,0.055344223342857254,0.11741462966401366,0.28590915987662563,0.0,0.0,0.0,0.0,0.0,0.0,0.0,0.3946773603202891,0.3946773603202891,0.0
pilot-only NPE,109,0.1,-2.9444389791664403,0.05000000000000002,left_boundary,nan,0.15006402134895325,0.0827026292681694,0.05865441840142012,0.12934641540050507,0.30651920884847644,0.002506406233628446,1.0,0.13708526761454617,0.074577607492677,0.055344223342857254,0.11741462966401366,0.28590915987662563,0.012978753734407072,0.00016844804849838553,0.008125021775492403,0.0033101950585628648,0.01193178573649141,0.020610048971850814,0.013045677158649844,0.362,0.3946773603202891,0.03267736032028912
linear FSM pilot+score NPE,109,0.1,-2.9444389791664403,0.05000000000000002,left_boundary,0.2512272000312805,0.12920038402080536,0.07107774168252945,0.056293122842907904,0.10863839462399483,0.27228565216064454,0.0008526624269625046,1.0,0.13708526761454617,0.074577607492677,0.055344223342857254,0.11741462966401366,0.28590915987662563,0.007884883593740816,6.217138928684307e-05,0.003499865810147551,0.0009488995000506498,0.008776235040018829,0.013623507715981087,0.008249945385621458,0.4336,0.3946773603202891,0.03892263967971088
radial FSM pilot+score NPE,109,0.1,-2.9444389791664403,0.05000000000000002,left_boundary,-0.15204575657844543,0.12904267013072968,0.06870683282613754,0.0559848815202713,0.10876943171024323,0.2609980598092079,0.0008434766883223773,1.0,0.13708526761454617,0.074577607492677,0.055344223342857254,0.11741462966401366,0.28590915987662563,0.0080425974838165,6.468337428669149e-05,0.005870774666539458,0.0006406581774140441,0.008645197953770431,0.024911100067417702,0.008143605929516465,0.446,0.3946773603202891,0.0513226396797109
exact likelihood grid,100,0.3,-0.6905444102304925,0.3339119774261599,interior,nan,0.3347434078544596,0.12437321564844875,0.14001821455866992,0.32829555686119133,0.5518483385897563,0.0012071043893413262,1.0,0.3347434078544596,0.12437321564844875,0.14001821455866992,0.32829555686119133,0.5518483385897563,0.0,0.0,0.0,0.0,0.0,0.0,0.0,0.4139575690241386,0.4139575690241386,0.0
pilot-only NPE,100,0.3,-0.6905444102304925,0.3339119774261599,interior,nan,0.3477090299129486,0.12871931493282318,0.14028842151165008,0.34223243594169617,0.5661583751440048,0.0022761515352346263,1.0,0.3347434078544596,0.12437321564844875,0.14001821455866992,0.32829555686119133,0.5518483385897563,0.012965622058489001,0.00016810735536357656,0.004346099284374433,0.00027020695298016206,0.013936879080504838,0.014310036554248451,0.01305032138384634,0.3714,0.4139575690241386,0.0425575690241386
linear FSM pilot+score NPE,100,0.3,-0.6905444102304925,0.3339119774261599,interior,-0.14601659774780273,0.32639461755752563,0.12445761263370514,0.1263919033110142,0.3197634816169739,0.544124248623848,0.0006966758360080411,1.0,0.3347434078544596,0.12437321564844875,0.14001821455866992,0.32829555686119133,0.5518483385897563,0.008348790296933972,6.970229942217884e-05,8.439698525639083e-05,0.013626311247655731,0.008532075244217452,0.007724089965908343,0.008288983023566123,0.4292,0.4139575690241386,0.01524243097586142
radial FSM pilot+score NPE,100,0.3,-0.6905444102304925,0.3339119774261599,interior,-0.21400082111358643,0.33273622393608093,0.12543730437755585,0.13468942716717722,0.32647518813610077,0.5569125652313233,0.001071660357593239,1.0,0.3347434078544596,0.12437321564844875,0.14001821455866992,0.32829555686119133,0.5518483385897563,0.0020071839183786744,4.028787282197969e-06,0.0010640887291070988,0.005328787391492701,0.0018203687250905598,0.005064226641566916,0.002351434850887401,0.4214,0.4139575690241386,0.007442430975861392
exact likelihood grid,101,0.3,-1.0375790978597474,0.26161737864560486,interior,nan,0.28919810895027853,0.12161258519214292,0.1055501272115213,0.27941901994727986,0.5062409215365784,0.00011668085025005252,1.0,0.28919810895027853,0.12161258519214292,0.1055501272115213,0.27941901994727986,0.5062409215365784,0.0,0.0,0.0,0.0,0.0,0.0,0.0,0.5628282796989453,0.5628282796989453,0.0
pilot-only NPE,101,0.3,-1.0375790978597474,0.26161737864560486,interior,nan,0.2956119775772095,0.12487401068210602,0.10114989764988423,0.2873843312263489,0.5218653321266175,1.9254740782912353e-05,1.0,0.28919810895027853,0.12161258519214292,0.1055501272115213,0.27941901994727986,0.5062409215365784,0.006413868626930941,4.1137710763528995e-05,0.0032614254899630962,0.004400229561637062,0.00796531127906902,0.01562441059003905,0.007020602604932697,0.5354,0.5628282796989453,0.027428279698945346
linear FSM pilot+score NPE,101,0.3,-1.0375790978597474,0.26161737864560486,interior,0.07142879068851471,0.2868950068950653,0.11970309168100357,0.10921091549098491,0.27295146882534027,0.5056685298681259,0.00017174084428038555,1.0,0.28919810895027853,0.12161258519214292,0.1055501272115213,0.27941901994727986,0.5062409215365784,0.002303102055213224,5.304279076727377e-06,0.0019094935111393513,0.003660788279463617,0.006467551121939585,0.0005723916684524655,0.005132606286662487,0.5902,0.5628282796989453,0.027371720301054614
radial FSM pilot+score NPE,101,0.3,-1.0375790978597474,0.26161737864560486,interior,-0.014049604535102844,0.29363778233528137,0.12198765575885773,0.11034831628203393,0.28075486421585083,0.5131004303693772,4.047781361325761e-05,1.0,0.28919810895027853,0.12161258519214292,0.1055501272115213,0.27941901994727986,0.5062409215365784,0.00443967338500284,1.971069976550258e-05,0.0003750705667148052,0.004798189070512632,0.0013358442685709737,0.006859508832798844,0.004529354449097201,0.5594,0.5628282796989453,0.0034282796989453246
exact likelihood grid,102,0.3,-1.1116535720218292,0.24756274016320934,interior,nan,0.2999603979571129,0.12062439960443208,0.1145225228072276,0.2919451890716785,0.5126200122536336,1.5683218008325173e-09,1.0,0.2999603979571129,0.12062439960443208,0.1145225228072276,0.2919451890716785,0.5126200122536336,0.0,0.0,0.0,0.0,0.0,0.0,0.0,0.5250829303517363,0.5250829303517363,0.0
pilot-only NPE,102,0.3,-1.1116535720218292,0.24756274016320934,interior,nan,0.28316566348075867,0.1247551292181015,0.09275664612650872,0.27399972081184387,0.5035622626543046,0.000283394886043062,1.0,0.2999603979571129,0.12062439960443208,0.1145225228072276,0.2919451890716785,0.5126200122536336,0.01679473447635421,0.00028206310613124077,0.0041307296136694205,0.021765876680718887,0.017945468259834618,0.009057749599329035,0.01685233318269822,0.5704,0.5250829303517363,0.045317069648263764
linear FSM pilot+score NPE,102,0.3,-1.1116535720218292,0.24756274016320934,interior,0.17306146025657654,0.2847185432910919,0.11771409213542938,0.10867522805929185,0.273501381278038,0.4965650737285614,0.00023352291914623146,1.0,0.2999603979571129,0.12062439960443208,0.1145225228072276,0.2919451890716785,0.5126200122536336,0.01524185466602096,0.00023231413366010491,0.0029103074690026987,0.005847294747935758,0.018443807793640465,0.016054938525072227,0.015297447541424944,0.5878,0.5250829303517363,0.06271706964826373
radial FSM pilot+score NPE,102,0.3,-1.1116535720218292,0.24756274016320934,interior,0.15257591009140015,0.29204943776130676,0.11738162487745285,0.11429501920938492,0.281479611992836,0.5043962478637696,6.321143991133464e-05,1.0,0.2999603979571129,0.12062439960443208,0.1145225228072276,0.2919451890716785,0.5126200122536336,0.007910960195806116,6.258329121962874e-05,0.0032427747269792306,0.00022750359784268204,0.010465577078842492,0.008223764389864052,0.008103034084842937,0.562,0.5250829303517363,0.0369170696482638
exact likelihood grid,103,0.3,-0.6213220411736307,0.3494808335464057,interior,nan,0.34406635074167735,0.1329401316730173,0.1328321497456121,0.33856296177667006,0.5745556061627219,0.001941843267688529,1.0,0.34406635074167735,0.1329401316730173,0.1328321497456121,0.33856296177667006,0.5745556061627219,0.0,0.0,0.0,0.0,0.0,0.0,0.0,0.3923149857753284,0.3923149857753284,0.0
pilot-only NPE,103,0.3,-0.6213220411736307,0.3494808335464057,interior,nan,0.36629700660705566,0.1293974071741104,0.15743209198117256,0.3619915395975113,0.5838923037052155,0.004395293085055984,1.0,0.34406635074167735,0.1329401316730173,0.1328321497456121,0.33856296177667006,0.5745556061627219,0.022230655865378313,0.0004942020602048792,0.003542724498906885,0.024599942235560446,0.023428577820841234,0.009336697542493555,0.022465586403615834,0.32,0.3923149857753284,0.07231498577532841
linear FSM pilot+score NPE,103,0.3,-0.6213220411736307,0.3494808335464057,interior,-0.03441739082336426,0.3512907922267914,0.12452949583530426,0.15270580351352692,0.34636954963207245,0.5718378216028214,0.0026307453672518846,1.0,0.34406635074167735,0.1329401316730173,0.1328321497456121,0.33856296177667006,0.5745556061627219,0.00722444148511403,5.2192554771836615e-05,0.008410635837713037,0.019873653767914806,0.0078065878554023915,0.0027177845599005712,0.010053295232851683,0.3512,0.3923149857753284,0.041114985775328405
radial FSM pilot+score NPE,103,0.3,-0.6213220411736307,0.3494808335464057,interior,-0.23675280809402466,0.34555768966674805,0.1274310201406479,0.14200292602181436,0.34162670373916626,0.5647395312786103,0.002075503087771723,1.0,0.34406635074167735,0.1329401316730173,0.1328321497456121,0.33856296177667006,0.5745556061627219,0.0014913389250706954,2.224091789431017e-06,0.0055091115323694095,0.009170776276202247,0.0030637419624962026,0.009816074884111625,0.005111298910725724,0.3794,0.3923149857753284,0.012914985775328403
exact likelihood grid,104,0.3,-0.4190754252926201,0.3967380138965188,interior,nan,0.4077288280134753,0.1211153590051979,0.20921403683520093,0.406444381379947,0.6114422878661465,0.011605500385156947,1.0,0.4077288280134753,0.1211153590051979,0.20921403683520093,0.406444381379947,0.6114422878661465,0.0,0.0,0.0,0.0,0.0,0.0,0.0,0.19867214925948234,0.19867214925948234,0.0
pilot-only NPE,104,0.3,-0.4190754252926201,0.3967380138965188,interior,nan,0.4001866281032562,0.12647265195846558,0.1945719875395298,0.40209047496318817,0.6127242326736451,0.010037360450700172,1.0,0.4077288280134753,0.1211153590051979,0.20921403683520093,0.406444381379947,0.6114422878661465,0.007542199910219094,5.688477948570891e-05,0.005357292953267673,0.014642049295671117,0.004353906416758813,0.0012819448074985473,0.008081495294903337,0.2338,0.19867214925948234,0.03512785074051766
linear FSM pilot+score NPE,104,0.3,-0.4190754252926201,0.3967380138965188,interior,-0.012212872505187988,0.398043155670166,0.12421638518571854,0.1917065426707268,0.39842619001865387,0.6150902658700943,0.009612460373764408,1.0,0.4077288280134753,0.1211153590051979,0.20921403683520093,0.406444381379947,0.6114422878661465,0.009685672343309304,9.381224874194675e-05,0.003101026180520633,0.01750749416447414,0.008018191361293114,0.0036479780039477827,0.009713156345676351,0.227,0.19867214925948234,0.028327850740517663
radial FSM pilot+score NPE,104,0.3,-0.4190754252926201,0.3967380138965188,interior,0.00852292776107788,0.40660062432289124,0.12598973512649536,0.20147325992584228,0.40614260733127594,0.6198484182357789,0.011363693106030193,1.0,0.4077288280134753,0.1211153590051979,0.20921403683520093,0.406444381379947,0.6114422878661465,0.0011282036905840842,1.272843567447548e-06,0.004874376121297458,0.007740776909358649,0.00030177404867104407,0.008406130369632336,0.004806936840379751,0.2156,0.19867214925948234,0.01692785074051767
exact likelihood grid,105,0.3,-0.784491583252671,0.3133526553290022,interior,nan,0.28589801121336006,0.11342283050008187,0.11563180763813426,0.2763562922511925,0.48858692216375876,0.00019886608773851832,1.0,0.28589801121336006,0.11342283050008187,0.11563180763813426,0.2763562922511925,0.48858692216375876,0.0,0.0,0.0,0.0,0.0,0.0,0.0,0.5781062958015905,0.5781062958015905,0.0
pilot-only NPE,105,0.3,-0.784491583252671,0.3133526553290022,interior,nan,0.3317463994026184,0.12890344858169556,0.12445302605628968,0.32563546299934387,0.5519911140203476,0.001007833875030571,1.0,0.28589801121336006,0.11342283050008187,0.11563180763813426,0.2763562922511925,0.48858692216375876,0.04584838818925835,0.0021020746995529245,0.01548061808161369,0.008821218418155419,0.04927917074815136,0.06340419185658885,0.045913511100018206,0.423,0.5781062958015905,0.15510629580159047
linear FSM pilot+score NPE,105,0.3,-0.784491583252671,0.3133526553290022,interior,-0.6689115762710571,0.26838621497154236,0.11531814187765121,0.09490553326904774,0.2547749727964401,0.4815024077892304,0.0009994314038255319,1.0,0.28589801121336006,0.11342283050008187,0.11563180763813426,0.2763562922511925,0.48858692216375876,0.0175117962418177,0.00030666300761494057,0.0018953113775693475,0.020726274369086514,0.02158131945475239,0.007084514374528339,0.017456576078098997,0.6438,0.5781062958015905,0.06569370419840959
radial FSM pilot+score NPE,105,0.3,-0.784491583252671,0.3133526553290022,interior,-0.76152503490448,0.27227434515953064,0.118216872215271,0.09518253542482853,0.262197881937027,0.484722113609314,0.0007687119363328415,1.0,0.28589801121336006,0.11342283050008187,0.11563180763813426,0.2763562922511925,0.48858692216375876,0.01362366605382942,0.00018560427674626408,0.004794041715189129,0.020449272213305725,0.014158410314165537,0.0038648085544447652,0.013558572250009499,0.625,0.5781062958015905,0.04689370419840955
exact likelihood grid,106,0.3,-1.2055958204996677,0.2304812472914526,interior,nan,0.25404509721295604,0.12118515904055083,0.08075690046303591,0.24012893056130058,0.4757942591106003,0.0021118530901666596,1.0,0.25404509721295604,0.12118515904055083,0.08075690046303591,0.24012893056130058,0.4757942591106003,0.0,0.0,0.0,0.0,0.0,0.0,0.0,0.6709028868177052,0.6709028868177052,0.0
pilot-only NPE,106,0.3,-1.2055958204996677,0.2304812472914526,interior,nan,0.2691638767719269,0.12234506011009216,0.08587628230452538,0.25718913972377777,0.4929479032754898,0.0009508664957369099,1.0,0.25404509721295604,0.12118515904055083,0.08075690046303591,0.24012893056130058,0.4757942591106003,0.01511877955897084,0.00022857749535275452,0.0011599010695413359,0.005119381841489468,0.01706020916247719,0.017153644164889514,0.015186466370692119,0.618,0.6709028868177052,0.052902886817705164
linear FSM pilot+score NPE,106,0.3,-1.2055958204996677,0.2304812472914526,interior,-0.03050556778907776,0.2594509422779083,0.11645933985710144,0.08962109684944153,0.24552534520626068,0.4738630756735802,0.0016442260821495215,1.0,0.25404509721295604,0.12118515904055083,0.08075690046303591,0.24012893056130058,0.4757942591106003,0.005405845064952286,2.9223160866268986e-05,0.004725819183449387,0.00886419638640562,0.005396414644960101,0.0019311834370200898,0.006203073072105363,0.6628,0.6709028868177052,0.008102886817705213
radial FSM pilot+score NPE,106,0.3,-1.2055958204996677,0.2304812472914526,interior,-0.1860308051109314,0.25413432717323303,0.11526313424110413,0.08714127093553543,0.24247411638498306,0.46868560016155253,0.002103659943852029,1.0,0.25404509721295604,0.12118515904055083,0.08075690046303591,0.24012893056130058,0.4757942591106003,8.922996027699304e-05,7.961985811033755e-09,0.005922024799446701,0.006384370472499526,0.002345185823682483,0.007108658949047775,0.0055420859310770995,0.6806,0.6709028868177052,0.009697113182294825
exact likelihood grid,107,0.3,-0.8262231161040471,0.30444426415538234,interior,nan,0.3209558260321384,0.1139875923895738,0.14441103384052367,0.3142485546547446,0.5204332750397843,0.00043914664468925,1.0,0.3209558260321384,0.1139875923895738,0.14441103384052367,0.3142485546547446,0.5204332750397843,0.0,0.0,0.0,0.0,0.0,0.0,0.0,0.45201290412431877,0.45201290412431877,0.0
pilot-only NPE,107,0.3,-0.8262231161040471,0.30444426415538234,interior,nan,0.32185590267181396,0.1263411045074463,0.12399403825402261,0.31444665789604187,0.5470922350883484,0.0004776804815998053,1.0,0.3209558260321384,0.1139875923895738,0.14441103384052367,0.3142485546547446,0.5204332750397843,0.0009000766396755622,8.101379572896517e-07,0.012353512117872487,0.020416995586501063,0.00019810324129726498,0.02665896004856405,0.011164524416796094,0.457,0.45201290412431877,0.004987095875681247
linear FSM pilot+score NPE,107,0.3,-0.8262231161040471,0.30444426415538234,interior,-0.22672441601753235,0.2992013096809387,0.12351221591234207,0.11474282294511796,0.28568190336227417,0.5268918186426164,6.379062257621904e-07,1.0,0.3209558260321384,0.1139875923895738,0.14441103384052367,0.3142485546547446,0.5204332750397843,0.021754516351199682,0.0004732589816746143,0.009524623522768269,0.02966821089540571,0.028566651292470435,0.006458543602832045,0.022840275176933888,0.5418,0.45201290412431877,0.08978709587568118
radial FSM pilot+score NPE,107,0.3,-0.8262231161040471,0.30444426415538234,interior,-0.16030853986740112,0.3144950270652771,0.12510190904140472,0.11926297545433044,0.3029119074344635,0.5369430899620058,0.00021010580962311598,1.0,0.3209558260321384,0.1139875923895738,0.14441103384052367,0.3142485546547446,0.5204332750397843,0.006460798966861303,4.174192329019608e-05,0.011114316651830922,0.02514805838619323,0.011336647220281104,0.016509814922221477,0.011609344829408313,0.4902,0.45201290412431877,0.038187095875681254
exact likelihood grid,108,0.3,-0.43160529315585233,0.3937430676065514,interior,nan,0.3783544638897606,0.11857138888800092,0.18930279411874587,0.37421067905125777,0.5823679501274308,0.0061394220114517955,1.0,0.3783544638897606,0.11857138888800092,0.18930279411874587,0.37421067905125777,0.5823679501274308,0.0,0.0,0.0,0.0,0.0,0.0,0.0,0.27088764492320355,0.27088764492320355,0.0
pilot-only NPE,108,0.3,-0.43160529315585233,0.3937430676065514,interior,nan,0.4035758674144745,0.12551848590373993,0.19803823307156562,0.40199726819992065,0.6156542897224426,0.0107279603106608,1.0,0.3783544638897606,0.11857138888800092,0.18930279411874587,0.37421067905125777,0.5823679501274308,0.025221403524713915,0.0006361191957564515,0.006947097015739007,0.008735438952819752,0.027786589148662888,0.033286339595011816,0.025459061400021254,0.215,0.27088764492320355,0.055887644923203555
linear FSM pilot+score NPE,108,0.3,-0.43160529315585233,0.3937430676065514,interior,-0.4182845950126648,0.3675349950790405,0.12514042854309082,0.1663423478603363,0.36151914298534393,0.5849667817354203,0.00456097556032603,1.0,0.3783544638897606,0.11857138888800092,0.18930279411874587,0.37421067905125777,0.5823679501274308,0.010819468810720045,0.00011706090534614383,0.006569039655089898,0.022960446258409567,0.012691536065913833,0.0025988316079894602,0.01115597322489704,0.3154,0.27088764492320355,0.04451235507679646
radial FSM pilot+score NPE,108,0.3,-0.43160529315585233,0.3937430676065514,interior,-0.3813777565956116,0.372233510017395,0.1261088252067566,0.16484543457627296,0.37248408794403076,0.5861993253231049,0.005217679969433108,1.0,0.3783544638897606,0.11857138888800092,0.18930279411874587,0.37421067905125777,0.5823679501274308,0.006120953872365553,3.746607630762686e-05,0.007537436318755669,0.024457359542472912,0.0017265911072270046,0.0038313751956741138,0.007026208461714252,0.3018,0.27088764492320355,0.03091235507679646
exact likelihood grid,109,0.3,-1.7002509508228942,0.1544324923058313,interior,nan,0.26455331311656666,0.12010621589906408,0.08760194019080018,0.25309878669524105,0.4810814028049736,0.0012564676110121645,1.0,0.26455331311656666,0.12010621589906408,0.08760194019080018,0.25309878669524105,0.4810814028049736,0.0,0.0,0.0,0.0,0.0,0.0,0.0,0.6388664849897285,0.6388664849897285,0.0
pilot-only NPE,109,0.3,-1.7002509508228942,0.1544324923058313,interior,nan,0.21449965238571167,0.11328944563865662,0.06897737346589565,0.19317588210105896,0.428697706758976,0.007310309442164138,1.0,0.26455331311656666,0.12010621589906408,0.08760194019080018,0.25309878669524105,0.4810814028049736,0.05005366073085499,0.0025053689525595347,0.006816770260407459,0.018624566724904534,0.05992290459418209,0.052383696045997574,0.04999136676479312,0.7838,0.6388664849897285,0.14493351501027152
linear FSM pilot+score NPE,109,0.3,-1.7002509508228942,0.1544324923058313,interior,0.169812873005867,0.2438092827796936,0.11255542188882828,0.08360099010169507,0.22991137951612473,0.45369807779788973,0.0031573967017324367,1.0,0.26455331311656666,0.12010621589906408,0.08760194019080018,0.25309878669524105,0.4810814028049736,0.020744030336873054,0.0004303147946171096,0.007550794010235798,0.004000950089105115,0.023187407179116326,0.027383325007083847,0.02073830508476327,0.718,0.6388664849897285,0.07913351501027144
radial FSM pilot+score NPE,109,0.3,-1.7002509508228942,0.1544324923058313,interior,0.39353471994400024,0.2516944408416748,0.1151936948299408,0.0876396618783474,0.23742999881505966,0.4627251774072647,0.002333427045598454,1.0,0.26455331311656666,0.12010621589906408,0.08760194019080018,0.25309878669524105,0.4810814028049736,0.012858872274891853,0.00016535059618198237,0.00491252106912328,3.772168754721805e-05,0.01566878788018139,0.01835622539770887,0.013025036433929662,0.6886,0.6388664849897285,0.049733515010271456
exact likelihood grid,100,0.5,0.8472978603872034,0.7,right_boundary,nan,0.6047463026397467,0.07565182190585044,0.4560756652249526,0.6221269317307964,0.6932422503859346,0.01097178791669741,1.0,0.6047463026397467,0.07565182190585044,0.4560756652249526,0.6221269317307964,0.6932422503859346,0.0,0.0,0.0,0.0,0.0,0.0,0.0,0.10384615072502258,0.10384615072502258,0.0
pilot-only NPE,100,0.5,0.8472978603872034,0.7,right_boundary,nan,0.5998960733413696,0.08024344593286514,0.43407564610242844,0.6181021630764008,0.6896877586841583,0.0099792254690243,1.0,0.6047463026397467,0.07565182190585044,0.4560756652249526,0.6221269317307964,0.6932422503859346,0.0048502292983770845,2.3524724246835465e-05,0.0045916240270146985,0.02200001912252414,0.004024768654395605,0.003554491701776241,0.004838190941744278,0.115,0.10384615072502258,0.011153849274977423
linear FSM pilot+score NPE,100,0.5,0.8472978603872034,0.7,right_boundary,0.7524220943450928,0.5928292870521545,0.07706619799137115,0.44116387963294984,0.6053796112537384,0.6874945729970932,0.008617276534611307,1.0,0.6047463026397467,0.07565182190585044,0.4560756652249526,0.6221269317307964,0.6932422503859346,0.011917015587592172,0.00014201526051491482,0.0014143760855207105,0.014911785592002735,0.01674732047705796,0.00574767738884141,0.011975603892108798,0.121,0.10384615072502258,0.017153849274977415
radial FSM pilot+score NPE,100,0.5,0.8472978603872034,0.7,right_boundary,0.7131913900375366,0.602709174156189,0.0747276321053505,0.4533734112977982,0.6210130751132965,0.6896404564380646,0.010549174455846355,1.0,0.6047463026397467,0.07565182190585044,0.4560756652249526,0.6221269317307964,0.6932422503859346,0.0020371284835577486,4.149892458522293e-06,0.0009241898004999499,0.0027022539271543966,0.0011138566174998532,0.003601793947869969,0.0027546398904656887,0.0998,0.10384615072502258,0.004046150725022582
exact likelihood grid,101,0.5,-0.16530182615898525,0.4587683874962436,interior,nan,0.44389893334967223,0.12332068166908233,0.23577885692733327,0.4462138653672675,0.6439613518090145,0.0031473296793045184,1.0,0.44389893334967223,0.12332068166908233,0.23577885692733327,0.4462138653672675,0.6439613518090145,0.0,0.0,0.0,0.0,0.0,0.0,0.0,0.6559872303498081,0.6559872303498081,0.0
pilot-only NPE,101,0.5,-0.16530182615898525,0.4587683874962436,interior,nan,0.45509472489356995,0.12416409701108932,0.23873826265335082,0.46133479475975037,0.6469356536865235,0.0020164837323841667,1.0,0.44389893334967223,0.12332068166908233,0.23577885692733327,0.4462138653672675,0.6439613518090145,0.011195791543897715,0.00012534574829441158,0.0008434153420069923,0.00295940572601755,0.015120929392482885,0.0029743018775090224,0.011840214244720414,0.6084,0.6559872303498081,0.04758723034980805
linear FSM pilot+score NPE,101,0.5,-0.16530182615898525,0.4587683874962436,interior,-0.11807896196842194,0.44210195541381836,0.12142130732536316,0.23616850897669792,0.4452724754810333,0.6441402852535248,0.003352183566903477,1.0,0.44389893334967223,0.12332068166908233,0.23577885692733327,0.4462138653672675,0.6439613518090145,0.0017969779358538718,3.2291297019456418e-06,0.0018993743437191735,0.0003896520493646416,0.0009413898862341563,0.0001789334445103652,0.002606450839785233,0.6704,0.6559872303498081,0.014412769650191892
radial FSM pilot+score NPE,101,0.5,-0.16530182615898525,0.4587683874962436,interior,-0.10411936044692993,0.4488166868686676,0.12373717874288559,0.23521424531936647,0.4521043747663498,0.648755618929863,0.0026197315431000234,1.0,0.44389893334967223,0.12332068166908233,0.23577885692733327,0.4462138653672675,0.6439613518090145,0.004917753518995371,2.418429967359136e-05,0.00041649707380325696,0.0005646116079668084,0.005890509399082311,0.004794267120848517,0.005177418732984478,0.6338,0.6559872303498081,0.022187230349808074
exact likelihood grid,102,0.5,-0.016564775427293704,0.4958589008330429,interior,nan,0.5078977993755996,0.11472320125317327,0.30136484560809873,0.5189106604576561,0.6745612948975256,6.237523497722215e-05,1.0,0.5078977993755996,0.11472320125317327,0.30136484560809873,0.5189106604576561,0.6745612948975256,0.0,0.0,0.0,0.0,0.0,0.0,0.0,0.4412963500675469,0.4412963500675469,0.0
pilot-only NPE,102,0.5,-0.016564775427293704,0.4958589008330429,interior,nan,0.478607714176178,0.12053773552179337,0.2673085957765579,0.48746252059936523,0.6622651875019073,0.0004576298927680966,1.0,0.5078977993755996,0.11472320125317327,0.30136484560809873,0.5189106604576561,0.6745612948975256,0.029290085199421667,0.0008579090909893802,0.005814534268620095,0.03405624983154082,0.03144813985829087,0.012296107395618261,0.02922572454486584,0.5372,0.4412963500675469,0.0959036499324531
linear FSM pilot+score NPE,102,0.5,-0.016564775427293704,0.4958589008330429,interior,0.329825758934021,0.5018483400344849,0.11011182516813278,0.30450474470853806,0.5110065340995789,0.6686236947774887,3.4163608830795056e-06,1.0,0.5078977993755996,0.11472320125317327,0.30136484560809873,0.5189106604576561,0.6745612948975256,0.006049459341114782,3.65959583198009e-05,0.004611376085040489,0.003139899100439325,0.007904126358077246,0.005937600120036857,0.00719502426146459,0.466,0.4412963500675469,0.02470364993245311
radial FSM pilot+score NPE,102,0.5,-0.016564775427293704,0.4958589008330429,interior,0.4682365655899048,0.5142471790313721,0.10867574065923691,0.32082017958164216,0.5238934755325317,0.6722301542758942,0.000202982110351968,1.0,0.5078977993755996,0.11472320125317327,0.30136484560809873,0.5189106604576561,0.6745612948975256,0.006349379655772425,4.031462201313675e-05,0.006047460593936363,0.01945533397354343,0.004982815074875635,0.0023311406216314223,0.0067997973955999215,0.4224,0.4412963500675469,0.01889635006754692
exact likelihood grid,103,0.5,-0.19601140509249798,0.4511534409906453,interior,nan,0.4390675682328324,0.13227920756193293,0.21272160297818188,0.4433413920985871,0.6497498081284265,0.003712761241060537,1.0,0.4390675682328324,0.13227920756193293,0.21272160297818188,0.4433413920985871,0.6497498081284265,0.0,0.0,0.0,0.0,0.0,0.0,0.0,0.6526079796347917,0.6526079796347917,0.0
pilot-only NPE,103,0.5,-0.19601140509249798,0.4511534409906453,interior,nan,0.449325829744339,0.12488600611686707,0.23982857614755632,0.45304057002067566,0.6499840885400773,0.002567871531099719,1.0,0.4390675682328324,0.13227920756193293,0.21272160297818188,0.4433413920985871,0.6497498081284265,0.010258261511506606,0.00010523192923845778,0.007393201445065861,0.027106973169374438,0.009699177922088575,0.00023428041165074465,0.010964655768824338,0.6316,0.6526079796347917,0.021007979634791618
linear FSM pilot+score NPE,103,0.5,-0.19601140509249798,0.4511534409906453,interior,-0.10207438468933105,0.4381515681743622,0.12365645170211792,0.2231685370206833,0.44548484683036804,0.6404082953929902,0.003825228519290569,1.0,0.4390675682328324,0.13227920756193293,0.21272160297818188,0.4433413920985871,0.6497498081284265,0.000916000058470201,8.390561071174117e-07,0.008622755859815007,0.01044693404250141,0.0021434547317809582,0.009341512735436375,0.008621387160788587,0.6716,0.6526079796347917,0.018992020365208306
radial FSM pilot+score NPE,103,0.5,-0.19601140509249798,0.4511534409906453,interior,-0.11006861925125122,0.44507157802581787,0.12345325946807861,0.237338624894619,0.45030881464481354,0.6461293131113053,0.003017131540573814,1.0,0.4390675682328324,0.13227920756193293,0.21272160297818188,0.4433413920985871,0.6497498081284265,0.006004009792985487,3.604813359426563e-05,0.008825948093854313,0.02461702191643711,0.006967422546226454,0.00362049501712125,0.008670529600600121,0.6458,0.6526079796347917,0.006807979634791628
exact likelihood grid,104,0.5,0.36118759245545873,0.5893278862732748,interior,nan,0.5443126980015948,0.09905119665064491,0.36254978657670295,0.5564981999835865,0.6822857745259538,0.0019636152041805407,1.0,0.5443126980015948,0.09905119665064491,0.36254978657670295,0.5564981999835865,0.6822857745259538,0.0,0.0,0.0,0.0,0.0,0.0,0.0,0.30962656045863124,0.30962656045863124,0.0
pilot-only NPE,104,0.5,0.36118759245545873,0.5893278862732748,interior,nan,0.5314375162124634,0.10671287029981613,0.3305032104253769,0.5466757416725159,0.6787002772092819,0.0009883174256088978,1.0,0.5443126980015948,0.09905119665064491,0.36254978657670295,0.5564981999835865,0.6822857745259538,0.012875181789131385,0.00016577030610318043,0.0076616736491712245,0.032046576151326056,0.009822458311070648,0.003585497316671904,0.012811358057190617,0.3424,0.30962656045863124,0.03277343954136874
linear FSM pilot+score NPE,104,0.5,0.36118759245545873,0.5893278862732748,interior,-0.04209691286087036,0.538026750087738,0.10349041223526001,0.3461091786623001,0.5511531829833984,0.6780148804187774,0.0014460337222352848,1.0,0.5443126980015948,0.09905119665064491,0.36254978657670295,0.5564981999835865,0.6822857745259538,0.0062859479138567265,3.9513141175719734e-05,0.004439215584615103,0.016440607914402827,0.005345017000188079,0.004270894107176404,0.006311300220383263,0.3262,0.30962656045863124,0.01657343954136875
radial FSM pilot+score NPE,104,0.5,0.36118759245545873,0.5893278862732748,interior,0.01265496015548706,0.540790319442749,0.10467057675123215,0.34332159757614134,0.5599280595779419,0.6801574230194092,0.001663850160241509,1.0,0.5443126980015948,0.09905119665064491,0.36254978657670295,0.5564981999835865,0.6822857745259538,0.00352237855884574,1.2407150711816192e-05,0.00561938010058724,0.019228189000561613,0.003429859594355378,0.002128351506544668,0.005449203336648345,0.3208,0.30962656045863124,0.011173439541368735
exact likelihood grid,105,0.5,0.6782194803144741,0.6633411880737141,interior,nan,0.5720654337203476,0.09045363334597357,0.40038513244919116,0.5877293099016749,0.6885666646153258,0.005193426737301809,1.0,0.5720654337203476,0.09045363334597357,0.40038513244919116,0.5877293099016749,0.6885666646153258,0.0,0.0,0.0,0.0,0.0,0.0,0.0,0.20883196434156637,0.20883196434156637,0.0
pilot-only NPE,105,0.5,0.6782194803144741,0.6633411880737141,interior,nan,0.5750243067741394,0.09033271670341492,0.39418913275003437,0.5920638144016266,0.6865294277667999,0.00562864660694018,1.0,0.5720654337203476,0.09045363334597357,0.40038513244919116,0.5877293099016749,0.6885666646153258,0.002958873053791833,8.754929748455406e-06,0.00012091664255865775,0.006195999699156796,0.0043345044999516524,0.0020372368485258585,0.004426033363428079,0.1884,0.20883196434156637,0.020431964341566355
linear FSM pilot+score NPE,105,0.5,0.6782194803144741,0.6633411880737141,interior,-0.08419379591941833,0.5629459023475647,0.09492682665586472,0.37935526818037035,0.5796065330505371,0.6844008028507232,0.003962186622349151,1.0,0.5720654337203476,0.09045363334597357,0.40038513244919116,0.5877293099016749,0.6885666646153258,0.009119531372782874,8.316585245917109e-05,0.004473193309891141,0.021029864268820808,0.008122776851137825,0.004165861764602541,0.00905586824123053,0.2326,0.20883196434156637,0.023768035658433634
radial FSM pilot+score NPE,105,0.5,0.6782194803144741,0.6633411880737141,interior,-0.07898402214050293,0.5690422058105469,0.09312863647937775,0.3917182579636574,0.5892565548419952,0.684934988617897,0.004766826183185913,1.0,0.5720654337203476,0.09045363334597357,0.40038513244919116,0.5877293099016749,0.6885666646153258,0.0030232279098006964,9.139906994597888e-06,0.002675003133404172,0.008666874485533771,0.0015272449403203048,0.0036316759974287516,0.0033917600191043853,0.2178,0.20883196434156637,0.008968035658433626
exact likelihood grid,106,0.5,-0.4680941961209061,0.38506742090459917,interior,nan,0.38717864176547273,0.1239678951293927,0.1865880206945716,0.38436247552713,0.598226909259398,0.012728658873883534,1.0,0.38717864176547273,0.1239678951293927,0.1865880206945716,0.38436247552713,0.598226909259398,0.0,0.0,0.0,0.0,0.0,0.0,0.0,0.8067684903879778,0.8067684903879778,0.0
pilot-only NPE,106,0.5,-0.4680941961209061,0.38506742090459917,interior,nan,0.39627769589424133,0.12547984719276428,0.19276712983846667,0.3909897208213806,0.604405888915062,0.010758316369007481,1.0,0.38717864176547273,0.1239678951293927,0.1865880206945716,0.38436247552713,0.598226909259398,0.009099054128768602,8.279278603826095e-05,0.0015119520633715827,0.0061791091438950785,0.006627245294250628,0.006178979655663941,0.009331051010402205,0.7744,0.8067684903879778,0.032368490387977844
linear FSM pilot+score NPE,106,0.5,-0.4680941961209061,0.38506742090459917,interior,-0.14661180973052979,0.37632909417152405,0.12139154970645905,0.1795929603278637,0.3707014322280884,0.5871162086725236,0.015294492948435767,1.0,0.38717864176547273,0.1239678951293927,0.1865880206945716,0.38436247552713,0.598226909259398,0.010849547593948683,0.00011771268299335766,0.002576345422933654,0.006995060366707884,0.013661043299041609,0.011110700586874467,0.010797104157777924,0.8342,0.8067684903879778,0.02743150961202223
radial FSM pilot+score NPE,106,0.5,-0.4680941961209061,0.38506742090459917,interior,-0.1757490634918213,0.3833521008491516,0.12473723292350769,0.17926345393061638,0.38177646696567535,0.5943344116210938,0.013606732376306496,1.0,0.38717864176547273,0.1239678951293927,0.1865880206945716,0.38436247552713,0.598226909259398,0.0038265409163211195,1.4642415384279673e-05,0.0007693377941149909,0.007324566763955209,0.0025860085614546335,0.0038924976383042376,0.0037644196574553737,0.8118,0.8067684903879778,0.005031509612022145
exact likelihood grid,107,0.5,-0.39605691005970245,0.4022600771862909,interior,nan,0.4086198152895236,0.12021607230944338,0.21148069660173327,0.40742159634555536,0.6106448152262492,0.00835033815772078,1.0,0.4086198152895236,0.12021607230944338,0.21148069660173327,0.40742159634555536,0.6106448152262492,0.0,0.0,0.0,0.0,0.0,0.0,0.0,0.7644371351322726,0.7644371351322726,0.0
pilot-only NPE,107,0.5,-0.39605691005970245,0.4022600771862909,interior,nan,0.40139102935791016,0.12598320841789246,0.19704175889492037,0.4027892053127289,0.6161743521690369,0.009723729091092537,1.0,0.4086198152895236,0.12021607230944338,0.21148069660173327,0.40742159634555536,0.6106448152262492,0.007228785931613468,5.22553460450928e-05,0.005767136108449075,0.014438937706812899,0.004632391032826477,0.005529536942787683,0.008409649341112817,0.7782,0.7644371351322726,0.013762864867727376
linear FSM pilot+score NPE,107,0.5,-0.39605691005970245,0.4022600771862909,interior,-0.27645331621170044,0.3838411271572113,0.12438517063856125,0.1827399305999279,0.3795076459646225,0.6060976743698121,0.013492883740107153,1.0,0.4086198152895236,0.12021607230944338,0.21148069660173327,0.40742159634555536,0.6106448152262492,0.02477868813231232,0.0006139833855583955,0.004169098329117868,0.028740766001805362,0.02791395038093286,0.0045471408564371485,0.024713847335866315,0.8196,0.7644371351322726,0.05516286486772737
radial FSM pilot+score NPE,107,0.5,-0.39605691005970245,0.4022600771862909,interior,-0.1543930619955063,0.3993500769138336,0.12652269005775452,0.19111316800117492,0.3987867087125778,0.6149867981672287,0.010130407017251208,1.0,0.4086198152895236,0.12021607230944338,0.21148069660173327,0.40742159634555536,0.6106448152262492,0.009269738375690006,8.592804955374e-05,0.006306617748311136,0.02036752860055835,0.00863488763297754,0.0043419829409794275,0.009537602476745522,0.769,0.7644371351322726,0.00456286486772739
exact likelihood grid,108,0.5,0.3317946330652576,0.5821959745333558,interior,nan,0.4833394393396188,0.11338943445637407,0.28747317898233343,0.4884237087508849,0.6608287116430958,0.00027757428151824117,1.0,0.4833394393396188,0.11338943445637407,0.28747317898233343,0.4884237087508849,0.6608287116430958,0.0,0.0,0.0,0.0,0.0,0.0,0.0,0.5370668273100005,0.5370668273100005,0.0
pilot-only NPE,108,0.5,0.3317946330652576,0.5821959745333558,interior,nan,0.5282853245735168,0.10712826997041702,0.3290799006819725,0.5436919033527374,0.6774301111698151,0.0008000595862291959,1.0,0.4833394393396188,0.11338943445637407,0.28747317898233343,0.4884237087508849,0.6608287116430958,0.04494588523389803,0.002020132599458733,0.006261164485957052,0.04160672169963908,0.055268194601852505,0.01660139952671935,0.04502252125719067,0.3596,0.5370668273100005,0.17746682731000057
linear FSM pilot+score NPE,108,0.5,0.3317946330652576,0.5821959745333558,interior,-1.380842685699463,0.4877651333808899,0.11208868771791458,0.2856903880834579,0.4971725791692734,0.6693713486194611,0.0001496919611874148,1.0,0.4833394393396188,0.11338943445637407,0.28747317898233343,0.4884237087508849,0.6608287116430958,0.004425694041271078,1.9586767746942323e-05,0.0013007467384594934,0.0017827908988755081,0.008748870418388455,0.00854263697636537,0.00623454258974207,0.5112,0.5370668273100005,0.025866827310000562
radial FSM pilot+score NPE,108,0.5,0.3317946330652576,0.5821959745333558,interior,-1.390742540359497,0.48840323090553284,0.1122141107916832,0.28800107538700104,0.49623963236808777,0.6677281647920609,0.00013448505343038875,1.0,0.4833394393396188,0.11338943445637407,0.28747317898233343,0.4884237087508849,0.6608287116430958,0.005063791565914022,2.5641985023021985e-05,0.0011753236646908777,0.0005278964046676049,0.007815923617202847,0.006899453148965118,0.005426493268317418,0.5114,0.5370668273100005,0.025666827310000584
exact likelihood grid,109,0.5,0.08931723894332061,0.5223144771008058,interior,nan,0.5054539581439303,0.11762601374248115,0.2932988237385166,0.5170910938618448,0.6753881177018641,2.9745659435744173e-05,1.0,0.5054539581439303,0.11762601374248115,0.2932988237385166,0.5170910938618448,0.6753881177018641,0.0,0.0,0.0,0.0,0.0,0.0,0.0,0.44857739866885066,0.44857739866885066,0.0
pilot-only NPE,109,0.5,0.08931723894332061,0.5223144771008058,interior,nan,0.48999273777008057,0.11727814376354218,0.2804202198982239,0.49848589301109314,0.6653069317340852,0.00010014529733837207,1.0,0.5054539581439303,0.11762601374248115,0.2932988237385166,0.5170910938618448,0.6753881177018641,0.015461220373849782,0.0002390493354487476,0.0003478699789389722,0.012878603840292713,0.01860520085075168,0.01008118596777896,0.015397777658122598,0.5038,0.44857739866885066,0.05522260133114937
linear FSM pilot+score NPE,109,0.5,0.08931723894332061,0.5223144771008058,interior,0.13968127965927124,0.5051332712173462,0.11085741221904755,0.30813012421131136,0.5143734216690063,0.668781328201294,2.635047339083485e-05,1.0,0.5054539581439303,0.11762601374248115,0.2932988237385166,0.5170910938618448,0.6753881177018641,0.0003206869265841572,1.0284010488199264e-07,0.006768601523433601,0.01483130047279474,0.0027176721928384717,0.006606789500570143,0.00620771158343632,0.4466,0.44857739866885066,0.0019773986688506606
radial FSM pilot+score NPE,109,0.5,0.08931723894332061,0.5223144771008058,interior,0.19115686416625977,0.5149744153022766,0.11007872968912125,0.3137470483779907,0.5276408791542053,0.6722057223320007,0.00022423311364505594,1.0,0.5054539581439303,0.11762601374248115,0.2932988237385166,0.5170910938618448,0.6753881177018641,0.009520457158346263,9.06391045039066e-05,0.007547284053359901,0.0204482246394741,0.010549785292360503,0.003182395369863422,0.010394991314610755,0.4148,0.44857739866885066,0.033777398668850656
exact likelihood grid,100,0.65,0.3503874877909888,0.5867115405424143,interior,nan,0.5668529316649256,0.0945064445747044,0.3871618147012727,0.5834433116889508,0.688141466029115,0.0069134349727175415,1.0,0.5668529316649256,0.0945064445747044,0.3871618147012727,0.5834433116889508,0.688141466029115,0.0,0.0,0.0,0.0,0.0,0.0,0.0,0.7829218143845157,0.7829218143845157,0.0
pilot-only NPE,100,0.65,0.3503874877909888,0.5867115405424143,interior,nan,0.5288293361663818,0.10736746340990067,0.3283852696418762,0.5439331531524658,0.6780304908752441,0.014682329773879706,1.0,0.5668529316649256,0.0945064445747044,0.3871618147012727,0.5834433116889508,0.688141466029115,0.03802359549854373,0.0014457938146368748,0.012861018835196261,0.0587765450593965,0.039510158536484985,0.010110975153870827,0.037959946797562205,0.8684,0.7829218143845157,0.08547818561548426
linear FSM pilot+score NPE,100,0.65,0.3503874877909888,0.5867115405424143,interior,0.42139336466789246,0.5527933835983276,0.09515430778265,0.37143123149871826,0.5653771460056305,0.6812926828861237,0.009449126272261884,1.0,0.5668529316649256,0.0945064445747044,0.3871618147012727,0.5834433116889508,0.688141466029115,0.014059548066597927,0.0001976708918369775,0.0006478632079455898,0.015730583202554438,0.018066165683320312,0.00684878314299131,0.014009053550216248,0.833,0.7829218143845157,0.05007818561548427
radial FSM pilot+score NPE,100,0.65,0.3503874877909888,0.5867115405424143,interior,0.6380938291549683,0.5670657157897949,0.09240265190601349,0.3871112123131752,0.5840059220790863,0.6836510062217712,0.006878095497459075,1.0,0.5668529316649256,0.0945064445747044,0.3871618147012727,0.5834433116889508,0.688141466029115,0.0002127841248693585,4.527708379641875e-08,0.0021037926686909153,5.0602388097509277e-05,0.0005626103901354984,0.00449045980734375,0.0029106354442148493,0.8046,0.7829218143845157,0.02167818561548429
exact likelihood grid,101,0.65,-0.1695303095709046,0.45771863984370587,interior,nan,0.47977153314564563,0.11880711682394575,0.27217153403891836,0.4866417031226993,0.6625754244052587,0.02897773092758403,1.0,0.47977153314564563,0.11880711682394575,0.27217153403891836,0.4866417031226993,0.6625754244052587,0.0,0.0,0.0,0.0,0.0,0.0,0.0,0.9290012820839907,0.9290012820839907,0.0
pilot-only NPE,101,0.65,-0.1695303095709046,0.45771863984370587,interior,nan,0.45455479621887207,0.12429583072662354,0.2377210758626461,0.4608847200870514,0.6465411871671677,0.03819882768104663,0.0,0.47977153314564563,0.11880711682394575,0.27217153403891836,0.4866417031226993,0.6625754244052587,0.025216736926773564,0.0006358838212341054,0.005488713902677786,0.034450458176272264,0.025756983035647885,0.016034237238091054,0.025154263273921774,0.9546,0.9290012820839907,0.025598717916009317
linear FSM pilot+score NPE,101,0.65,-0.1695303095709046,0.45771863984370587,interior,0.3065347969532013,0.47275879979133606,0.11589345335960388,0.2707214534282684,0.47898535430431366,0.6583144783973693,0.031414443051407705,1.0,0.47977153314564563,0.11880711682394575,0.27217153403891836,0.4866417031226993,0.6625754244052587,0.007012733354309575,4.917842909864602e-05,0.0029136634643418674,0.0014500806106499398,0.0076563488183856165,0.004260946007889399,0.007067137609241576,0.933,0.9290012820839907,0.0039987179160093644
radial FSM pilot+score NPE,101,0.65,-0.1695303095709046,0.45771863984370587,interior,0.39147621393203735,0.4842539429664612,0.11722887307405472,0.2742630586028099,0.4916669875383377,0.6638920247554779,0.02747175542216511,1.0,0.47977153314564563,0.11880711682394575,0.27217153403891836,0.4866417031226993,0.6625754244052587,0.004482409820815547,2.0091997801743666e-05,0.0015782437498910312,0.002091524563891556,0.005025284415638431,0.001316600350219188,0.004782665005410874,0.9226,0.9290012820839907,0.006401282083990711
exact likelihood grid,102,0.65,-0.4213955516899669,0.3961828551470424,interior,nan,0.4154554703189747,0.12129254869593806,0.21518095120697125,0.4150289947106372,0.617899718447915,0.05501113640329338,0.0,0.4154554703189747,0.12129254869593806,0.21518095120697125,0.4150289947106372,0.617899718447915,0.0,0.0,0.0,0.0,0.0,0.0,0.0,0.9764610160373147,0.9764610160373147,0.0
pilot-only NPE,102,0.65,-0.4213955516899669,0.3961828551470424,interior,nan,0.40331873297691345,0.12572744488716125,0.1961348533630371,0.4018099009990692,0.6172594964504242,0.06085164750011534,0.0,0.4154554703189747,0.12129254869593806,0.21518095120697125,0.4150289947106372,0.617899718447915,0.012136737342061221,0.00014730039331018328,0.004434896191223198,0.019046097843934157,0.013219093711567986,0.0006402219974908085,0.012073661723008326,0.9798,0.9764610160373147,0.0033389839626852824
linear FSM pilot+score NPE,102,0.65,-0.4213955516899669,0.3961828551470424,interior,-0.014350071549415588,0.398402601480484,0.12124990671873093,0.19882415980100632,0.39745041728019714,0.611742326617241,0.06330125094178816,0.0,0.4154554703189747,0.12129254869593806,0.21518095120697125,0.4150289947106372,0.617899718447915,0.017052868838490665,0.00029080033562276593,4.26419772071307e-05,0.016356791405964938,0.017578577430440057,0.006157391830673986,0.016988158577999245,0.983,0.9764610160373147,0.006538983962685263
radial FSM pilot+score NPE,102,0.65,-0.4213955516899669,0.3961828551470424,interior,0.13993169367313385,0.41339120268821716,0.12344521284103394,0.20517562553286553,0.41330893337726593,0.6210491865873338,0.055983722965328345,0.0,0.4154554703189747,0.12129254869593806,0.21518095120697125,0.4150289947106372,0.617899718447915,0.0020642676307575103,4.261200851393225e-06,0.0021526641450958783,0.010005325674105725,0.00172006133337127,0.003149468139418743,0.0026515451364167897,0.9786,0.9764610160373147,0.0021389839626853036
exact likelihood grid,103,0.65,0.8168788209039679,0.6935733990493748,interior,nan,0.5828322603144509,0.08300837306947924,0.4252445191621709,0.5972750288416604,0.6895224971071224,0.0045115052544656906,1.0,0.5828322603144509,0.08300837306947924,0.4252445191621709,0.5972750288416604,0.6895224971071224,0.0,0.0,0.0,0.0,0.0,0.0,0.0,0.7535383908412143,0.7535383908412143,0.0
pilot-only NPE,103,0.65,0.8168788209039679,0.6935733990493748,interior,nan,0.5943782329559326,0.08256561309099197,0.43074614703655245,0.6129036545753479,0.6894172102212905,0.0030937809691045028,1.0,0.5828322603144509,0.08300837306947924,0.4252445191621709,0.5972750288416604,0.6895224971071224,0.011545972641481717,0.0001333094842378443,0.00044275997848726434,0.005501627874381576,0.015628625733687507,0.00010528688583189005,0.012202604876864406,0.7006,0.7535383908412143,0.05293839084121432
linear FSM pilot+score NPE,103,0.65,0.8168788209039679,0.6935733990493748,interior,0.16533485054969788,0.5776717066764832,0.08790744841098785,0.402070851624012,0.5967411994934082,0.6837972640991211,0.005231382015092695,1.0,0.5828322603144509,0.08300837306947924,0.4252445191621709,0.5972750288416604,0.6895224971071224,0.005160553637967746,2.663131385034214e-05,0.004899075341508616,0.02317366753815886,0.0005338293482521905,0.005725233008001318,0.005101742514608642,0.7732,0.7535383908412143,0.019661609158785676
radial FSM pilot+score NPE,103,0.65,0.8168788209039679,0.6935733990493748,interior,0.030840367078781128,0.5829431414604187,0.08855943381786346,0.412125526368618,0.6063130497932434,0.6881908655166626,0.00449662227719742,1.0,0.5828322603144509,0.08300837306947924,0.4252445191621709,0.5972750288416604,0.6895224971071224,0.00011088114596780052,1.2294628531132685e-08,0.005551060748384226,0.013118992793552886,0.009038020951583015,0.001331631590459792,0.005480170660333324,0.7486,0.7535383908412143,0.00493839084121428
exact likelihood grid,104,0.65,0.5962072123250135,0.6447880975829705,interior,nan,0.5548158063088883,0.09875955708647012,0.36978561320355047,0.5699870343999722,0.6860176385660163,0.009060030728627079,1.0,0.5548158063088883,0.09875955708647012,0.36978561320355047,0.5699870343999722,0.6860176385660163,0.0,0.0,0.0,0.0,0.0,0.0,0.0,0.8125378214113255,0.8125378214113255,0.0
pilot-only NPE,104,0.65,0.5962072123250135,0.6447880975829705,interior,nan,0.5629604458808899,0.09664826840162277,0.37325928807258607,0.5804138779640198,0.6853948950767517,0.0075758839812535015,1.0,0.5548158063088883,0.09875955708647012,0.36978561320355047,0.5699870343999722,0.6860176385660163,0.008144639572001622,6.633515375781476e-05,0.0021112886848473483,0.0034736748690356034,0.01042684356404755,0.00062274348926461,0.00862234600361469,0.799,0.8125378214113255,0.013537821411325424
linear FSM pilot+score NPE,104,0.65,0.5962072123250135,0.6447880975829705,interior,-0.2677410840988159,0.5515868663787842,0.10087253898382187,0.3619223922491074,0.5675686299800873,0.6838074952363968,0.009685144869147283,1.0,0.5548158063088883,0.09875955708647012,0.36978561320355047,0.5699870343999722,0.6860176385660163,0.003228939930104091,1.0426053072220612e-05,0.0021129818973517484,0.007863220954443084,0.0024184044198849453,0.0022101433296194406,0.0032768022589714087,0.8182,0.8125378214113255,0.005662178588674571
radial FSM pilot+score NPE,104,0.65,0.5962072123250135,0.6447880975829705,interior,-0.2662326693534851,0.5545585751533508,0.09994129836559296,0.3618594229221344,0.5756826400756836,0.6836693465709687,0.009109065576758587,1.0,0.5548158063088883,0.09875955708647012,0.36978561320355047,0.5699870343999722,0.6860176385660163,0.0002572311555374407,6.6167867379127e-08,0.001181741279122836,0.007926190281416057,0.005695605675711368,0.0023482919950476022,0.003443797338453635,0.825,0.8125378214113255,0.012462178588674488
exact likelihood grid,105,0.65,0.8472978603872034,0.7,right_boundary,nan,0.6438836967407102,0.0509494809734421,0.5411508707063111,0.6583253676838199,0.696784060648843,3.740916555959905e-05,1.0,0.6438836967407102,0.0509494809734421,0.5411508707063111,0.6583253676838199,0.696784060648843,0.0,0.0,0.0,0.0,0.0,0.0,0.0,0.43209284201422393,0.43209284201422393,0.0
pilot-only NPE,105,0.65,0.8472978603872034,0.7,right_boundary,nan,0.6008471250534058,0.07841028273105621,0.4390093952417374,0.6177664399147034,0.6900048166513443,0.002416005115515534,1.0,0.6438836967407102,0.0509494809734421,0.5411508707063111,0.6583253676838199,0.696784060648843,0.04303657168730446,0.0018521465025964957,0.02746080175761411,0.1021414754645737,0.040558927769116515,0.006779243997498741,0.0429732769448098,0.6856,0.43209284201422393,0.25350715798577605
linear FSM pilot+score NPE,105,0.65,0.8472978603872034,0.7,right_boundary,2.674323320388794,0.6288342475891113,0.05947135016322136,0.5125829935073852,0.6429980397224426,0.6922558665275573,0.0004479890751190406,1.0,0.6438836967407102,0.0509494809734421,0.5411508707063111,0.6583253676838199,0.696784060648843,0.015049449151598893,0.00022648591976656064,0.008521869189779256,0.02856787719892584,0.015327327961377257,0.004528194121285689,0.014986133708411098,0.5442,0.43209284201422393,0.11210715798577608
radial FSM pilot+score NPE,105,0.65,0.8472978603872034,0.7,right_boundary,2.744413375854492,0.6403315663337708,0.055851563811302185,0.5256237417459488,0.6556876003742218,0.6960478097200393,9.347860955827557e-05,1.0,0.6438836967407102,0.0509494809734421,0.5411508707063111,0.6583253676838199,0.696784060648843,0.003552130406939469,1.2617630427903957e-05,0.004902082837860082,0.015527128960362235,0.0026377673095980825,0.0007362509288036945,0.0034888104099568117,0.4478,0.43209284201422393,0.015707157985776043
exact likelihood grid,106,0.65,0.8472978603872034,0.7,right_boundary,nan,0.6015556341208992,0.07545470333358552,0.45480816535737495,0.6175955282423466,0.6925203671011083,0.0023468565854281895,1.0,0.6015556341208992,0.07545470333358552,0.45480816535737495,0.6175955282423466,0.6925203671011083,0.0,0.0,0.0,0.0,0.0,0.0,0.0,0.6795085712353937,0.6795085712353937,0.0
pilot-only NPE,106,0.65,0.8472978603872034,0.7,right_boundary,nan,0.6002126932144165,0.0799909457564354,0.436979578435421,0.6188681125640869,0.6897667139768601,0.0024787759169618106,1.0,0.6015556341208992,0.07545470333358552,0.45480816535737495,0.6175955282423466,0.6925203671011083,0.0013429409064826814,1.803490278304526e-06,0.004536242422849876,0.017828586921953937,0.0012725843217402666,0.0027536531242482454,0.0036801843705592603,0.6866,0.6795085712353937,0.007091428764606333
linear FSM pilot+score NPE,106,0.65,0.8472978603872034,0.7,right_boundary,0.6827255487442017,0.5905612111091614,0.07862680405378342,0.4392225295305252,0.6021296381950378,0.6871692448854446,0.0035329696248096835,1.0,0.6015556341208992,0.07545470333358552,0.45480816535737495,0.6175955282423466,0.6925203671011083,0.010994423011737808,0.00012087733736102986,0.0031721007201978985,0.015585635826849742,0.015465890047308806,0.005351122215663695,0.010930849711298261,0.7264,0.6795085712353937,0.04689142876460639
radial FSM pilot+score NPE,106,0.65,0.8472978603872034,0.7,right_boundary,0.4262382388114929,0.5943354368209839,0.07969194650650024,0.4396995469927788,0.6127212345600128,0.6895380198955536,0.003098543593910679,1.0,0.6015556341208992,0.07545470333358552,0.45480816535737495,0.6175955282423466,0.6925203671011083,0.007220197299915299,5.2131249049704165e-05,0.004237243172914726,0.01510861836459615,0.00487429368233383,0.0029823472055546807,0.007156615362762723,0.7118,0.6795085712353937,0.032291428764606334
exact likelihood grid,107,0.65,0.8472978603872034,0.7,right_boundary,nan,0.6117203095978213,0.0733689510560885,0.4658508100818906,0.6300858613271982,0.6942163545529662,0.001465334697286653,1.0,0.6117203095978213,0.0733689510560885,0.4658508100818906,0.6300858613271982,0.6942163545529662,0.0,0.0,0.0,0.0,0.0,0.0,0.0,0.6191745571746017,0.6191745571746017,0.0
pilot-only NPE,107,0.65,0.8472978603872034,0.7,right_boundary,nan,0.5991086959838867,0.08157221972942352,0.4300587624311447,0.6187114715576172,0.69040667116642,0.00258992482446047,1.0,0.6117203095978213,0.0733689510560885,0.4658508100818906,0.6300858613271982,0.6942163545529662,0.012611613613934591,0.00015905279794718033,0.008203268673335026,0.035792047650745895,0.01137438976958105,0.003809683386546192,0.012548230311622421,0.685,0.6191745571746017,0.06582544282539837
linear FSM pilot+score NPE,107,0.65,0.8472978603872034,0.7,right_boundary,0.9663400053977966,0.6000329256057739,0.07555528730154037,0.45372331142425537,0.6135245263576508,0.6895450443029404,0.0024967085235181254,1.0,0.6117203095978213,0.0733689510560885,0.4658508100818906,0.6300858613271982,0.6942163545529662,0.011687383992047384,0.00013659494457756544,0.002186336245451878,0.012127498657635238,0.01656133496954748,0.004671310250025762,0.011648104006796015,0.6888,0.6191745571746017,0.06962544282539829
radial FSM pilot+score NPE,107,0.65,0.8472978603872034,0.7,right_boundary,1.1258599758148193,0.6138994097709656,0.06963220983743668,0.47325789332389834,0.631129652261734,0.6927715241909027,0.0013032526148846573,1.0,0.6117203095978213,0.0733689510560885,0.4658508100818906,0.6300858613271982,0.6942163545529662,0.002179100173144266,4.748477564597371e-06,0.0037367412186518206,0.007407083242007728,0.001043790934535771,0.0014448303620634428,0.0031101920455993484,0.63,0.6191745571746017,0.010825442825398324
exact likelihood grid,108,0.65,0.8472978603872034,0.7,right_boundary,nan,0.6373756379496304,0.056592960640506076,0.5232028880548241,0.6533631942729254,0.696395648710675,0.00015937451717881347,1.0,0.6373756379496304,0.056592960640506076,0.5232028880548241,0.6533631942729254,0.696395648710675,0.0,0.0,0.0,0.0,0.0,0.0,0.0,0.4744296913806546,0.4744296913806546,0.0
pilot-only NPE,108,0.65,0.8472978603872034,0.7,right_boundary,nan,0.5996137857437134,0.07975100725889206,0.4337342843413353,0.6180020570755005,0.6910405427217483,0.0025387705870804234,1.0,0.6373756379496304,0.056592960640506076,0.5232028880548241,0.6533631942729254,0.696395648710675,0.03776185220591699,0.0014259574820215178,0.023158046618385983,0.08946860371348875,0.03536113719742495,0.005355105988926745,0.03769864853596205,0.6898,0.4744296913806546,0.21537030861934536
linear FSM pilot+score NPE,108,0.65,0.8472978603872034,0.7,right_boundary,1.9825503826141357,0.6210406422615051,0.0658951997756958,0.4846141546964645,0.6375845372676849,0.6919215321540833,0.0008386444006261242,1.0,0.6373756379496304,0.056592960640506076,0.5232028880548241,0.6533631942729254,0.696395648710675,0.016334995688125242,0.00026683208413107027,0.009302239135189724,0.03858873335835955,0.015778657005240504,0.004474116556591801,0.01627560331922847,0.5876,0.4744296913806546,0.1131703086193454
radial FSM pilot+score NPE,108,0.65,0.8472978603872034,0.7,right_boundary,1.983783483505249,0.6325646042823792,0.05861324071884155,0.5133533209562302,0.6481740176677704,0.6951711207628251,0.00030399302383003225,1.0,0.6373756379496304,0.056592960640506076,0.5232028880548241,0.6533631942729254,0.696395648710675,0.004811033667251219,2.314604494742471e-05,0.0020202800783354763,0.009849567098593859,0.005189176605155055,0.001224527947849996,0.004761481126838927,0.515,0.4744296913806546,0.04057030861934541
exact likelihood grid,109,0.65,-0.33582381461979127,0.4168242777474754,interior,nan,0.40168630521521664,0.12186191127542215,0.20378720739286904,0.39935767396082483,0.6084282524764592,0.061659691017670555,0.0,0.40168630521521664,0.12186191127542215,0.20378720739286904,0.39935767396082483,0.6084282524764592,0.0,0.0,0.0,0.0,0.0,0.0,0.0,0.9804978323866057,0.9804978323866057,0.0
pilot-only NPE,109,0.65,-0.33582381461979127,0.4168242777474754,interior,nan,0.4106217920780182,0.12432189285755157,0.20641940757632254,0.413005992770195,0.6180677831172944,0.05730192642793957,0.0,0.40168630521521664,0.12186191127542215,0.20378720739286904,0.39935767396082483,0.6084282524764592,0.008935486862801545,7.984292547529899e-05,0.002459981582129428,0.0026322001834535036,0.013648318809370175,0.009639530640835225,0.009773801321374058,0.9814,0.9804978323866057,0.0009021676133943446
linear FSM pilot+score NPE,109,0.65,-0.33582381461979127,0.4168242777474754,interior,-0.37882304191589355,0.3918779790401459,0.1247287169098854,0.1856074810028076,0.3893052339553833,0.6040210723876953,0.06662697770439939,0.0,0.40168630521521664,0.12186191127542215,0.20378720739286904,0.39935767396082483,0.6084282524764592,0.00980832617507077,9.62032623565784e-05,0.0028668056344632598,0.018179726390061435,0.010052440005441532,0.00440718008876384,0.009748150285239775,0.987,0.9804978323866057,0.006502167613394283
radial FSM pilot+score NPE,109,0.65,-0.33582381461979127,0.4168242777474754,interior,-0.33205145597457886,0.39956849813461304,0.1267230063676834,0.18934463039040567,0.40102119743824005,0.610749962925911,0.06271593712655332,0.0,0.40168630521521664,0.12186191127542215,0.20378720739286904,0.39935767396082483,0.6084282524764592,0.0021178070806036065,4.48510683065477e-06,0.004861095092261264,0.014442577002463375,0.0016635234774152186,0.0023217104494518415,0.0049382779108228195,0.983,0.9804978323866057,0.0025021676133942794
exact likelihood grid,100,0.68,0.3503874877909888,0.5867115405424143,interior,nan,0.5668529316649256,0.0945064445747044,0.3871618147012727,0.5834433116889508,0.688141466029115,0.012802259072822016,1.0,0.5668529316649256,0.0945064445747044,0.3871618147012727,0.5834433116889508,0.688141466029115,0.0,0.0,0.0,0.0,0.0,0.0,0.0,0.9149425286959412,0.9149425286959412,0.0
pilot-only NPE,100,0.68,0.3503874877909888,0.5867115405424143,interior,nan,0.5288293361663818,0.10736746340990067,0.3283852696418762,0.5439331531524658,0.6780304908752441,0.022852569603896807,0.0,0.5668529316649256,0.0945064445747044,0.3871618147012727,0.5834433116889508,0.688141466029115,0.03802359549854373,0.0014457938146368748,0.012861018835196261,0.0587765450593965,0.039510158536484985,0.010110975153870827,0.037959946797562205,0.9572,0.9149425286959412,0.04225747130405888
linear FSM pilot+score NPE,100,0.68,0.3503874877909888,0.5867115405424143,interior,0.42139336466789246,0.5527933835983276,0.09515430778265,0.37143123149871826,0.5653771460056305,0.6812926828861237,0.016181523256362233,1.0,0.5668529316649256,0.0945064445747044,0.3871618147012727,0.5834433116889508,0.688141466029115,0.014059548066597927,0.0001976708918369775,0.0006478632079455898,0.015730583202554438,0.018066165683320312,0.00684878314299131,0.014009053550216248,0.9448,0.9149425286959412,0.029857471304058802
radial FSM pilot+score NPE,100,0.68,0.3503874877909888,0.5867115405424143,interior,0.6380938291549683,0.5670657157897949,0.09240265190601349,0.3871112123131752,0.5840059220790863,0.6836510062217712,0.012754152550071387,1.0,0.5668529316649256,0.0945064445747044,0.3871618147012727,0.5834433116889508,0.688141466029115,0.0002127841248693585,4.527708379641875e-08,0.0021037926686909153,5.0602388097509277e-05,0.0005626103901354984,0.00449045980734375,0.0029106354442148493,0.9312,0.9149425286959412,0.016257471304058857
exact likelihood grid,101,0.68,0.028554725282601525,0.5071381963032586,interior,nan,0.5130912706351298,0.10951901843771436,0.3169460167927478,0.522848311789456,0.6739365810875575,0.027858523938195493,0.0,0.5130912706351298,0.10951901843771436,0.3169460167927478,0.522848311789456,0.6739365810875575,0.0,0.0,0.0,0.0,0.0,0.0,0.0,0.962604449965362,0.962604449965362,0.0
pilot-only NPE,101,0.68,0.028554725282601525,0.5071381963032586,interior,nan,0.48410001397132874,0.11875253915786743,0.2724587097764015,0.49495595693588257,0.6600808888673783,0.03837680452603361,0.0,0.5130912706351298,0.10951901843771436,0.3169460167927478,0.522848311789456,0.6739365810875575,0.02899125666380109,0.0008404929629463911,0.009233520720153071,0.04448730701634629,0.027892354853573442,0.013855692220179239,0.028927228542247087,0.9818,0.962604449965362,0.01919555003463802
linear FSM pilot+score NPE,101,0.68,0.028554725282601525,0.5071381963032586,interior,0.26703739166259766,0.5048955082893372,0.10804633796215057,0.31545403599739075,0.5139019191265106,0.6697448760271072,0.03066158301724961,0.0,0.5130912706351298,0.10951901843771436,0.3169460167927478,0.522848311789456,0.6739365810875575,0.008195762345792668,6.717052042871292e-05,0.0014726804755637868,0.0014919807953570619,0.00894639266294539,0.0041917050604503014,0.008161939279073084,0.9736,0.962604449965362,0.010995550034638035
radial FSM pilot+score NPE,101,0.68,0.028554725282601525,0.5071381963032586,interior,0.3712180256843567,0.5160793662071228,0.11067763715982437,0.3145379960536957,0.527729332447052,0.6737497121095658,0.02686997418305857,0.0,0.5130912706351298,0.10951901843771436,0.3169460167927478,0.522848311789456,0.6739365810875575,0.002988095571992977,8.928715147364037e-06,0.0011586187221100108,0.002408020739052108,0.004881020657595991,0.00018686897799169433,0.003861221715965302,0.9674,0.962604449965362,0.004795550034638052
exact likelihood grid,102,0.68,-0.4213955516899669,0.3961828551470424,interior,nan,0.4154554703189747,0.12129254869593806,0.21518095120697125,0.4150289947106372,0.617899718447915,0.06998380818415492,0.0,0.4154554703189747,0.12129254869593806,0.21518095120697125,0.4150289947106372,0.617899718447915,0.0,0.0,0.0,0.0,0.0,0.0,0.0,0.992708028524906,0.992708028524906,0.0
pilot-only NPE,102,0.68,-0.4213955516899669,0.3961828551470424,interior,nan,0.40331873297691345,0.12572744488716125,0.1961348533630371,0.4018099009990692,0.6172594964504242,0.07655252352150055,0.0,0.4154554703189747,0.12129254869593806,0.21518095120697125,0.4150289947106372,0.617899718447915,0.012136737342061221,0.00014730039331018328,0.004434896191223198,0.019046097843934157,0.013219093711567986,0.0006402219974908085,0.012073661723008326,0.9944,0.992708028524906,0.001691971475093923
linear FSM pilot+score NPE,102,0.68,-0.4213955516899669,0.3961828551470424,interior,-0.014350071549415588,0.398402601480484,0.12124990671873093,0.19882415980100632,0.39745041728019714,0.611742326617241,0.07929709485295913,0.0,0.4154554703189747,0.12129254869593806,0.21518095120697125,0.4150289947106372,0.617899718447915,0.017052868838490665,0.00029080033562276593,4.26419772071307e-05,0.016356791405964938,0.017578577430440057,0.006157391830673986,0.016988158577999245,0.9972,0.992708028524906,0.004491971475093948
radial FSM pilot+score NPE,102,0.68,-0.4213955516899669,0.3961828551470424,interior,0.13993169367313385,0.41339120268821716,0.12344521284103394,0.20517562553286553,0.41330893337726593,0.6210491865873338,0.07108025080403534,0.0,0.4154554703189747,0.12129254869593806,0.21518095120697125,0.4150289947106372,0.617899718447915,0.0020642676307575103,4.261200851393225e-06,0.0021526641450958783,0.010005325674105725,0.00172006133337127,0.003149468139418743,0.0026515451364167897,0.9964,0.992708028524906,0.0036919714750939248
exact likelihood grid,103,0.68,0.8472978603872034,0.7,right_boundary,nan,0.5964647614724545,0.07801068458760448,0.4455163371694125,0.6123979284246437,0.6918810085101789,0.006978136075853925,1.0,0.5964647614724545,0.07801068458760448,0.4455163371694125,0.6123979284246437,0.6918810085101789,0.0,0.0,0.0,0.0,0.0,0.0,0.0,0.8772519114386467,0.8772519114386467,0.0
pilot-only NPE,103,0.68,0.8472978603872034,0.7,right_boundary,nan,0.5989825129508972,0.08075357228517532,0.4365508362650871,0.6178719103336334,0.6900340169668198,0.006563833207751545,1.0,0.5964647614724545,0.07801068458760448,0.4455163371694125,0.6123979284246437,0.6918810085101789,0.002517751478442687,6.3390725072003355e-06,0.0027428876975708477,0.008965500904325407,0.0054739819089897335,0.0018469915433591,0.004938967971453845,0.8608,0.8772519114386467,0.01645191143864666
linear FSM pilot+score NPE,103,0.68,0.8472978603872034,0.7,right_boundary,0.7011699080467224,0.5915785431861877,0.07952070981264114,0.43675326704978945,0.6061971485614777,0.6871015846729278,0.007818354025076874,1.0,0.5964647614724545,0.07801068458760448,0.4455163371694125,0.6123979284246437,0.6918810085101789,0.004886218286266786,2.3875129141047923e-05,0.001510025225036668,0.008763070119623073,0.006200779863166028,0.004779423837251051,0.0048298523517755305,0.8968,0.8772519114386467,0.01954808856135337
radial FSM pilot+score NPE,103,0.68,0.8472978603872034,0.7,right_boundary,0.5676132440567017,0.5959312915802002,0.08101940900087357,0.43565748184919356,0.6161745488643646,0.6900801151990891,0.007067547735373327,1.0,0.5964647614724545,0.07801068458760448,0.4455163371694125,0.6123979284246437,0.6918810085101789,0.0005334698922543346,2.8459012594185136e-07,0.00300872441326909,0.009858855320218962,0.0037766204397209346,0.0018008933110897907,0.0031294920090141837,0.8714,0.8772519114386467,0.0058519114386467175
exact likelihood grid,104,0.68,0.5962072123250135,0.6447880975829705,interior,nan,0.5548158063088883,0.09875955708647012,0.36978561320355047,0.5699870343999722,0.6860176385660163,0.01567108235009379,1.0,0.5548158063088883,0.09875955708647012,0.36978561320355047,0.5699870343999722,0.6860176385660163,0.0,0.0,0.0,0.0,0.0,0.0,0.0,0.9277970425516963,0.9277970425516963,0.0
pilot-only NPE,104,0.68,0.5962072123250135,0.6447880975829705,interior,nan,0.5629604458808899,0.09664826840162277,0.37325928807258607,0.5804138779640198,0.6853948950767517,0.013698257228400115,1.0,0.5548158063088883,0.09875955708647012,0.36978561320355047,0.5699870343999722,0.6860176385660163,0.008144639572001622,6.633515375781476e-05,0.0021112886848473483,0.0034736748690356034,0.01042684356404755,0.00062274348926461,0.00862234600361469,0.9234,0.9277970425516963,0.004397042551696262
linear FSM pilot+score NPE,104,0.68,0.5962072123250135,0.6447880975829705,interior,-0.2677410840988159,0.5515868663787842,0.10087253898382187,0.3619223922491074,0.5675686299800873,0.6838074952363968,0.01648993288642024,1.0,0.5548158063088883,0.09875955708647012,0.36978561320355047,0.5699870343999722,0.6860176385660163,0.003228939930104091,1.0426053072220612e-05,0.0021129818973517484,0.007863220954443084,0.0024184044198849453,0.0022101433296194406,0.0032768022589714087,0.9304,0.9277970425516963,0.0026029574483037443
radial FSM pilot+score NPE,104,0.68,0.5962072123250135,0.6447880975829705,interior,-0.2662326693534851,0.5545585751533508,0.09994129836559296,0.3618594229221344,0.5756826400756836,0.6836693465709687,0.015735551067557543,1.0,0.5548158063088883,0.09875955708647012,0.36978561320355047,0.5699870343999722,0.6860176385660163,0.0002572311555374407,6.6167867379127e-08,0.001181741279122836,0.007926190281416057,0.005695605675711368,0.0023482919950476022,0.003443797338453635,0.935,0.9277970425516963,0.007202957448303793
exact likelihood grid,105,0.68,0.8472978603872034,0.7,right_boundary,nan,0.6438836967407102,0.0509494809734421,0.5411508707063111,0.6583253676838199,0.696784060648843,0.0013043873611169891,1.0,0.6438836967407102,0.0509494809734421,0.5411508707063111,0.6583253676838199,0.696784060648843,0.0,0.0,0.0,0.0,0.0,0.0,0.0,0.72258688448288,0.72258688448288,0.0
pilot-only NPE,105,0.68,0.8472978603872034,0.7,right_boundary,nan,0.6008471250534058,0.07841028273105621,0.4390093952417374,0.6177664399147034,0.6900048166513443,0.006265177612311193,1.0,0.6438836967407102,0.0509494809734421,0.5411508707063111,0.6583253676838199,0.696784060648843,0.04303657168730446,0.0018521465025964957,0.02746080175761411,0.1021414754645737,0.040558927769116515,0.006779243997498741,0.0429732769448098,0.8714,0.72258688448288,0.14881311551711995
linear FSM pilot+score NPE,105,0.68,0.8472978603872034,0.7,right_boundary,2.674323320388794,0.6288342475891113,0.05947135016322136,0.5125829935073852,0.6429980397224426,0.6922558665275573,0.002617934219772365,1.0,0.6438836967407102,0.0509494809734421,0.5411508707063111,0.6583253676838199,0.696784060648843,0.015049449151598893,0.00022648591976656064,0.008521869189779256,0.02856787719892584,0.015327327961377257,0.004528194121285689,0.014986133708411098,0.8052,0.72258688448288,0.08261311551712003
radial FSM pilot+score NPE,105,0.68,0.8472978603872034,0.7,right_boundary,2.744413375854492,0.6403315663337708,0.055851563811302185,0.5256237417459488,0.6556876003742218,0.6960478097200393,0.001573584629532034,1.0,0.6438836967407102,0.0509494809734421,0.5411508707063111,0.6583253676838199,0.696784060648843,0.003552130406939469,1.2617630427903957e-05,0.004902082837860082,0.015527128960362235,0.0026377673095980825,0.0007362509288036945,0.0034888104099568117,0.7454,0.72258688448288,0.022813115517119953
exact likelihood grid,106,0.68,0.8472978603872034,0.7,right_boundary,nan,0.6015556341208992,0.07545470333358552,0.45480816535737495,0.6175955282423466,0.6925203671011083,0.006153518538174244,1.0,0.6015556341208992,0.07545470333358552,0.45480816535737495,0.6175955282423466,0.6925203671011083,0.0,0.0,0.0,0.0,0.0,0.0,0.0,0.8674345839733726,0.8674345839733726,0.0
pilot-only NPE,106,0.68,0.8472978603872034,0.7,right_boundary,nan,0.6002126932144165,0.0799909457564354,0.436979578435421,0.6188681125640869,0.6897667139768601,0.006366014324096826,1.0,0.6015556341208992,0.07545470333358552,0.45480816535737495,0.6175955282423466,0.6925203671011083,0.0013429409064826814,1.803490278304526e-06,0.004536242422849876,0.017828586921953937,0.0012725843217402666,0.0027536531242482454,0.0036801843705592603,0.8714,0.8674345839733726,0.003965416026627366
linear FSM pilot+score NPE,106,0.68,0.8472978603872034,0.7,right_boundary,0.6827255487442017,0.5905612111091614,0.07862680405378342,0.4392225295305252,0.6021296381950378,0.6871692448854446,0.007999296958260007,1.0,0.6015556341208992,0.07545470333358552,0.45480816535737495,0.6175955282423466,0.6925203671011083,0.010994423011737808,0.00012087733736102986,0.0031721007201978985,0.015585635826849742,0.015465890047308806,0.005351122215663695,0.010930849711298261,0.897,0.8674345839733726,0.029565416026627434
radial FSM pilot+score NPE,106,0.68,0.8472978603872034,0.7,right_boundary,0.4262382388114929,0.5943354368209839,0.07969194650650024,0.4396995469927788,0.6127212345600128,0.6895380198955536,0.0073384173846516515,1.0,0.6015556341208992,0.07545470333358552,0.45480816535737495,0.6175955282423466,0.6925203671011083,0.007220197299915299,5.2131249049704165e-05,0.004237243172914726,0.01510861836459615,0.00487429368233383,0.0029823472055546807,0.007156615362762723,0.8852,0.8674345839733726,0.0177654160266274
exact likelihood grid,107,0.68,0.8472978603872034,0.7,right_boundary,nan,0.6117203095978213,0.0733689510560885,0.4658508100818906,0.6300858613271982,0.6942163545529662,0.00466211612141738,1.0,0.6117203095978213,0.0733689510560885,0.4658508100818906,0.6300858613271982,0.6942163545529662,0.0,0.0,0.0,0.0,0.0,0.0,0.0,0.8336186805514024,0.8336186805514024,0.0
pilot-only NPE,107,0.68,0.8472978603872034,0.7,right_boundary,nan,0.5991086959838867,0.08157221972942352,0.4300587624311447,0.6187114715576172,0.69040667116642,0.006543403065427273,1.0,0.6117203095978213,0.0733689510560885,0.4658508100818906,0.6300858613271982,0.6942163545529662,0.012611613613934591,0.00015905279794718033,0.008203268673335026,0.035792047650745895,0.01137438976958105,0.003809683386546192,0.012548230311622421,0.8648,0.8336186805514024,0.03118131944859759
linear FSM pilot+score NPE,107,0.68,0.8472978603872034,0.7,right_boundary,0.9663400053977966,0.6000329256057739,0.07555528730154037,0.45372331142425537,0.6135245263576508,0.6895450443029404,0.006394732987171695,1.0,0.6117203095978213,0.0733689510560885,0.4658508100818906,0.6300858613271982,0.6942163545529662,0.011687383992047384,0.00013659494457756544,0.002186336245451878,0.012127498657635238,0.01656133496954748,0.004671310250025762,0.011648104006796015,0.8672,0.8336186805514024,0.033581319448597546
radial FSM pilot+score NPE,107,0.68,0.8472978603872034,0.7,right_boundary,1.1258599758148193,0.6138994097709656,0.06963220983743668,0.47325789332389834,0.631129652261734,0.6927715241909027,0.0043692880286267275,1.0,0.6117203095978213,0.0733689510560885,0.4658508100818906,0.6300858613271982,0.6942163545529662,0.002179100173144266,4.748477564597371e-06,0.0037367412186518206,0.007407083242007728,0.001043790934535771,0.0014448303620634428,0.0031101920455993484,0.8304,0.8336186805514024,0.0032186805514023975
exact likelihood grid,108,0.68,0.8472978603872034,0.7,right_boundary,nan,0.6373756379496304,0.056592960640506076,0.5232028880548241,0.6533631942729254,0.696395648710675,0.001816836240200995,1.0,0.6373756379496304,0.056592960640506076,0.5232028880548241,0.6533631942729254,0.696395648710675,0.0,0.0,0.0,0.0,0.0,0.0,0.0,0.7487177268462452,0.7487177268462452,0.0
pilot-only NPE,108,0.68,0.8472978603872034,0.7,right_boundary,nan,0.5996137857437134,0.07975100725889206,0.4337342843413353,0.6180020570755005,0.6910405427217483,0.0064619434424576265,1.0,0.6373756379496304,0.056592960640506076,0.5232028880548241,0.6533631942729254,0.696395648710675,0.03776185220591699,0.0014259574820215178,0.023158046618385983,0.08946860371348875,0.03536113719742495,0.005355105988926745,0.03769864853596205,0.8716,0.7487177268462452,0.12288227315375488
linear FSM pilot+score NPE,108,0.68,0.8472978603872034,0.7,right_boundary,1.9825503826141357,0.6210406422615051,0.0658951997756958,0.4846141546964645,0.6375845372676849,0.6919215321540833,0.003476205864935821,1.0,0.6373756379496304,0.056592960640506076,0.5232028880548241,0.6533631942729254,0.696395648710675,0.016334995688125242,0.00026683208413107027,0.009302239135189724,0.03858873335835955,0.015778657005240504,0.004474116556591801,0.01627560331922847,0.8236,0.7487177268462452,0.07488227315375484
radial FSM pilot+score NPE,108,0.68,0.8472978603872034,0.7,right_boundary,1.983783483505249,0.6325646042823792,0.05861324071884155,0.5133533209562302,0.6481740176677704,0.6951711207628251,0.002250116766887287,1.0,0.6373756379496304,0.056592960640506076,0.5232028880548241,0.6533631942729254,0.696395648710675,0.004811033667251219,2.314604494742471e-05,0.0020202800783354763,0.009849567098593859,0.005189176605155055,0.001224527947849996,0.004761481126838927,0.789,0.7487177268462452,0.04028227315375488
exact likelihood grid,109,0.68,-0.12810331695016422,0.468017895558102,interior,nan,0.4505683339640377,0.12069386530928967,0.2464755416117598,0.453088767883901,0.6458789684610259,0.05263888938003735,0.0,0.4505683339640377,0.12069386530928967,0.2464755416117598,0.453088767883901,0.6458789684610259,0.0,0.0,0.0,0.0,0.0,0.0,0.0,0.9851043114676541,0.9851043114676541,0.0
pilot-only NPE,109,0.68,-0.12810331695016422,0.468017895558102,interior,nan,0.45903173089027405,0.12326589971780777,0.24346129670739175,0.4651538133621216,0.6515451967716218,0.04882697595334829,0.0,0.4505683339640377,0.12069386530928967,0.2464755416117598,0.453088767883901,0.6458789684610259,0.008463396926236322,7.162908753102641e-05,0.002572034408518095,0.003014244904368052,0.01206504547822057,0.005666228310595933,0.00905567616108429,0.985,0.9851043114676541,0.0001043114676541057
linear FSM pilot+score NPE,109,0.68,-0.12810331695016422,0.468017895558102,interior,-0.285549134016037,0.44196781516075134,0.12298248708248138,0.2305142790079117,0.44742196798324585,0.6423685371875764,0.05665932101934626,0.0,0.4505683339640377,0.12069386530928967,0.2464755416117598,0.453088767883901,0.6458789684610259,0.008600518803286383,7.396892368568264e-05,0.0022886217731917097,0.015961262603848114,0.005666799900655162,0.0035104312734495213,0.008535942427085315,0.9934,0.9851043114676541,0.008295688532345857
radial FSM pilot+score NPE,109,0.68,-0.12810331695016422,0.468017895558102,interior,-0.2268344759941101,0.44963008165359497,0.12242391705513,0.24034479707479478,0.4553997814655304,0.6439443349838258,0.053070299278929346,0.0,0.4505683339640377,0.12069386530928967,0.2464755416117598,0.453088767883901,0.6458789684610259,0.0009382523104427554,8.803173980511686e-07,0.0017300517458403303,0.0061307445369650215,0.002311013581629384,0.0019346334772001317,0.003160980906966136,0.989,0.9851043114676541,0.003895688532345898
